2026-06-12T16:16:10 helper started
2026-06-12T16:16:10 parent_pid 0
2026-06-12T16:16:10 installer_path /tmp/tmpdnbcgcoz/tks-to-kintone-setup.exe
2026-06-12T16:16:10 app_exe_path /tmp/tmpdnbcgcoz/tks-to-kintone.exe
2026-06-12T16:16:10 waiting parent process
2026-06-12T16:16:10 parent process exited
2026-06-12T16:16:10 installer exists true
2026-06-12T16:16:10 installer start
2026-06-12T16:16:10 installer args: (通常起動)
2026-06-12T16:16:10 installer exit code 1
2026-06-12T16:16:10 インストーラが異常終了したため再起動しません。
2026-06-12T16:16:10 helper started
2026-06-12T16:16:10 parent_pid 0
2026-06-12T16:16:10 installer_path /tmp/tmp7s2an7x5/tks-to-kintone-setup.exe
2026-06-12T16:16:10 app_exe_path /tmp/tmp7s2an7x5/tks-to-kintone.exe
2026-06-12T16:16:10 waiting parent process
2026-06-12T16:16:10 parent process exited
2026-06-12T16:16:10 installer exists true
2026-06-12T16:16:10 installer start
2026-06-12T16:16:10 installer args: (通常起動)
2026-06-12T16:16:10 installer exit code 0
2026-06-12T16:16:10 app restart: /tmp/tmp7s2an7x5/tks-to-kintone.exe
2026-06-12T16:16:10 helper finished
2026-06-12T16:16:10 helper started
2026-06-12T16:16:10 parent_pid 0
2026-06-12T16:16:10 installer_path /tmp/tmp2p9oi98x/missing-setup.exe
2026-06-12T16:16:10 app_exe_path /tmp/tmp2p9oi98x/tks-to-kintone.exe
2026-06-12T16:16:10 waiting parent process
2026-06-12T16:16:10 parent process exited
2026-06-12T16:16:10 installer exists false
2026-06-12T16:16:10 インストーラが見つかりません: /tmp/tmp2p9oi98x/missing-setup.exe
2026-06-12T16:16:13 helper started
2026-06-12T16:16:13 parent_pid 0
2026-06-12T16:16:13 installer_path /tmp/tmpalgwx9ud/tks-to-kintone-setup.exe
2026-06-12T16:16:13 app_exe_path /tmp/tmpalgwx9ud/tks-to-kintone.exe
2026-06-12T16:16:13 waiting parent process
2026-06-12T16:16:13 parent process exited
2026-06-12T16:16:13 installer exists true
2026-06-12T16:16:13 installer start
2026-06-12T16:16:13 installer args: (通常起動)
2026-06-12T16:16:13 installer exit code 1
2026-06-12T16:16:13 インストーラが異常終了したため再起動しません。
2026-06-12T16:16:13 helper started
2026-06-12T16:16:13 parent_pid 0
2026-06-12T16:16:13 installer_path /tmp/tmpbxp574iz/tks-to-kintone-setup.exe
2026-06-12T16:16:13 app_exe_path /tmp/tmpbxp574iz/tks-to-kintone.exe
2026-06-12T16:16:13 waiting parent process
2026-06-12T16:16:13 parent process exited
2026-06-12T16:16:13 installer exists true
2026-06-12T16:16:13 installer start
2026-06-12T16:16:13 installer args: (通常起動)
2026-06-12T16:16:13 installer exit code 0
2026-06-12T16:16:13 app restart: /tmp/tmpbxp574iz/tks-to-kintone.exe
2026-06-12T16:16:13 helper finished
2026-06-12T16:16:13 helper started
2026-06-12T16:16:13 parent_pid 0
2026-06-12T16:16:13 installer_path /tmp/tmpw1wquv_x/missing-setup.exe
2026-06-12T16:16:13 app_exe_path /tmp/tmpw1wquv_x/tks-to-kintone.exe
2026-06-12T16:16:13 waiting parent process
2026-06-12T16:16:13 parent process exited
2026-06-12T16:16:13 installer exists false
2026-06-12T16:16:13 インストーラが見つかりません: /tmp/tmpw1wquv_x/missing-setup.exe
2026-06-12T16:26:30 helper started
2026-06-12T16:26:30 helper_executable_path /home/admin/codex-work/TksToKintone/app/update_helper.py
2026-06-12T16:26:30 current_working_directory /home/admin/codex-work/TksToKintone
2026-06-12T16:26:30 parent_pid 0
2026-06-12T16:26:30 installer_path /tmp/tmpenihs89s/tks-to-kintone-setup.exe
2026-06-12T16:26:30 app_exe_path /tmp/tmpenihs89s/tks-to-kintone.exe
2026-06-12T16:26:30 waiting parent process
2026-06-12T16:26:30 parent process exited
2026-06-12T16:26:30 installer exists true
2026-06-12T16:26:30 installer start
2026-06-12T16:26:30 installer args: (通常起動)
2026-06-12T16:26:30 installer exit code 1
2026-06-12T16:26:30 インストーラが異常終了したため再起動しません。
2026-06-12T16:26:30 helper started
2026-06-12T16:26:30 helper_executable_path /home/admin/codex-work/TksToKintone/app/update_helper.py
2026-06-12T16:26:30 current_working_directory /home/admin/codex-work/TksToKintone
2026-06-12T16:26:30 parent_pid 0
2026-06-12T16:26:30 installer_path /tmp/tmpja8ituo6/tks-to-kintone-setup.exe
2026-06-12T16:26:30 app_exe_path /tmp/tmpja8ituo6/tks-to-kintone.exe
2026-06-12T16:26:30 waiting parent process
2026-06-12T16:26:30 parent process exited
2026-06-12T16:26:30 installer exists true
2026-06-12T16:26:30 installer start
2026-06-12T16:26:30 installer args: (通常起動)
2026-06-12T16:26:30 installer exit code 0
2026-06-12T16:26:30 app restart: /tmp/tmpja8ituo6/tks-to-kintone.exe
2026-06-12T16:26:30 helper finished
2026-06-12T16:26:30 helper started
2026-06-12T16:26:30 helper_executable_path /home/admin/codex-work/TksToKintone/app/update_helper.py
2026-06-12T16:26:30 current_working_directory /home/admin/codex-work/TksToKintone
2026-06-12T16:26:30 parent_pid 0
2026-06-12T16:26:30 installer_path /tmp/tmp33g74szb/missing-setup.exe
2026-06-12T16:26:30 app_exe_path /tmp/tmp33g74szb/tks-to-kintone.exe
2026-06-12T16:26:30 waiting parent process
2026-06-12T16:26:30 parent process exited
2026-06-12T16:26:30 installer exists false
2026-06-12T16:26:30 インストーラが見つかりません: /tmp/tmp33g74szb/missing-setup.exe
2026-06-15T08:37:40 helper started
2026-06-15T08:37:40 helper_executable_path /home/admin/codex-work/TksToKintone/app/update_helper.py
2026-06-15T08:37:40 current_working_directory /home/admin/codex-work/TksToKintone
2026-06-15T08:37:40 parent_pid 0
2026-06-15T08:37:40 installer_path /tmp/tmp7sa2zo68/tks-to-kintone-setup.exe
2026-06-15T08:37:40 app_exe_path /tmp/tmp7sa2zo68/tks-to-kintone.exe
2026-06-15T08:37:40 waiting parent process
2026-06-15T08:37:40 parent process exited
2026-06-15T08:37:40 installer exists true
2026-06-15T08:37:40 installer start
2026-06-15T08:37:40 installer args: (通常起動)
2026-06-15T08:37:40 installer exit code 1
2026-06-15T08:37:40 インストーラが異常終了したため再起動しません。
2026-06-15T08:37:40 helper started
2026-06-15T08:37:40 helper_executable_path /home/admin/codex-work/TksToKintone/app/update_helper.py
2026-06-15T08:37:40 current_working_directory /home/admin/codex-work/TksToKintone
2026-06-15T08:37:40 parent_pid 0
2026-06-15T08:37:40 installer_path /tmp/tmpz5y_3zpz/tks-to-kintone-setup.exe
2026-06-15T08:37:40 app_exe_path /tmp/tmpz5y_3zpz/tks-to-kintone.exe
2026-06-15T08:37:40 waiting parent process
2026-06-15T08:37:40 parent process exited
2026-06-15T08:37:40 installer exists true
2026-06-15T08:37:40 installer start
2026-06-15T08:37:40 installer args: (通常起動)
2026-06-15T08:37:40 installer exit code 0
2026-06-15T08:37:40 app restart: /tmp/tmpz5y_3zpz/tks-to-kintone.exe
2026-06-15T08:37:40 helper finished
2026-06-15T08:37:40 helper started
2026-06-15T08:37:40 helper_executable_path /home/admin/codex-work/TksToKintone/app/update_helper.py
2026-06-15T08:37:40 current_working_directory /home/admin/codex-work/TksToKintone
2026-06-15T08:37:40 parent_pid 0
2026-06-15T08:37:40 installer_path /tmp/tmpqti_m8zg/missing-setup.exe
2026-06-15T08:37:40 app_exe_path /tmp/tmpqti_m8zg/tks-to-kintone.exe
2026-06-15T08:37:40 waiting parent process
2026-06-15T08:37:40 parent process exited
2026-06-15T08:37:40 installer exists false
2026-06-15T08:37:40 インストーラが見つかりません: /tmp/tmpqti_m8zg/missing-setup.exe
2026-06-15T08:39:02 helper started
2026-06-15T08:39:02 helper_executable_path /home/admin/codex-work/TksToKintone/app/update_helper.py
2026-06-15T08:39:02 current_working_directory /home/admin/codex-work/TksToKintone
2026-06-15T08:39:02 parent_pid 0
2026-06-15T08:39:02 installer_path /tmp/tmpty6t4pq8/tks-to-kintone-setup.exe
2026-06-15T08:39:02 app_exe_path /tmp/tmpty6t4pq8/tks-to-kintone.exe
2026-06-15T08:39:02 waiting parent process
2026-06-15T08:39:02 parent process exited
2026-06-15T08:39:02 installer exists true
2026-06-15T08:39:02 installer start
2026-06-15T08:39:02 installer args: (通常起動)
2026-06-15T08:39:02 installer exit code 1
2026-06-15T08:39:02 インストーラが異常終了したため再起動しません。
2026-06-15T08:39:02 helper started
2026-06-15T08:39:02 helper_executable_path /home/admin/codex-work/TksToKintone/app/update_helper.py
2026-06-15T08:39:02 current_working_directory /home/admin/codex-work/TksToKintone
2026-06-15T08:39:02 parent_pid 0
2026-06-15T08:39:02 installer_path /tmp/tmpt898xy3a/tks-to-kintone-setup.exe
2026-06-15T08:39:02 app_exe_path /tmp/tmpt898xy3a/tks-to-kintone.exe
2026-06-15T08:39:02 waiting parent process
2026-06-15T08:39:02 parent process exited
2026-06-15T08:39:02 installer exists true
2026-06-15T08:39:02 installer start
2026-06-15T08:39:02 installer args: (通常起動)
2026-06-15T08:39:02 installer exit code 0
2026-06-15T08:39:02 app restart: /tmp/tmpt898xy3a/tks-to-kintone.exe
2026-06-15T08:39:02 helper finished
2026-06-15T08:39:02 helper started
2026-06-15T08:39:02 helper_executable_path /home/admin/codex-work/TksToKintone/app/update_helper.py
2026-06-15T08:39:02 current_working_directory /home/admin/codex-work/TksToKintone
2026-06-15T08:39:02 parent_pid 0
2026-06-15T08:39:02 installer_path /tmp/tmpdj635kdf/missing-setup.exe
2026-06-15T08:39:02 app_exe_path /tmp/tmpdj635kdf/tks-to-kintone.exe
2026-06-15T08:39:02 waiting parent process
2026-06-15T08:39:02 parent process exited
2026-06-15T08:39:02 installer exists false
2026-06-15T08:39:02 インストーラが見つかりません: /tmp/tmpdj635kdf/missing-setup.exe
2026-06-15T08:39:23 helper started
2026-06-15T08:39:23 helper_executable_path /home/admin/codex-work/TksToKintone/app/update_helper.py
2026-06-15T08:39:23 current_working_directory /home/admin/codex-work/TksToKintone
2026-06-15T08:39:23 parent_pid 0
2026-06-15T08:39:23 installer_path /tmp/tmp0tizo41f/tks-to-kintone-setup.exe
2026-06-15T08:39:23 app_exe_path /tmp/tmp0tizo41f/tks-to-kintone.exe
2026-06-15T08:39:23 waiting parent process
2026-06-15T08:39:23 parent process exited
2026-06-15T08:39:23 installer exists true
2026-06-15T08:39:23 installer start
2026-06-15T08:39:23 installer args: (通常起動)
2026-06-15T08:39:23 installer exit code 1
2026-06-15T08:39:23 インストーラが異常終了したため再起動しません。
2026-06-15T08:39:23 helper started
2026-06-15T08:39:23 helper_executable_path /home/admin/codex-work/TksToKintone/app/update_helper.py
2026-06-15T08:39:23 current_working_directory /home/admin/codex-work/TksToKintone
2026-06-15T08:39:23 parent_pid 0
2026-06-15T08:39:23 installer_path /tmp/tmpfytwxm6e/tks-to-kintone-setup.exe
2026-06-15T08:39:23 app_exe_path /tmp/tmpfytwxm6e/tks-to-kintone.exe
2026-06-15T08:39:23 waiting parent process
2026-06-15T08:39:23 parent process exited
2026-06-15T08:39:23 installer exists true
2026-06-15T08:39:23 installer start
2026-06-15T08:39:23 installer args: (通常起動)
2026-06-15T08:39:23 installer exit code 0
2026-06-15T08:39:23 app restart: /tmp/tmpfytwxm6e/tks-to-kintone.exe
2026-06-15T08:39:23 helper finished
2026-06-15T08:39:23 helper started
2026-06-15T08:39:23 helper_executable_path /home/admin/codex-work/TksToKintone/app/update_helper.py
2026-06-15T08:39:23 current_working_directory /home/admin/codex-work/TksToKintone
2026-06-15T08:39:23 parent_pid 0
2026-06-15T08:39:23 installer_path /tmp/tmpf32aklrc/missing-setup.exe
2026-06-15T08:39:23 app_exe_path /tmp/tmpf32aklrc/tks-to-kintone.exe
2026-06-15T08:39:23 waiting parent process
2026-06-15T08:39:23 parent process exited
2026-06-15T08:39:23 installer exists false
2026-06-15T08:39:23 インストーラが見つかりません: /tmp/tmpf32aklrc/missing-setup.exe
2026-06-15T08:41:03 helper started
2026-06-15T08:41:03 helper_executable_path /home/admin/codex-work/TksToKintone/app/update_helper.py
2026-06-15T08:41:03 current_working_directory /home/admin/codex-work/TksToKintone
2026-06-15T08:41:03 parent_pid 0
2026-06-15T08:41:03 installer_path /tmp/tmpx945c_0x/tks-to-kintone-setup.exe
2026-06-15T08:41:03 app_exe_path /tmp/tmpx945c_0x/tks-to-kintone.exe
2026-06-15T08:41:03 waiting parent process
2026-06-15T08:41:03 parent process exited
2026-06-15T08:41:03 installer exists true
2026-06-15T08:41:03 installer start
2026-06-15T08:41:03 installer args: (通常起動)
2026-06-15T08:41:03 installer exit code 1
2026-06-15T08:41:03 インストーラが異常終了したため再起動しません。
2026-06-15T08:41:03 helper started
2026-06-15T08:41:03 helper_executable_path /home/admin/codex-work/TksToKintone/app/update_helper.py
2026-06-15T08:41:03 current_working_directory /home/admin/codex-work/TksToKintone
2026-06-15T08:41:03 parent_pid 0
2026-06-15T08:41:03 installer_path /tmp/tmpyrx3ncp9/tks-to-kintone-setup.exe
2026-06-15T08:41:03 app_exe_path /tmp/tmpyrx3ncp9/tks-to-kintone.exe
2026-06-15T08:41:03 waiting parent process
2026-06-15T08:41:03 parent process exited
2026-06-15T08:41:03 installer exists true
2026-06-15T08:41:03 installer start
2026-06-15T08:41:03 installer args: (通常起動)
2026-06-15T08:41:03 installer exit code 0
2026-06-15T08:41:03 app restart: /tmp/tmpyrx3ncp9/tks-to-kintone.exe
2026-06-15T08:41:03 helper finished
2026-06-15T08:41:03 helper started
2026-06-15T08:41:03 helper_executable_path /home/admin/codex-work/TksToKintone/app/update_helper.py
2026-06-15T08:41:03 current_working_directory /home/admin/codex-work/TksToKintone
2026-06-15T08:41:03 parent_pid 0
2026-06-15T08:41:03 installer_path /tmp/tmppoqb9ian/missing-setup.exe
2026-06-15T08:41:03 app_exe_path /tmp/tmppoqb9ian/tks-to-kintone.exe
2026-06-15T08:41:03 waiting parent process
2026-06-15T08:41:03 parent process exited
2026-06-15T08:41:03 installer exists false
2026-06-15T08:41:03 インストーラが見つかりません: /tmp/tmppoqb9ian/missing-setup.exe
2026-06-15T08:42:02 helper started
2026-06-15T08:42:02 helper_executable_path /home/admin/codex-work/TksToKintone/app/update_helper.py
2026-06-15T08:42:02 current_working_directory /home/admin/codex-work/TksToKintone
2026-06-15T08:42:02 parent_pid 0
2026-06-15T08:42:02 installer_path /tmp/tmpitkg89qj/tks-to-kintone-setup.exe
2026-06-15T08:42:02 app_exe_path /tmp/tmpitkg89qj/tks-to-kintone.exe
2026-06-15T08:42:02 waiting parent process
2026-06-15T08:42:02 parent process exited
2026-06-15T08:42:02 installer exists true
2026-06-15T08:42:02 installer start
2026-06-15T08:42:02 installer args: (通常起動)
2026-06-15T08:42:02 installer exit code 1
2026-06-15T08:42:02 インストーラが異常終了したため再起動しません。
2026-06-15T08:42:02 helper started
2026-06-15T08:42:02 helper_executable_path /home/admin/codex-work/TksToKintone/app/update_helper.py
2026-06-15T08:42:02 current_working_directory /home/admin/codex-work/TksToKintone
2026-06-15T08:42:02 parent_pid 0
2026-06-15T08:42:02 installer_path /tmp/tmpz47w700b/tks-to-kintone-setup.exe
2026-06-15T08:42:02 app_exe_path /tmp/tmpz47w700b/tks-to-kintone.exe
2026-06-15T08:42:02 waiting parent process
2026-06-15T08:42:02 parent process exited
2026-06-15T08:42:02 installer exists true
2026-06-15T08:42:02 installer start
2026-06-15T08:42:02 installer args: (通常起動)
2026-06-15T08:42:02 installer exit code 0
2026-06-15T08:42:02 app restart: /tmp/tmpz47w700b/tks-to-kintone.exe
2026-06-15T08:42:02 helper finished
2026-06-15T08:42:02 helper started
2026-06-15T08:42:02 helper_executable_path /home/admin/codex-work/TksToKintone/app/update_helper.py
2026-06-15T08:42:02 current_working_directory /home/admin/codex-work/TksToKintone
2026-06-15T08:42:02 parent_pid 0
2026-06-15T08:42:02 installer_path /tmp/tmpypwknnhl/missing-setup.exe
2026-06-15T08:42:02 app_exe_path /tmp/tmpypwknnhl/tks-to-kintone.exe
2026-06-15T08:42:02 waiting parent process
2026-06-15T08:42:02 parent process exited
2026-06-15T08:42:02 installer exists false
2026-06-15T08:42:02 インストーラが見つかりません: /tmp/tmpypwknnhl/missing-setup.exe
2026-06-15T09:05:24 helper started
2026-06-15T09:05:24 helper_executable_path /home/admin/codex-work/TksToKintone/app/update_helper.py
2026-06-15T09:05:24 current_working_directory /home/admin/codex-work/TksToKintone
2026-06-15T09:05:24 parent_pid 0
2026-06-15T09:05:24 installer_path /tmp/tmp6u6u23o2/tks-to-kintone-setup.exe
2026-06-15T09:05:24 app_exe_path /tmp/tmp6u6u23o2/tks-to-kintone.exe
2026-06-15T09:05:24 waiting parent process
2026-06-15T09:05:24 parent process exited
2026-06-15T09:05:24 installer exists true
2026-06-15T09:05:24 installer start
2026-06-15T09:05:24 installer args: (通常起動)
2026-06-15T09:05:24 installer exit code 1
2026-06-15T09:05:24 インストーラが異常終了したため再起動しません。
2026-06-15T09:05:24 helper started
2026-06-15T09:05:24 helper_executable_path /home/admin/codex-work/TksToKintone/app/update_helper.py
2026-06-15T09:05:24 current_working_directory /home/admin/codex-work/TksToKintone
2026-06-15T09:05:24 parent_pid 0
2026-06-15T09:05:24 installer_path /tmp/tmpz460kvhg/tks-to-kintone-setup.exe
2026-06-15T09:05:24 app_exe_path /tmp/tmpz460kvhg/tks-to-kintone.exe
2026-06-15T09:05:24 waiting parent process
2026-06-15T09:05:24 parent process exited
2026-06-15T09:05:24 installer exists true
2026-06-15T09:05:24 installer start
2026-06-15T09:05:24 installer args: (通常起動)
2026-06-15T09:05:24 installer exit code 0
2026-06-15T09:05:24 app restart: /tmp/tmpz460kvhg/tks-to-kintone.exe
2026-06-15T09:05:24 helper finished
2026-06-15T09:05:24 helper started
2026-06-15T09:05:24 helper_executable_path /home/admin/codex-work/TksToKintone/app/update_helper.py
2026-06-15T09:05:24 current_working_directory /home/admin/codex-work/TksToKintone
2026-06-15T09:05:24 parent_pid 0
2026-06-15T09:05:24 installer_path /tmp/tmpfboz0ez4/missing-setup.exe
2026-06-15T09:05:24 app_exe_path /tmp/tmpfboz0ez4/tks-to-kintone.exe
2026-06-15T09:05:24 waiting parent process
2026-06-15T09:05:24 parent process exited
2026-06-15T09:05:24 installer exists false
2026-06-15T09:05:24 インストーラが見つかりません: /tmp/tmpfboz0ez4/missing-setup.exe
2026-06-15T09:06:12 helper started
2026-06-15T09:06:12 helper_executable_path /home/admin/codex-work/TksToKintone/app/update_helper.py
2026-06-15T09:06:12 current_working_directory /home/admin/codex-work/TksToKintone
2026-06-15T09:06:12 parent_pid 0
2026-06-15T09:06:12 installer_path /tmp/tmp_vcr0ax3/tks-to-kintone-setup.exe
2026-06-15T09:06:12 app_exe_path /tmp/tmp_vcr0ax3/tks-to-kintone.exe
2026-06-15T09:06:12 waiting parent process
2026-06-15T09:06:12 parent process exited
2026-06-15T09:06:12 installer exists true
2026-06-15T09:06:12 installer start
2026-06-15T09:06:12 installer args: (通常起動)
2026-06-15T09:06:12 installer exit code 1
2026-06-15T09:06:12 インストーラが異常終了したため再起動しません。
2026-06-15T09:06:12 helper started
2026-06-15T09:06:12 helper_executable_path /home/admin/codex-work/TksToKintone/app/update_helper.py
2026-06-15T09:06:12 current_working_directory /home/admin/codex-work/TksToKintone
2026-06-15T09:06:12 parent_pid 0
2026-06-15T09:06:12 installer_path /tmp/tmpfvo6z_un/tks-to-kintone-setup.exe
2026-06-15T09:06:12 app_exe_path /tmp/tmpfvo6z_un/tks-to-kintone.exe
2026-06-15T09:06:12 waiting parent process
2026-06-15T09:06:12 parent process exited
2026-06-15T09:06:12 installer exists true
2026-06-15T09:06:12 installer start
2026-06-15T09:06:12 installer args: (通常起動)
2026-06-15T09:06:12 installer exit code 0
2026-06-15T09:06:12 app restart: /tmp/tmpfvo6z_un/tks-to-kintone.exe
2026-06-15T09:06:12 helper finished
2026-06-15T09:06:12 helper started
2026-06-15T09:06:12 helper_executable_path /home/admin/codex-work/TksToKintone/app/update_helper.py
2026-06-15T09:06:12 current_working_directory /home/admin/codex-work/TksToKintone
2026-06-15T09:06:12 parent_pid 0
2026-06-15T09:06:12 installer_path /tmp/tmp28w6dah6/missing-setup.exe
2026-06-15T09:06:12 app_exe_path /tmp/tmp28w6dah6/tks-to-kintone.exe
2026-06-15T09:06:12 waiting parent process
2026-06-15T09:06:12 parent process exited
2026-06-15T09:06:12 installer exists false
2026-06-15T09:06:12 インストーラが見つかりません: /tmp/tmp28w6dah6/missing-setup.exe
2026-06-15T09:26:19 helper started
2026-06-15T09:26:19 helper_executable_path /home/admin/codex-work/TksToKintone/app/update_helper.py
2026-06-15T09:26:19 current_working_directory /home/admin/codex-work/TksToKintone
2026-06-15T09:26:19 parent_pid 0
2026-06-15T09:26:19 installer_path /tmp/tmpyov5esxx/tks-to-kintone-setup.exe
2026-06-15T09:26:19 app_exe_path /tmp/tmpyov5esxx/tks-to-kintone.exe
2026-06-15T09:26:19 waiting parent process
2026-06-15T09:26:19 parent process exited
2026-06-15T09:26:19 installer exists true
2026-06-15T09:26:19 installer start
2026-06-15T09:26:19 installer args: (通常起動)
2026-06-15T09:26:19 installer exit code 1
2026-06-15T09:26:19 インストーラが異常終了したため再起動しません。
2026-06-15T09:26:19 helper started
2026-06-15T09:26:19 helper_executable_path /home/admin/codex-work/TksToKintone/app/update_helper.py
2026-06-15T09:26:19 current_working_directory /home/admin/codex-work/TksToKintone
2026-06-15T09:26:19 parent_pid 0
2026-06-15T09:26:19 installer_path /tmp/tmpf6yalmcd/tks-to-kintone-setup.exe
2026-06-15T09:26:19 app_exe_path /tmp/tmpf6yalmcd/tks-to-kintone.exe
2026-06-15T09:26:19 waiting parent process
2026-06-15T09:26:19 parent process exited
2026-06-15T09:26:19 installer exists true
2026-06-15T09:26:19 installer start
2026-06-15T09:26:19 installer args: (通常起動)
2026-06-15T09:26:19 installer exit code 0
2026-06-15T09:26:19 app restart: /tmp/tmpf6yalmcd/tks-to-kintone.exe
2026-06-15T09:26:19 helper finished
2026-06-15T09:26:19 helper started
2026-06-15T09:26:19 helper_executable_path /home/admin/codex-work/TksToKintone/app/update_helper.py
2026-06-15T09:26:19 current_working_directory /home/admin/codex-work/TksToKintone
2026-06-15T09:26:19 parent_pid 0
2026-06-15T09:26:19 installer_path /tmp/tmp458sodz6/missing-setup.exe
2026-06-15T09:26:19 app_exe_path /tmp/tmp458sodz6/tks-to-kintone.exe
2026-06-15T09:26:19 waiting parent process
2026-06-15T09:26:19 parent process exited
2026-06-15T09:26:19 installer exists false
2026-06-15T09:26:19 インストーラが見つかりません: /tmp/tmp458sodz6/missing-setup.exe
2026-06-15T10:00:22 helper started
2026-06-15T10:00:22 helper_executable_path /home/admin/codex-work/TksToKintone/app/update_helper.py
2026-06-15T10:00:22 current_working_directory /home/admin/codex-work/TksToKintone
2026-06-15T10:00:22 parent_pid 0
2026-06-15T10:00:22 installer_path /tmp/tmp1f69zs9m/tks-to-kintone-setup.exe
2026-06-15T10:00:22 app_exe_path /tmp/tmp1f69zs9m/tks-to-kintone.exe
2026-06-15T10:00:22 waiting parent process
2026-06-15T10:00:22 parent process exited
2026-06-15T10:00:22 installer exists true
2026-06-15T10:00:22 installer start
2026-06-15T10:00:22 installer args: (通常起動)
2026-06-15T10:00:22 installer exit code 1
2026-06-15T10:00:22 インストーラが異常終了したため再起動しません。
2026-06-15T10:00:22 helper started
2026-06-15T10:00:22 helper_executable_path /home/admin/codex-work/TksToKintone/app/update_helper.py
2026-06-15T10:00:22 current_working_directory /home/admin/codex-work/TksToKintone
2026-06-15T10:00:22 parent_pid 0
2026-06-15T10:00:22 installer_path /tmp/tmpqcl57gcx/tks-to-kintone-setup.exe
2026-06-15T10:00:22 app_exe_path /tmp/tmpqcl57gcx/tks-to-kintone.exe
2026-06-15T10:00:22 waiting parent process
2026-06-15T10:00:22 parent process exited
2026-06-15T10:00:22 installer exists true
2026-06-15T10:00:22 installer start
2026-06-15T10:00:22 installer args: (通常起動)
2026-06-15T10:00:22 installer exit code 0
2026-06-15T10:00:22 app restart: /tmp/tmpqcl57gcx/tks-to-kintone.exe
2026-06-15T10:00:22 helper finished
2026-06-15T10:00:22 helper started
2026-06-15T10:00:22 helper_executable_path /home/admin/codex-work/TksToKintone/app/update_helper.py
2026-06-15T10:00:22 current_working_directory /home/admin/codex-work/TksToKintone
2026-06-15T10:00:22 parent_pid 0
2026-06-15T10:00:22 installer_path /tmp/tmpj_4ezsbe/missing-setup.exe
2026-06-15T10:00:22 app_exe_path /tmp/tmpj_4ezsbe/tks-to-kintone.exe
2026-06-15T10:00:22 waiting parent process
2026-06-15T10:00:22 parent process exited
2026-06-15T10:00:22 installer exists false
2026-06-15T10:00:22 インストーラが見つかりません: /tmp/tmpj_4ezsbe/missing-setup.exe
2026-06-15T10:00:55 helper started
2026-06-15T10:00:55 helper_executable_path /home/admin/codex-work/TksToKintone/app/update_helper.py
2026-06-15T10:00:55 current_working_directory /home/admin/codex-work/TksToKintone
2026-06-15T10:00:55 parent_pid 0
2026-06-15T10:00:55 installer_path /tmp/tmpfmmrp56k/tks-to-kintone-setup.exe
2026-06-15T10:00:55 app_exe_path /tmp/tmpfmmrp56k/tks-to-kintone.exe
2026-06-15T10:00:55 waiting parent process
2026-06-15T10:00:55 parent process exited
2026-06-15T10:00:55 installer exists true
2026-06-15T10:00:55 installer start
2026-06-15T10:00:55 installer args: (通常起動)
2026-06-15T10:00:55 installer exit code 1
2026-06-15T10:00:55 インストーラが異常終了したため再起動しません。
2026-06-15T10:00:55 helper started
2026-06-15T10:00:55 helper_executable_path /home/admin/codex-work/TksToKintone/app/update_helper.py
2026-06-15T10:00:55 current_working_directory /home/admin/codex-work/TksToKintone
2026-06-15T10:00:55 parent_pid 0
2026-06-15T10:00:55 installer_path /tmp/tmpvtkzqkvv/tks-to-kintone-setup.exe
2026-06-15T10:00:55 app_exe_path /tmp/tmpvtkzqkvv/tks-to-kintone.exe
2026-06-15T10:00:55 waiting parent process
2026-06-15T10:00:55 parent process exited
2026-06-15T10:00:55 installer exists true
2026-06-15T10:00:55 installer start
2026-06-15T10:00:55 installer args: (通常起動)
2026-06-15T10:00:55 installer exit code 0
2026-06-15T10:00:55 app restart: /tmp/tmpvtkzqkvv/tks-to-kintone.exe
2026-06-15T10:00:55 helper finished
2026-06-15T10:00:55 helper started
2026-06-15T10:00:55 helper_executable_path /home/admin/codex-work/TksToKintone/app/update_helper.py
2026-06-15T10:00:55 current_working_directory /home/admin/codex-work/TksToKintone
2026-06-15T10:00:55 parent_pid 0
2026-06-15T10:00:55 installer_path /tmp/tmplpbzup4v/missing-setup.exe
2026-06-15T10:00:55 app_exe_path /tmp/tmplpbzup4v/tks-to-kintone.exe
2026-06-15T10:00:55 waiting parent process
2026-06-15T10:00:55 parent process exited
2026-06-15T10:00:55 installer exists false
2026-06-15T10:00:55 インストーラが見つかりません: /tmp/tmplpbzup4v/missing-setup.exe
2026-06-15T10:02:24 helper started
2026-06-15T10:02:24 helper_executable_path /home/admin/codex-work/TksToKintone/app/update_helper.py
2026-06-15T10:02:24 current_working_directory /home/admin/codex-work/TksToKintone
2026-06-15T10:02:24 parent_pid 0
2026-06-15T10:02:24 installer_path /tmp/tmp_mag0sx4/tks-to-kintone-setup.exe
2026-06-15T10:02:24 app_exe_path /tmp/tmp_mag0sx4/tks-to-kintone.exe
2026-06-15T10:02:24 waiting parent process
2026-06-15T10:02:24 parent process exited
2026-06-15T10:02:24 installer exists true
2026-06-15T10:02:24 installer start
2026-06-15T10:02:24 installer args: (通常起動)
2026-06-15T10:02:24 installer exit code 1
2026-06-15T10:02:24 インストーラが異常終了したため再起動しません。
2026-06-15T10:02:24 helper started
2026-06-15T10:02:24 helper_executable_path /home/admin/codex-work/TksToKintone/app/update_helper.py
2026-06-15T10:02:24 current_working_directory /home/admin/codex-work/TksToKintone
2026-06-15T10:02:24 parent_pid 0
2026-06-15T10:02:24 installer_path /tmp/tmp21mxjh4_/tks-to-kintone-setup.exe
2026-06-15T10:02:24 app_exe_path /tmp/tmp21mxjh4_/tks-to-kintone.exe
2026-06-15T10:02:24 waiting parent process
2026-06-15T10:02:24 parent process exited
2026-06-15T10:02:24 installer exists true
2026-06-15T10:02:24 installer start
2026-06-15T10:02:24 installer args: (通常起動)
2026-06-15T10:02:24 installer exit code 0
2026-06-15T10:02:24 app restart: /tmp/tmp21mxjh4_/tks-to-kintone.exe
2026-06-15T10:02:24 helper finished
2026-06-15T10:02:24 helper started
2026-06-15T10:02:24 helper_executable_path /home/admin/codex-work/TksToKintone/app/update_helper.py
2026-06-15T10:02:24 current_working_directory /home/admin/codex-work/TksToKintone
2026-06-15T10:02:24 parent_pid 0
2026-06-15T10:02:24 installer_path /tmp/tmpiozuv522/missing-setup.exe
2026-06-15T10:02:24 app_exe_path /tmp/tmpiozuv522/tks-to-kintone.exe
2026-06-15T10:02:24 waiting parent process
2026-06-15T10:02:24 parent process exited
2026-06-15T10:02:24 installer exists false
2026-06-15T10:02:24 インストーラが見つかりません: /tmp/tmpiozuv522/missing-setup.exe
2026-06-15T10:41:47 helper started
2026-06-15T10:41:47 helper_executable_path /home/admin/codex-work/TksToKintone/app/update_helper.py
2026-06-15T10:41:47 current_working_directory /home/admin/codex-work/TksToKintone
2026-06-15T10:41:47 parent_pid 0
2026-06-15T10:41:47 installer_path /tmp/tmpi475blzw/tks-to-kintone-setup.exe
2026-06-15T10:41:47 app_exe_path /tmp/tmpi475blzw/tks-to-kintone.exe
2026-06-15T10:41:47 waiting parent process
2026-06-15T10:41:47 parent process exited
2026-06-15T10:41:47 installer exists true
2026-06-15T10:41:47 installer start
2026-06-15T10:41:47 installer args: (通常起動)
2026-06-15T10:41:47 installer exit code 1
2026-06-15T10:41:47 インストーラが異常終了したため再起動しません。
2026-06-15T10:41:47 helper started
2026-06-15T10:41:47 helper_executable_path /home/admin/codex-work/TksToKintone/app/update_helper.py
2026-06-15T10:41:47 current_working_directory /home/admin/codex-work/TksToKintone
2026-06-15T10:41:47 parent_pid 0
2026-06-15T10:41:47 installer_path /tmp/tmpuncohc5f/tks-to-kintone-setup.exe
2026-06-15T10:41:47 app_exe_path /tmp/tmpuncohc5f/tks-to-kintone.exe
2026-06-15T10:41:47 waiting parent process
2026-06-15T10:41:47 parent process exited
2026-06-15T10:41:47 installer exists true
2026-06-15T10:41:47 installer start
2026-06-15T10:41:47 installer args: (通常起動)
2026-06-15T10:41:47 installer exit code 0
2026-06-15T10:41:47 app restart: /tmp/tmpuncohc5f/tks-to-kintone.exe
2026-06-15T10:41:47 helper finished
2026-06-15T10:41:47 helper started
2026-06-15T10:41:47 helper_executable_path /home/admin/codex-work/TksToKintone/app/update_helper.py
2026-06-15T10:41:47 current_working_directory /home/admin/codex-work/TksToKintone
2026-06-15T10:41:47 parent_pid 0
2026-06-15T10:41:47 installer_path /tmp/tmp41giwuxi/missing-setup.exe
2026-06-15T10:41:47 app_exe_path /tmp/tmp41giwuxi/tks-to-kintone.exe
2026-06-15T10:41:47 waiting parent process
2026-06-15T10:41:47 parent process exited
2026-06-15T10:41:47 installer exists false
2026-06-15T10:41:47 インストーラが見つかりません: /tmp/tmp41giwuxi/missing-setup.exe
2026-06-15T11:00:04 helper started
2026-06-15T11:00:04 helper_executable_path /home/admin/codex-work/TksToKintone/app/update_helper.py
2026-06-15T11:00:04 current_working_directory /home/admin/codex-work/TksToKintone
2026-06-15T11:00:04 parent_pid 0
2026-06-15T11:00:04 installer_path /tmp/tmp4ilol6bl/tks-to-kintone-setup.exe
2026-06-15T11:00:04 app_exe_path /tmp/tmp4ilol6bl/tks-to-kintone.exe
2026-06-15T11:00:04 waiting parent process
2026-06-15T11:00:04 parent process exited
2026-06-15T11:00:04 installer exists true
2026-06-15T11:00:04 installer start
2026-06-15T11:00:04 installer args: (通常起動)
2026-06-15T11:00:04 installer exit code 1
2026-06-15T11:00:04 インストーラが異常終了したため再起動しません。
2026-06-15T11:00:04 helper started
2026-06-15T11:00:04 helper_executable_path /home/admin/codex-work/TksToKintone/app/update_helper.py
2026-06-15T11:00:04 current_working_directory /home/admin/codex-work/TksToKintone
2026-06-15T11:00:04 parent_pid 0
2026-06-15T11:00:04 installer_path /tmp/tmpmr4heblz/tks-to-kintone-setup.exe
2026-06-15T11:00:04 app_exe_path /tmp/tmpmr4heblz/tks-to-kintone.exe
2026-06-15T11:00:04 waiting parent process
2026-06-15T11:00:04 parent process exited
2026-06-15T11:00:04 installer exists true
2026-06-15T11:00:04 installer start
2026-06-15T11:00:04 installer args: (通常起動)
2026-06-15T11:00:04 installer exit code 0
2026-06-15T11:00:04 app restart: /tmp/tmpmr4heblz/tks-to-kintone.exe
2026-06-15T11:00:04 helper finished
2026-06-15T11:00:04 helper started
2026-06-15T11:00:04 helper_executable_path /home/admin/codex-work/TksToKintone/app/update_helper.py
2026-06-15T11:00:04 current_working_directory /home/admin/codex-work/TksToKintone
2026-06-15T11:00:04 parent_pid 0
2026-06-15T11:00:04 installer_path /tmp/tmp30nkj13j/missing-setup.exe
2026-06-15T11:00:04 app_exe_path /tmp/tmp30nkj13j/tks-to-kintone.exe
2026-06-15T11:00:04 waiting parent process
2026-06-15T11:00:04 parent process exited
2026-06-15T11:00:04 installer exists false
2026-06-15T11:00:04 インストーラが見つかりません: /tmp/tmp30nkj13j/missing-setup.exe
2026-06-15T11:00:13 helper started
2026-06-15T11:00:13 helper_executable_path /home/admin/codex-work/TksToKintone/app/update_helper.py
2026-06-15T11:00:13 current_working_directory /home/admin/codex-work/TksToKintone
2026-06-15T11:00:13 parent_pid 0
2026-06-15T11:00:13 installer_path /tmp/tmp2o83iqs0/tks-to-kintone-setup.exe
2026-06-15T11:00:13 app_exe_path /tmp/tmp2o83iqs0/tks-to-kintone.exe
2026-06-15T11:00:13 waiting parent process
2026-06-15T11:00:13 parent process exited
2026-06-15T11:00:13 installer exists true
2026-06-15T11:00:13 installer start
2026-06-15T11:00:13 installer args: (通常起動)
2026-06-15T11:00:13 installer exit code 1
2026-06-15T11:00:13 インストーラが異常終了したため再起動しません。
2026-06-15T11:00:13 helper started
2026-06-15T11:00:13 helper_executable_path /home/admin/codex-work/TksToKintone/app/update_helper.py
2026-06-15T11:00:13 current_working_directory /home/admin/codex-work/TksToKintone
2026-06-15T11:00:13 parent_pid 0
2026-06-15T11:00:13 installer_path /tmp/tmp9sa694ef/tks-to-kintone-setup.exe
2026-06-15T11:00:13 app_exe_path /tmp/tmp9sa694ef/tks-to-kintone.exe
2026-06-15T11:00:13 waiting parent process
2026-06-15T11:00:13 parent process exited
2026-06-15T11:00:13 installer exists true
2026-06-15T11:00:13 installer start
2026-06-15T11:00:13 installer args: (通常起動)
2026-06-15T11:00:13 installer exit code 0
2026-06-15T11:00:13 app restart: /tmp/tmp9sa694ef/tks-to-kintone.exe
2026-06-15T11:00:13 helper finished
2026-06-15T11:00:13 helper started
2026-06-15T11:00:13 helper_executable_path /home/admin/codex-work/TksToKintone/app/update_helper.py
2026-06-15T11:00:13 current_working_directory /home/admin/codex-work/TksToKintone
2026-06-15T11:00:13 parent_pid 0
2026-06-15T11:00:13 installer_path /tmp/tmpo1uo1n01/missing-setup.exe
2026-06-15T11:00:13 app_exe_path /tmp/tmpo1uo1n01/tks-to-kintone.exe
2026-06-15T11:00:13 waiting parent process
2026-06-15T11:00:13 parent process exited
2026-06-15T11:00:13 installer exists false
2026-06-15T11:00:13 インストーラが見つかりません: /tmp/tmpo1uo1n01/missing-setup.exe
2026-06-15T11:19:29 helper started
2026-06-15T11:19:29 helper_executable_path /home/admin/codex-work/TksToKintone/app/update_helper.py
2026-06-15T11:19:29 current_working_directory /home/admin/codex-work/TksToKintone
2026-06-15T11:19:29 parent_pid 0
2026-06-15T11:19:29 installer_path /tmp/tmptjwx610o/tks-to-kintone-setup.exe
2026-06-15T11:19:29 app_exe_path /tmp/tmptjwx610o/tks-to-kintone.exe
2026-06-15T11:19:29 waiting parent process
2026-06-15T11:19:29 parent process exited
2026-06-15T11:19:29 installer exists true
2026-06-15T11:19:29 installer start
2026-06-15T11:19:29 installer args: (通常起動)
2026-06-15T11:19:29 installer exit code 1
2026-06-15T11:19:29 インストーラが異常終了したため再起動しません。
2026-06-15T11:19:29 helper started
2026-06-15T11:19:29 helper_executable_path /home/admin/codex-work/TksToKintone/app/update_helper.py
2026-06-15T11:19:29 current_working_directory /home/admin/codex-work/TksToKintone
2026-06-15T11:19:29 parent_pid 0
2026-06-15T11:19:29 installer_path /tmp/tmpmawp5fvh/tks-to-kintone-setup.exe
2026-06-15T11:19:29 app_exe_path /tmp/tmpmawp5fvh/tks-to-kintone.exe
2026-06-15T11:19:29 waiting parent process
2026-06-15T11:19:29 parent process exited
2026-06-15T11:19:29 installer exists true
2026-06-15T11:19:29 installer start
2026-06-15T11:19:29 installer args: (通常起動)
2026-06-15T11:19:29 installer exit code 0
2026-06-15T11:19:29 app restart: /tmp/tmpmawp5fvh/tks-to-kintone.exe
2026-06-15T11:19:29 helper finished
2026-06-15T11:19:29 helper started
2026-06-15T11:19:29 helper_executable_path /home/admin/codex-work/TksToKintone/app/update_helper.py
2026-06-15T11:19:29 current_working_directory /home/admin/codex-work/TksToKintone
2026-06-15T11:19:29 parent_pid 0
2026-06-15T11:19:29 installer_path /tmp/tmp5ehsnjr_/missing-setup.exe
2026-06-15T11:19:29 app_exe_path /tmp/tmp5ehsnjr_/tks-to-kintone.exe
2026-06-15T11:19:29 waiting parent process
2026-06-15T11:19:29 parent process exited
2026-06-15T11:19:29 installer exists false
2026-06-15T11:19:29 インストーラが見つかりません: /tmp/tmp5ehsnjr_/missing-setup.exe
2026-06-15T11:22:09 helper started
2026-06-15T11:22:09 helper_executable_path /home/admin/codex-work/TksToKintone/app/update_helper.py
2026-06-15T11:22:09 current_working_directory /home/admin/codex-work/TksToKintone
2026-06-15T11:22:09 parent_pid 0
2026-06-15T11:22:09 installer_path /tmp/tmpd0r6d504/tks-to-kintone-setup.exe
2026-06-15T11:22:09 app_exe_path /tmp/tmpd0r6d504/tks-to-kintone.exe
2026-06-15T11:22:09 waiting parent process
2026-06-15T11:22:09 parent process exited
2026-06-15T11:22:09 installer exists true
2026-06-15T11:22:09 installer start
2026-06-15T11:22:09 installer args: (通常起動)
2026-06-15T11:22:09 installer exit code 1
2026-06-15T11:22:09 インストーラが異常終了したため再起動しません。
2026-06-15T11:22:09 helper started
2026-06-15T11:22:09 helper_executable_path /home/admin/codex-work/TksToKintone/app/update_helper.py
2026-06-15T11:22:09 current_working_directory /home/admin/codex-work/TksToKintone
2026-06-15T11:22:09 parent_pid 0
2026-06-15T11:22:09 installer_path /tmp/tmp7ymi5hvw/tks-to-kintone-setup.exe
2026-06-15T11:22:09 app_exe_path /tmp/tmp7ymi5hvw/tks-to-kintone.exe
2026-06-15T11:22:09 waiting parent process
2026-06-15T11:22:09 parent process exited
2026-06-15T11:22:09 installer exists true
2026-06-15T11:22:09 installer start
2026-06-15T11:22:09 installer args: (通常起動)
2026-06-15T11:22:09 installer exit code 0
2026-06-15T11:22:09 app restart: /tmp/tmp7ymi5hvw/tks-to-kintone.exe
2026-06-15T11:22:09 helper finished
2026-06-15T11:22:09 helper started
2026-06-15T11:22:09 helper_executable_path /home/admin/codex-work/TksToKintone/app/update_helper.py
2026-06-15T11:22:09 current_working_directory /home/admin/codex-work/TksToKintone
2026-06-15T11:22:09 parent_pid 0
2026-06-15T11:22:09 installer_path /tmp/tmp9fxh758l/missing-setup.exe
2026-06-15T11:22:09 app_exe_path /tmp/tmp9fxh758l/tks-to-kintone.exe
2026-06-15T11:22:09 waiting parent process
2026-06-15T11:22:09 parent process exited
2026-06-15T11:22:09 installer exists false
2026-06-15T11:22:09 インストーラが見つかりません: /tmp/tmp9fxh758l/missing-setup.exe
2026-06-15T11:24:41 helper started
2026-06-15T11:24:41 helper_executable_path /home/admin/codex-work/TksToKintone/app/update_helper.py
2026-06-15T11:24:41 current_working_directory /home/admin/codex-work/TksToKintone
2026-06-15T11:24:41 parent_pid 0
2026-06-15T11:24:41 installer_path /tmp/tmpxr1jzfpf/tks-to-kintone-setup.exe
2026-06-15T11:24:41 app_exe_path /tmp/tmpxr1jzfpf/tks-to-kintone.exe
2026-06-15T11:24:41 waiting parent process
2026-06-15T11:24:41 parent process exited
2026-06-15T11:24:41 installer exists true
2026-06-15T11:24:41 installer start
2026-06-15T11:24:41 installer args: (通常起動)
2026-06-15T11:24:41 installer exit code 1
2026-06-15T11:24:41 インストーラが異常終了したため再起動しません。
2026-06-15T11:24:41 helper started
2026-06-15T11:24:41 helper_executable_path /home/admin/codex-work/TksToKintone/app/update_helper.py
2026-06-15T11:24:41 current_working_directory /home/admin/codex-work/TksToKintone
2026-06-15T11:24:41 parent_pid 0
2026-06-15T11:24:41 installer_path /tmp/tmp219x9l21/tks-to-kintone-setup.exe
2026-06-15T11:24:41 app_exe_path /tmp/tmp219x9l21/tks-to-kintone.exe
2026-06-15T11:24:41 waiting parent process
2026-06-15T11:24:41 parent process exited
2026-06-15T11:24:41 installer exists true
2026-06-15T11:24:41 installer start
2026-06-15T11:24:41 installer args: (通常起動)
2026-06-15T11:24:41 installer exit code 0
2026-06-15T11:24:41 app restart: /tmp/tmp219x9l21/tks-to-kintone.exe
2026-06-15T11:24:41 helper finished
2026-06-15T11:24:41 helper started
2026-06-15T11:24:41 helper_executable_path /home/admin/codex-work/TksToKintone/app/update_helper.py
2026-06-15T11:24:41 current_working_directory /home/admin/codex-work/TksToKintone
2026-06-15T11:24:41 parent_pid 0
2026-06-15T11:24:41 installer_path /tmp/tmpolju2ei_/missing-setup.exe
2026-06-15T11:24:41 app_exe_path /tmp/tmpolju2ei_/tks-to-kintone.exe
2026-06-15T11:24:41 waiting parent process
2026-06-15T11:24:41 parent process exited
2026-06-15T11:24:41 installer exists false
2026-06-15T11:24:41 インストーラが見つかりません: /tmp/tmpolju2ei_/missing-setup.exe
2026-06-15T11:28:01 helper started
2026-06-15T11:28:01 helper_executable_path /home/admin/codex-work/TksToKintone/app/update_helper.py
2026-06-15T11:28:01 current_working_directory /home/admin/codex-work/TksToKintone
2026-06-15T11:28:01 parent_pid 0
2026-06-15T11:28:01 installer_path /tmp/tmp2chx5yg5/tks-to-kintone-setup.exe
2026-06-15T11:28:01 app_exe_path /tmp/tmp2chx5yg5/tks-to-kintone.exe
2026-06-15T11:28:01 waiting parent process
2026-06-15T11:28:01 parent process exited
2026-06-15T11:28:01 installer exists true
2026-06-15T11:28:01 installer start
2026-06-15T11:28:01 installer args: (通常起動)
2026-06-15T11:28:01 installer exit code 1
2026-06-15T11:28:01 インストーラが異常終了したため再起動しません。
2026-06-15T11:28:01 helper started
2026-06-15T11:28:01 helper_executable_path /home/admin/codex-work/TksToKintone/app/update_helper.py
2026-06-15T11:28:01 current_working_directory /home/admin/codex-work/TksToKintone
2026-06-15T11:28:01 parent_pid 0
2026-06-15T11:28:01 installer_path /tmp/tmprszcd0c5/tks-to-kintone-setup.exe
2026-06-15T11:28:01 app_exe_path /tmp/tmprszcd0c5/tks-to-kintone.exe
2026-06-15T11:28:01 waiting parent process
2026-06-15T11:28:01 parent process exited
2026-06-15T11:28:01 installer exists true
2026-06-15T11:28:01 installer start
2026-06-15T11:28:01 installer args: (通常起動)
2026-06-15T11:28:01 installer exit code 0
2026-06-15T11:28:01 app restart: /tmp/tmprszcd0c5/tks-to-kintone.exe
2026-06-15T11:28:01 helper finished
2026-06-15T11:28:01 helper started
2026-06-15T11:28:01 helper_executable_path /home/admin/codex-work/TksToKintone/app/update_helper.py
2026-06-15T11:28:01 current_working_directory /home/admin/codex-work/TksToKintone
2026-06-15T11:28:01 parent_pid 0
2026-06-15T11:28:01 installer_path /tmp/tmp78c19e3d/missing-setup.exe
2026-06-15T11:28:01 app_exe_path /tmp/tmp78c19e3d/tks-to-kintone.exe
2026-06-15T11:28:01 waiting parent process
2026-06-15T11:28:01 parent process exited
2026-06-15T11:28:01 installer exists false
2026-06-15T11:28:01 インストーラが見つかりません: /tmp/tmp78c19e3d/missing-setup.exe
2026-06-15T11:36:47 helper started
2026-06-15T11:36:47 helper_executable_path /home/admin/codex-work/TksToKintone/app/update_helper.py
2026-06-15T11:36:47 current_working_directory /home/admin/codex-work/TksToKintone
2026-06-15T11:36:47 parent_pid 0
2026-06-15T11:36:47 installer_path /tmp/tmp0tpbzi1c/tks-to-kintone-setup.exe
2026-06-15T11:36:47 app_exe_path /tmp/tmp0tpbzi1c/tks-to-kintone.exe
2026-06-15T11:36:47 waiting parent process
2026-06-15T11:36:47 parent process exited
2026-06-15T11:36:47 installer exists true
2026-06-15T11:36:47 installer start
2026-06-15T11:36:47 installer args: (通常起動)
2026-06-15T11:36:47 installer exit code 1
2026-06-15T11:36:47 インストーラが異常終了したため再起動しません。
2026-06-15T11:36:47 helper started
2026-06-15T11:36:47 helper_executable_path /home/admin/codex-work/TksToKintone/app/update_helper.py
2026-06-15T11:36:47 current_working_directory /home/admin/codex-work/TksToKintone
2026-06-15T11:36:47 parent_pid 0
2026-06-15T11:36:47 installer_path /tmp/tmp8tgrunem/tks-to-kintone-setup.exe
2026-06-15T11:36:47 app_exe_path /tmp/tmp8tgrunem/tks-to-kintone.exe
2026-06-15T11:36:47 waiting parent process
2026-06-15T11:36:47 parent process exited
2026-06-15T11:36:47 installer exists true
2026-06-15T11:36:47 installer start
2026-06-15T11:36:47 installer args: (通常起動)
2026-06-15T11:36:47 installer exit code 0
2026-06-15T11:36:47 app restart: /tmp/tmp8tgrunem/tks-to-kintone.exe
2026-06-15T11:36:47 helper finished
2026-06-15T11:36:47 helper started
2026-06-15T11:36:47 helper_executable_path /home/admin/codex-work/TksToKintone/app/update_helper.py
2026-06-15T11:36:47 current_working_directory /home/admin/codex-work/TksToKintone
2026-06-15T11:36:47 parent_pid 0
2026-06-15T11:36:47 installer_path /tmp/tmpzyxz5pq5/missing-setup.exe
2026-06-15T11:36:47 app_exe_path /tmp/tmpzyxz5pq5/tks-to-kintone.exe
2026-06-15T11:36:47 waiting parent process
2026-06-15T11:36:47 parent process exited
2026-06-15T11:36:47 installer exists false
2026-06-15T11:36:47 インストーラが見つかりません: /tmp/tmpzyxz5pq5/missing-setup.exe
2026-06-15T11:38:40 helper started
2026-06-15T11:38:40 helper_executable_path /home/admin/codex-work/TksToKintone/app/update_helper.py
2026-06-15T11:38:40 current_working_directory /home/admin/codex-work/TksToKintone
2026-06-15T11:38:40 parent_pid 0
2026-06-15T11:38:40 installer_path /tmp/tmp8kj574qu/tks-to-kintone-setup.exe
2026-06-15T11:38:40 app_exe_path /tmp/tmp8kj574qu/tks-to-kintone.exe
2026-06-15T11:38:40 waiting parent process
2026-06-15T11:38:40 parent process exited
2026-06-15T11:38:40 installer exists true
2026-06-15T11:38:40 installer start
2026-06-15T11:38:40 installer args: (通常起動)
2026-06-15T11:38:40 installer exit code 1
2026-06-15T11:38:40 インストーラが異常終了したため再起動しません。
2026-06-15T11:38:40 helper started
2026-06-15T11:38:40 helper_executable_path /home/admin/codex-work/TksToKintone/app/update_helper.py
2026-06-15T11:38:40 current_working_directory /home/admin/codex-work/TksToKintone
2026-06-15T11:38:40 parent_pid 0
2026-06-15T11:38:40 installer_path /tmp/tmpm7_e0e9f/tks-to-kintone-setup.exe
2026-06-15T11:38:40 app_exe_path /tmp/tmpm7_e0e9f/tks-to-kintone.exe
2026-06-15T11:38:40 waiting parent process
2026-06-15T11:38:40 parent process exited
2026-06-15T11:38:40 installer exists true
2026-06-15T11:38:40 installer start
2026-06-15T11:38:40 installer args: (通常起動)
2026-06-15T11:38:40 installer exit code 0
2026-06-15T11:38:40 app restart: /tmp/tmpm7_e0e9f/tks-to-kintone.exe
2026-06-15T11:38:40 helper finished
2026-06-15T11:38:40 helper started
2026-06-15T11:38:40 helper_executable_path /home/admin/codex-work/TksToKintone/app/update_helper.py
2026-06-15T11:38:40 current_working_directory /home/admin/codex-work/TksToKintone
2026-06-15T11:38:40 parent_pid 0
2026-06-15T11:38:40 installer_path /tmp/tmp0n4epn7e/missing-setup.exe
2026-06-15T11:38:40 app_exe_path /tmp/tmp0n4epn7e/tks-to-kintone.exe
2026-06-15T11:38:40 waiting parent process
2026-06-15T11:38:40 parent process exited
2026-06-15T11:38:40 installer exists false
2026-06-15T11:38:40 インストーラが見つかりません: /tmp/tmp0n4epn7e/missing-setup.exe
2026-06-15T11:39:41 helper started
2026-06-15T11:39:41 helper_executable_path /home/admin/codex-work/TksToKintone/app/update_helper.py
2026-06-15T11:39:41 current_working_directory /home/admin/codex-work/TksToKintone
2026-06-15T11:39:41 parent_pid 0
2026-06-15T11:39:41 installer_path /tmp/tmpj0yuaykm/tks-to-kintone-setup.exe
2026-06-15T11:39:41 app_exe_path /tmp/tmpj0yuaykm/tks-to-kintone.exe
2026-06-15T11:39:41 waiting parent process
2026-06-15T11:39:41 parent process exited
2026-06-15T11:39:41 installer exists true
2026-06-15T11:39:41 installer start
2026-06-15T11:39:41 installer args: (通常起動)
2026-06-15T11:39:41 installer exit code 1
2026-06-15T11:39:41 インストーラが異常終了したため再起動しません。
2026-06-15T11:39:41 helper started
2026-06-15T11:39:41 helper_executable_path /home/admin/codex-work/TksToKintone/app/update_helper.py
2026-06-15T11:39:41 current_working_directory /home/admin/codex-work/TksToKintone
2026-06-15T11:39:41 parent_pid 0
2026-06-15T11:39:41 installer_path /tmp/tmpnodgqo31/tks-to-kintone-setup.exe
2026-06-15T11:39:41 app_exe_path /tmp/tmpnodgqo31/tks-to-kintone.exe
2026-06-15T11:39:41 waiting parent process
2026-06-15T11:39:41 parent process exited
2026-06-15T11:39:41 installer exists true
2026-06-15T11:39:41 installer start
2026-06-15T11:39:41 installer args: (通常起動)
2026-06-15T11:39:41 installer exit code 0
2026-06-15T11:39:41 app restart: /tmp/tmpnodgqo31/tks-to-kintone.exe
2026-06-15T11:39:41 helper finished
2026-06-15T11:39:41 helper started
2026-06-15T11:39:41 helper_executable_path /home/admin/codex-work/TksToKintone/app/update_helper.py
2026-06-15T11:39:41 current_working_directory /home/admin/codex-work/TksToKintone
2026-06-15T11:39:41 parent_pid 0
2026-06-15T11:39:41 installer_path /tmp/tmpdemp8iod/missing-setup.exe
2026-06-15T11:39:41 app_exe_path /tmp/tmpdemp8iod/tks-to-kintone.exe
2026-06-15T11:39:41 waiting parent process
2026-06-15T11:39:41 parent process exited
2026-06-15T11:39:41 installer exists false
2026-06-15T11:39:41 インストーラが見つかりません: /tmp/tmpdemp8iod/missing-setup.exe
2026-06-15T11:42:41 helper started
2026-06-15T11:42:41 helper_executable_path /home/admin/codex-work/TksToKintone/app/update_helper.py
2026-06-15T11:42:41 current_working_directory /home/admin/codex-work/TksToKintone
2026-06-15T11:42:41 parent_pid 0
2026-06-15T11:42:41 installer_path /tmp/tmpuhbvyt0w/tks-to-kintone-setup.exe
2026-06-15T11:42:41 app_exe_path /tmp/tmpuhbvyt0w/tks-to-kintone.exe
2026-06-15T11:42:41 waiting parent process
2026-06-15T11:42:41 parent process exited
2026-06-15T11:42:41 installer exists true
2026-06-15T11:42:41 installer start
2026-06-15T11:42:41 installer args: (通常起動)
2026-06-15T11:42:41 installer exit code 1
2026-06-15T11:42:41 インストーラが異常終了したため再起動しません。
2026-06-15T11:42:41 helper started
2026-06-15T11:42:41 helper_executable_path /home/admin/codex-work/TksToKintone/app/update_helper.py
2026-06-15T11:42:41 current_working_directory /home/admin/codex-work/TksToKintone
2026-06-15T11:42:41 parent_pid 0
2026-06-15T11:42:41 installer_path /tmp/tmpm2egdygh/tks-to-kintone-setup.exe
2026-06-15T11:42:41 app_exe_path /tmp/tmpm2egdygh/tks-to-kintone.exe
2026-06-15T11:42:41 waiting parent process
2026-06-15T11:42:41 parent process exited
2026-06-15T11:42:41 installer exists true
2026-06-15T11:42:41 installer start
2026-06-15T11:42:41 installer args: (通常起動)
2026-06-15T11:42:41 installer exit code 0
2026-06-15T11:42:41 app restart: /tmp/tmpm2egdygh/tks-to-kintone.exe
2026-06-15T11:42:41 helper finished
2026-06-15T11:42:41 helper started
2026-06-15T11:42:41 helper_executable_path /home/admin/codex-work/TksToKintone/app/update_helper.py
2026-06-15T11:42:41 current_working_directory /home/admin/codex-work/TksToKintone
2026-06-15T11:42:41 parent_pid 0
2026-06-15T11:42:41 installer_path /tmp/tmp1o87b3gh/missing-setup.exe
2026-06-15T11:42:41 app_exe_path /tmp/tmp1o87b3gh/tks-to-kintone.exe
2026-06-15T11:42:41 waiting parent process
2026-06-15T11:42:41 parent process exited
2026-06-15T11:42:41 installer exists false
2026-06-15T11:42:41 インストーラが見つかりません: /tmp/tmp1o87b3gh/missing-setup.exe
2026-06-15T11:56:46 helper started
2026-06-15T11:56:46 helper_executable_path /home/admin/codex-work/TksToKintone/app/update_helper.py
2026-06-15T11:56:46 current_working_directory /home/admin/codex-work/TksToKintone
2026-06-15T11:56:46 parent_pid 0
2026-06-15T11:56:46 installer_path /tmp/tmpzdl0nrpm/tks-to-kintone-setup.exe
2026-06-15T11:56:46 app_exe_path /tmp/tmpzdl0nrpm/tks-to-kintone.exe
2026-06-15T11:56:46 waiting parent process
2026-06-15T11:56:46 parent process exited
2026-06-15T11:56:46 installer exists true
2026-06-15T11:56:46 installer start
2026-06-15T11:56:46 installer args: (通常起動)
2026-06-15T11:56:46 installer exit code 1
2026-06-15T11:56:46 インストーラが異常終了したため再起動しません。
2026-06-15T11:56:46 helper started
2026-06-15T11:56:46 helper_executable_path /home/admin/codex-work/TksToKintone/app/update_helper.py
2026-06-15T11:56:46 current_working_directory /home/admin/codex-work/TksToKintone
2026-06-15T11:56:46 parent_pid 0
2026-06-15T11:56:46 installer_path /tmp/tmp2b_4xmm1/tks-to-kintone-setup.exe
2026-06-15T11:56:46 app_exe_path /tmp/tmp2b_4xmm1/tks-to-kintone.exe
2026-06-15T11:56:46 waiting parent process
2026-06-15T11:56:46 parent process exited
2026-06-15T11:56:46 installer exists true
2026-06-15T11:56:46 installer start
2026-06-15T11:56:46 installer args: (通常起動)
2026-06-15T11:56:46 installer exit code 0
2026-06-15T11:56:46 app restart: /tmp/tmp2b_4xmm1/tks-to-kintone.exe
2026-06-15T11:56:46 helper finished
2026-06-15T11:56:46 helper started
2026-06-15T11:56:46 helper_executable_path /home/admin/codex-work/TksToKintone/app/update_helper.py
2026-06-15T11:56:46 current_working_directory /home/admin/codex-work/TksToKintone
2026-06-15T11:56:46 parent_pid 0
2026-06-15T11:56:46 installer_path /tmp/tmphb6n_kmw/missing-setup.exe
2026-06-15T11:56:46 app_exe_path /tmp/tmphb6n_kmw/tks-to-kintone.exe
2026-06-15T11:56:46 waiting parent process
2026-06-15T11:56:46 parent process exited
2026-06-15T11:56:46 installer exists false
2026-06-15T11:56:46 インストーラが見つかりません: /tmp/tmphb6n_kmw/missing-setup.exe
2026-06-15T11:57:15 helper started
2026-06-15T11:57:15 helper_executable_path /home/admin/codex-work/TksToKintone/app/update_helper.py
2026-06-15T11:57:15 current_working_directory /home/admin/codex-work/TksToKintone
2026-06-15T11:57:15 parent_pid 0
2026-06-15T11:57:15 installer_path /tmp/tmp46yrk2hc/tks-to-kintone-setup.exe
2026-06-15T11:57:15 app_exe_path /tmp/tmp46yrk2hc/tks-to-kintone.exe
2026-06-15T11:57:15 waiting parent process
2026-06-15T11:57:15 parent process exited
2026-06-15T11:57:15 installer exists true
2026-06-15T11:57:15 installer start
2026-06-15T11:57:15 installer args: (通常起動)
2026-06-15T11:57:15 installer exit code 1
2026-06-15T11:57:15 インストーラが異常終了したため再起動しません。
2026-06-15T11:57:15 helper started
2026-06-15T11:57:15 helper_executable_path /home/admin/codex-work/TksToKintone/app/update_helper.py
2026-06-15T11:57:15 current_working_directory /home/admin/codex-work/TksToKintone
2026-06-15T11:57:15 parent_pid 0
2026-06-15T11:57:15 installer_path /tmp/tmp4otj7zv0/tks-to-kintone-setup.exe
2026-06-15T11:57:15 app_exe_path /tmp/tmp4otj7zv0/tks-to-kintone.exe
2026-06-15T11:57:15 waiting parent process
2026-06-15T11:57:15 parent process exited
2026-06-15T11:57:15 installer exists true
2026-06-15T11:57:15 installer start
2026-06-15T11:57:15 installer args: (通常起動)
2026-06-15T11:57:15 installer exit code 0
2026-06-15T11:57:15 app restart: /tmp/tmp4otj7zv0/tks-to-kintone.exe
2026-06-15T11:57:15 helper finished
2026-06-15T11:57:15 helper started
2026-06-15T11:57:15 helper_executable_path /home/admin/codex-work/TksToKintone/app/update_helper.py
2026-06-15T11:57:15 current_working_directory /home/admin/codex-work/TksToKintone
2026-06-15T11:57:15 parent_pid 0
2026-06-15T11:57:15 installer_path /tmp/tmplngwfiqf/missing-setup.exe
2026-06-15T11:57:15 app_exe_path /tmp/tmplngwfiqf/tks-to-kintone.exe
2026-06-15T11:57:15 waiting parent process
2026-06-15T11:57:15 parent process exited
2026-06-15T11:57:15 installer exists false
2026-06-15T11:57:15 インストーラが見つかりません: /tmp/tmplngwfiqf/missing-setup.exe
2026-06-15T13:36:33 helper started
2026-06-15T13:36:33 helper_executable_path /home/admin/codex-work/TksToKintone/app/update_helper.py
2026-06-15T13:36:33 current_working_directory /home/admin/codex-work/TksToKintone
2026-06-15T13:36:33 parent_pid 0
2026-06-15T13:36:33 installer_path /tmp/tmpxc53xes9/tks-to-kintone-setup.exe
2026-06-15T13:36:33 app_exe_path /tmp/tmpxc53xes9/tks-to-kintone.exe
2026-06-15T13:36:33 waiting parent process
2026-06-15T13:36:33 parent process exited
2026-06-15T13:36:33 installer exists true
2026-06-15T13:36:33 installer start
2026-06-15T13:36:33 installer args: (通常起動)
2026-06-15T13:36:33 installer exit code 1
2026-06-15T13:36:33 インストーラが異常終了したため再起動しません。
2026-06-15T13:36:33 helper started
2026-06-15T13:36:33 helper_executable_path /home/admin/codex-work/TksToKintone/app/update_helper.py
2026-06-15T13:36:33 current_working_directory /home/admin/codex-work/TksToKintone
2026-06-15T13:36:33 parent_pid 0
2026-06-15T13:36:33 installer_path /tmp/tmpy21e2hw9/tks-to-kintone-setup.exe
2026-06-15T13:36:33 app_exe_path /tmp/tmpy21e2hw9/tks-to-kintone.exe
2026-06-15T13:36:33 waiting parent process
2026-06-15T13:36:33 parent process exited
2026-06-15T13:36:33 installer exists true
2026-06-15T13:36:33 installer start
2026-06-15T13:36:33 installer args: (通常起動)
2026-06-15T13:36:33 installer exit code 0
2026-06-15T13:36:33 app restart: /tmp/tmpy21e2hw9/tks-to-kintone.exe
2026-06-15T13:36:33 helper finished
2026-06-15T13:36:33 helper started
2026-06-15T13:36:33 helper_executable_path /home/admin/codex-work/TksToKintone/app/update_helper.py
2026-06-15T13:36:33 current_working_directory /home/admin/codex-work/TksToKintone
2026-06-15T13:36:33 parent_pid 0
2026-06-15T13:36:33 installer_path /tmp/tmph2psw31_/missing-setup.exe
2026-06-15T13:36:33 app_exe_path /tmp/tmph2psw31_/tks-to-kintone.exe
2026-06-15T13:36:33 waiting parent process
2026-06-15T13:36:33 parent process exited
2026-06-15T13:36:33 installer exists false
2026-06-15T13:36:33 インストーラが見つかりません: /tmp/tmph2psw31_/missing-setup.exe
2026-06-15T13:37:40 helper started
2026-06-15T13:37:40 helper_executable_path /home/admin/codex-work/TksToKintone/app/update_helper.py
2026-06-15T13:37:40 current_working_directory /home/admin/codex-work/TksToKintone
2026-06-15T13:37:40 parent_pid 0
2026-06-15T13:37:40 installer_path /tmp/tmphps0keyg/tks-to-kintone-setup.exe
2026-06-15T13:37:40 app_exe_path /tmp/tmphps0keyg/tks-to-kintone.exe
2026-06-15T13:37:40 waiting parent process
2026-06-15T13:37:40 parent process exited
2026-06-15T13:37:40 installer exists true
2026-06-15T13:37:40 installer start
2026-06-15T13:37:40 installer args: (通常起動)
2026-06-15T13:37:40 installer exit code 1
2026-06-15T13:37:40 インストーラが異常終了したため再起動しません。
2026-06-15T13:37:40 helper started
2026-06-15T13:37:40 helper_executable_path /home/admin/codex-work/TksToKintone/app/update_helper.py
2026-06-15T13:37:40 current_working_directory /home/admin/codex-work/TksToKintone
2026-06-15T13:37:40 parent_pid 0
2026-06-15T13:37:40 installer_path /tmp/tmpcs247gw_/tks-to-kintone-setup.exe
2026-06-15T13:37:40 app_exe_path /tmp/tmpcs247gw_/tks-to-kintone.exe
2026-06-15T13:37:40 waiting parent process
2026-06-15T13:37:40 parent process exited
2026-06-15T13:37:40 installer exists true
2026-06-15T13:37:40 installer start
2026-06-15T13:37:40 installer args: (通常起動)
2026-06-15T13:37:40 installer exit code 0
2026-06-15T13:37:40 app restart: /tmp/tmpcs247gw_/tks-to-kintone.exe
2026-06-15T13:37:40 helper finished
2026-06-15T13:37:40 helper started
2026-06-15T13:37:40 helper_executable_path /home/admin/codex-work/TksToKintone/app/update_helper.py
2026-06-15T13:37:40 current_working_directory /home/admin/codex-work/TksToKintone
2026-06-15T13:37:40 parent_pid 0
2026-06-15T13:37:40 installer_path /tmp/tmp8jx9swzf/missing-setup.exe
2026-06-15T13:37:40 app_exe_path /tmp/tmp8jx9swzf/tks-to-kintone.exe
2026-06-15T13:37:40 waiting parent process
2026-06-15T13:37:40 parent process exited
2026-06-15T13:37:40 installer exists false
2026-06-15T13:37:40 インストーラが見つかりません: /tmp/tmp8jx9swzf/missing-setup.exe
2026-06-15T14:27:59 helper started
2026-06-15T14:27:59 helper_executable_path /home/admin/codex-work/TksToKintone/app/update_helper.py
2026-06-15T14:27:59 current_working_directory /home/admin/codex-work/TksToKintone
2026-06-15T14:27:59 parent_pid 0
2026-06-15T14:27:59 installer_path /tmp/tmpy86q1sm_/tks-to-kintone-setup.exe
2026-06-15T14:27:59 app_exe_path /tmp/tmpy86q1sm_/tks-to-kintone.exe
2026-06-15T14:27:59 waiting parent process
2026-06-15T14:27:59 parent process exited
2026-06-15T14:27:59 installer exists true
2026-06-15T14:27:59 installer start
2026-06-15T14:27:59 installer args: (通常起動)
2026-06-15T14:27:59 installer exit code 1
2026-06-15T14:27:59 インストーラが異常終了したため再起動しません。
2026-06-15T14:27:59 helper started
2026-06-15T14:27:59 helper_executable_path /home/admin/codex-work/TksToKintone/app/update_helper.py
2026-06-15T14:27:59 current_working_directory /home/admin/codex-work/TksToKintone
2026-06-15T14:27:59 parent_pid 0
2026-06-15T14:27:59 installer_path /tmp/tmpmijs_1xq/tks-to-kintone-setup.exe
2026-06-15T14:27:59 app_exe_path /tmp/tmpmijs_1xq/tks-to-kintone.exe
2026-06-15T14:27:59 waiting parent process
2026-06-15T14:27:59 parent process exited
2026-06-15T14:27:59 installer exists true
2026-06-15T14:27:59 installer start
2026-06-15T14:27:59 installer args: (通常起動)
2026-06-15T14:27:59 installer exit code 0
2026-06-15T14:27:59 app restart: /tmp/tmpmijs_1xq/tks-to-kintone.exe
2026-06-15T14:27:59 helper finished
2026-06-15T14:27:59 helper started
2026-06-15T14:27:59 helper_executable_path /home/admin/codex-work/TksToKintone/app/update_helper.py
2026-06-15T14:27:59 current_working_directory /home/admin/codex-work/TksToKintone
2026-06-15T14:27:59 parent_pid 0
2026-06-15T14:27:59 installer_path /tmp/tmp9vo6m2a_/missing-setup.exe
2026-06-15T14:27:59 app_exe_path /tmp/tmp9vo6m2a_/tks-to-kintone.exe
2026-06-15T14:27:59 waiting parent process
2026-06-15T14:27:59 parent process exited
2026-06-15T14:27:59 installer exists false
2026-06-15T14:27:59 インストーラが見つかりません: /tmp/tmp9vo6m2a_/missing-setup.exe
2026-06-15T14:28:21 helper started
2026-06-15T14:28:21 helper_executable_path /home/admin/codex-work/TksToKintone/app/update_helper.py
2026-06-15T14:28:21 current_working_directory /home/admin/codex-work/TksToKintone
2026-06-15T14:28:21 parent_pid 0
2026-06-15T14:28:21 installer_path /tmp/tmpuvg0l9vx/tks-to-kintone-setup.exe
2026-06-15T14:28:21 app_exe_path /tmp/tmpuvg0l9vx/tks-to-kintone.exe
2026-06-15T14:28:21 waiting parent process
2026-06-15T14:28:21 parent process exited
2026-06-15T14:28:21 installer exists true
2026-06-15T14:28:21 installer start
2026-06-15T14:28:21 installer args: (通常起動)
2026-06-15T14:28:21 installer exit code 1
2026-06-15T14:28:21 インストーラが異常終了したため再起動しません。
2026-06-15T14:28:21 helper started
2026-06-15T14:28:21 helper_executable_path /home/admin/codex-work/TksToKintone/app/update_helper.py
2026-06-15T14:28:21 current_working_directory /home/admin/codex-work/TksToKintone
2026-06-15T14:28:21 parent_pid 0
2026-06-15T14:28:21 installer_path /tmp/tmpiqas7yrl/tks-to-kintone-setup.exe
2026-06-15T14:28:21 app_exe_path /tmp/tmpiqas7yrl/tks-to-kintone.exe
2026-06-15T14:28:21 waiting parent process
2026-06-15T14:28:21 parent process exited
2026-06-15T14:28:21 installer exists true
2026-06-15T14:28:21 installer start
2026-06-15T14:28:21 installer args: (通常起動)
2026-06-15T14:28:21 installer exit code 0
2026-06-15T14:28:21 app restart: /tmp/tmpiqas7yrl/tks-to-kintone.exe
2026-06-15T14:28:21 helper finished
2026-06-15T14:28:21 helper started
2026-06-15T14:28:21 helper_executable_path /home/admin/codex-work/TksToKintone/app/update_helper.py
2026-06-15T14:28:21 current_working_directory /home/admin/codex-work/TksToKintone
2026-06-15T14:28:21 parent_pid 0
2026-06-15T14:28:21 installer_path /tmp/tmpwhawx1jy/missing-setup.exe
2026-06-15T14:28:21 app_exe_path /tmp/tmpwhawx1jy/tks-to-kintone.exe
2026-06-15T14:28:21 waiting parent process
2026-06-15T14:28:21 parent process exited
2026-06-15T14:28:21 installer exists false
2026-06-15T14:28:21 インストーラが見つかりません: /tmp/tmpwhawx1jy/missing-setup.exe
2026-06-15T15:36:50 helper started
2026-06-15T15:36:50 helper_executable_path /home/admin/codex-work/TksToKintone/app/update_helper.py
2026-06-15T15:36:50 current_working_directory /home/admin/codex-work/TksToKintone
2026-06-15T15:36:50 parent_pid 0
2026-06-15T15:36:50 installer_path /tmp/tmpdzewn54q/tks-to-kintone-setup.exe
2026-06-15T15:36:50 app_exe_path /tmp/tmpdzewn54q/tks-to-kintone.exe
2026-06-15T15:36:50 waiting parent process
2026-06-15T15:36:50 parent process exited
2026-06-15T15:36:50 installer exists true
2026-06-15T15:36:50 installer start
2026-06-15T15:36:50 installer args: (通常起動)
2026-06-15T15:36:50 installer exit code 1
2026-06-15T15:36:50 インストーラが異常終了したため再起動しません。
2026-06-15T15:36:50 helper started
2026-06-15T15:36:50 helper_executable_path /home/admin/codex-work/TksToKintone/app/update_helper.py
2026-06-15T15:36:50 current_working_directory /home/admin/codex-work/TksToKintone
2026-06-15T15:36:50 parent_pid 0
2026-06-15T15:36:50 installer_path /tmp/tmp1t2spaja/tks-to-kintone-setup.exe
2026-06-15T15:36:50 app_exe_path /tmp/tmp1t2spaja/tks-to-kintone.exe
2026-06-15T15:36:50 waiting parent process
2026-06-15T15:36:50 parent process exited
2026-06-15T15:36:50 installer exists true
2026-06-15T15:36:50 installer start
2026-06-15T15:36:50 installer args: (通常起動)
2026-06-15T15:36:50 installer exit code 0
2026-06-15T15:36:50 app restart: /tmp/tmp1t2spaja/tks-to-kintone.exe
2026-06-15T15:36:50 helper finished
2026-06-15T15:36:50 helper started
2026-06-15T15:36:50 helper_executable_path /home/admin/codex-work/TksToKintone/app/update_helper.py
2026-06-15T15:36:50 current_working_directory /home/admin/codex-work/TksToKintone
2026-06-15T15:36:50 parent_pid 0
2026-06-15T15:36:50 installer_path /tmp/tmpx1kkyvjp/missing-setup.exe
2026-06-15T15:36:50 app_exe_path /tmp/tmpx1kkyvjp/tks-to-kintone.exe
2026-06-15T15:36:50 waiting parent process
2026-06-15T15:36:50 parent process exited
2026-06-15T15:36:50 installer exists false
2026-06-15T15:36:50 インストーラが見つかりません: /tmp/tmpx1kkyvjp/missing-setup.exe
2026-06-15T18:13:52 helper started
2026-06-15T18:13:52 helper_executable_path /home/admin/codex-work/TksToKintone/app/update_helper.py
2026-06-15T18:13:52 current_working_directory /home/admin/codex-work/TksToKintone
2026-06-15T18:13:52 parent_pid 0
2026-06-15T18:13:52 installer_path /tmp/tmpgej4tphh/tks-to-kintone-setup.exe
2026-06-15T18:13:52 app_exe_path /tmp/tmpgej4tphh/tks-to-kintone.exe
2026-06-15T18:13:52 waiting parent process
2026-06-15T18:13:52 parent process exited
2026-06-15T18:13:52 installer exists true
2026-06-15T18:13:52 installer start
2026-06-15T18:13:52 installer args: (通常起動)
2026-06-15T18:13:52 installer exit code 1
2026-06-15T18:13:52 インストーラが異常終了したため再起動しません。
2026-06-15T18:13:52 helper started
2026-06-15T18:13:52 helper_executable_path /home/admin/codex-work/TksToKintone/app/update_helper.py
2026-06-15T18:13:52 current_working_directory /home/admin/codex-work/TksToKintone
2026-06-15T18:13:52 parent_pid 0
2026-06-15T18:13:52 installer_path /tmp/tmp4nhxgvv1/tks-to-kintone-setup.exe
2026-06-15T18:13:52 app_exe_path /tmp/tmp4nhxgvv1/tks-to-kintone.exe
2026-06-15T18:13:52 waiting parent process
2026-06-15T18:13:52 parent process exited
2026-06-15T18:13:52 installer exists true
2026-06-15T18:13:52 installer start
2026-06-15T18:13:52 installer args: (通常起動)
2026-06-15T18:13:52 installer exit code 0
2026-06-15T18:13:52 app restart: /tmp/tmp4nhxgvv1/tks-to-kintone.exe
2026-06-15T18:13:52 helper finished
2026-06-15T18:13:52 helper started
2026-06-15T18:13:52 helper_executable_path /home/admin/codex-work/TksToKintone/app/update_helper.py
2026-06-15T18:13:52 current_working_directory /home/admin/codex-work/TksToKintone
2026-06-15T18:13:52 parent_pid 0
2026-06-15T18:13:52 installer_path /tmp/tmpxsitx2sp/missing-setup.exe
2026-06-15T18:13:52 app_exe_path /tmp/tmpxsitx2sp/tks-to-kintone.exe
2026-06-15T18:13:52 waiting parent process
2026-06-15T18:13:52 parent process exited
2026-06-15T18:13:52 installer exists false
2026-06-15T18:13:52 インストーラが見つかりません: /tmp/tmpxsitx2sp/missing-setup.exe
2026-06-15T18:17:13 helper started
2026-06-15T18:17:13 helper_executable_path /home/admin/codex-work/TksToKintone/app/update_helper.py
2026-06-15T18:17:13 current_working_directory /home/admin/codex-work/TksToKintone
2026-06-15T18:17:13 parent_pid 0
2026-06-15T18:17:13 installer_path /tmp/tmpld2m5w91/tks-to-kintone-setup.exe
2026-06-15T18:17:13 app_exe_path /tmp/tmpld2m5w91/tks-to-kintone.exe
2026-06-15T18:17:13 waiting parent process
2026-06-15T18:17:13 parent process exited
2026-06-15T18:17:13 installer exists true
2026-06-15T18:17:13 installer start
2026-06-15T18:17:13 installer args: (通常起動)
2026-06-15T18:17:13 installer exit code 1
2026-06-15T18:17:13 インストーラが異常終了したため再起動しません。
2026-06-15T18:17:13 helper started
2026-06-15T18:17:13 helper_executable_path /home/admin/codex-work/TksToKintone/app/update_helper.py
2026-06-15T18:17:13 current_working_directory /home/admin/codex-work/TksToKintone
2026-06-15T18:17:13 parent_pid 0
2026-06-15T18:17:13 installer_path /tmp/tmpy91enmp8/tks-to-kintone-setup.exe
2026-06-15T18:17:13 app_exe_path /tmp/tmpy91enmp8/tks-to-kintone.exe
2026-06-15T18:17:13 waiting parent process
2026-06-15T18:17:13 parent process exited
2026-06-15T18:17:13 installer exists true
2026-06-15T18:17:13 installer start
2026-06-15T18:17:13 installer args: (通常起動)
2026-06-15T18:17:13 installer exit code 0
2026-06-15T18:17:13 app restart: /tmp/tmpy91enmp8/tks-to-kintone.exe
2026-06-15T18:17:13 helper finished
2026-06-15T18:17:13 helper started
2026-06-15T18:17:13 helper_executable_path /home/admin/codex-work/TksToKintone/app/update_helper.py
2026-06-15T18:17:13 current_working_directory /home/admin/codex-work/TksToKintone
2026-06-15T18:17:13 parent_pid 0
2026-06-15T18:17:13 installer_path /tmp/tmpv7nxyip7/missing-setup.exe
2026-06-15T18:17:13 app_exe_path /tmp/tmpv7nxyip7/tks-to-kintone.exe
2026-06-15T18:17:13 waiting parent process
2026-06-15T18:17:13 parent process exited
2026-06-15T18:17:13 installer exists false
2026-06-15T18:17:13 インストーラが見つかりません: /tmp/tmpv7nxyip7/missing-setup.exe
2026-06-15T18:17:22 helper started
2026-06-15T18:17:22 helper_executable_path /home/admin/codex-work/TksToKintone/app/update_helper.py
2026-06-15T18:17:22 current_working_directory /home/admin/codex-work/TksToKintone
2026-06-15T18:17:22 parent_pid 0
2026-06-15T18:17:22 installer_path /tmp/tmphj7gtwdk/tks-to-kintone-setup.exe
2026-06-15T18:17:22 app_exe_path /tmp/tmphj7gtwdk/tks-to-kintone.exe
2026-06-15T18:17:22 waiting parent process
2026-06-15T18:17:22 parent process exited
2026-06-15T18:17:22 installer exists true
2026-06-15T18:17:22 installer start
2026-06-15T18:17:22 installer args: (通常起動)
2026-06-15T18:17:22 installer exit code 1
2026-06-15T18:17:22 インストーラが異常終了したため再起動しません。
2026-06-15T18:17:22 helper started
2026-06-15T18:17:22 helper_executable_path /home/admin/codex-work/TksToKintone/app/update_helper.py
2026-06-15T18:17:22 current_working_directory /home/admin/codex-work/TksToKintone
2026-06-15T18:17:22 parent_pid 0
2026-06-15T18:17:22 installer_path /tmp/tmpdsqclfpz/tks-to-kintone-setup.exe
2026-06-15T18:17:22 app_exe_path /tmp/tmpdsqclfpz/tks-to-kintone.exe
2026-06-15T18:17:22 waiting parent process
2026-06-15T18:17:22 parent process exited
2026-06-15T18:17:22 installer exists true
2026-06-15T18:17:22 installer start
2026-06-15T18:17:22 installer args: (通常起動)
2026-06-15T18:17:22 installer exit code 0
2026-06-15T18:17:22 app restart: /tmp/tmpdsqclfpz/tks-to-kintone.exe
2026-06-15T18:17:22 helper finished
2026-06-15T18:17:22 helper started
2026-06-15T18:17:22 helper_executable_path /home/admin/codex-work/TksToKintone/app/update_helper.py
2026-06-15T18:17:22 current_working_directory /home/admin/codex-work/TksToKintone
2026-06-15T18:17:22 parent_pid 0
2026-06-15T18:17:22 installer_path /tmp/tmpt20egja_/missing-setup.exe
2026-06-15T18:17:22 app_exe_path /tmp/tmpt20egja_/tks-to-kintone.exe
2026-06-15T18:17:22 waiting parent process
2026-06-15T18:17:22 parent process exited
2026-06-15T18:17:22 installer exists false
2026-06-15T18:17:22 インストーラが見つかりません: /tmp/tmpt20egja_/missing-setup.exe
2026-06-15T18:17:58 helper started
2026-06-15T18:17:58 helper_executable_path /home/admin/codex-work/TksToKintone/app/update_helper.py
2026-06-15T18:17:58 current_working_directory /home/admin/codex-work/TksToKintone
2026-06-15T18:17:58 parent_pid 0
2026-06-15T18:17:58 installer_path /tmp/tmp43yqkzov/tks-to-kintone-setup.exe
2026-06-15T18:17:58 app_exe_path /tmp/tmp43yqkzov/tks-to-kintone.exe
2026-06-15T18:17:58 waiting parent process
2026-06-15T18:17:58 parent process exited
2026-06-15T18:17:58 installer exists true
2026-06-15T18:17:58 installer start
2026-06-15T18:17:58 installer args: (通常起動)
2026-06-15T18:17:58 installer exit code 1
2026-06-15T18:17:58 インストーラが異常終了したため再起動しません。
2026-06-15T18:17:58 helper started
2026-06-15T18:17:58 helper_executable_path /home/admin/codex-work/TksToKintone/app/update_helper.py
2026-06-15T18:17:58 current_working_directory /home/admin/codex-work/TksToKintone
2026-06-15T18:17:58 parent_pid 0
2026-06-15T18:17:58 installer_path /tmp/tmpa82sytie/tks-to-kintone-setup.exe
2026-06-15T18:17:58 app_exe_path /tmp/tmpa82sytie/tks-to-kintone.exe
2026-06-15T18:17:58 waiting parent process
2026-06-15T18:17:58 parent process exited
2026-06-15T18:17:58 installer exists true
2026-06-15T18:17:58 installer start
2026-06-15T18:17:58 installer args: (通常起動)
2026-06-15T18:17:58 installer exit code 0
2026-06-15T18:17:58 app restart: /tmp/tmpa82sytie/tks-to-kintone.exe
2026-06-15T18:17:58 helper finished
2026-06-15T18:17:58 helper started
2026-06-15T18:17:58 helper_executable_path /home/admin/codex-work/TksToKintone/app/update_helper.py
2026-06-15T18:17:58 current_working_directory /home/admin/codex-work/TksToKintone
2026-06-15T18:17:58 parent_pid 0
2026-06-15T18:17:58 installer_path /tmp/tmp79za4cyd/missing-setup.exe
2026-06-15T18:17:58 app_exe_path /tmp/tmp79za4cyd/tks-to-kintone.exe
2026-06-15T18:17:58 waiting parent process
2026-06-15T18:17:58 parent process exited
2026-06-15T18:17:58 installer exists false
2026-06-15T18:17:58 インストーラが見つかりません: /tmp/tmp79za4cyd/missing-setup.exe
2026-06-15T18:28:28 helper started
2026-06-15T18:28:28 helper_executable_path /home/admin/codex-work/TksToKintone/app/update_helper.py
2026-06-15T18:28:28 current_working_directory /home/admin/codex-work/TksToKintone
2026-06-15T18:28:28 parent_pid 0
2026-06-15T18:28:28 installer_path /tmp/tmpatfmsq3r/tks-to-kintone-setup.exe
2026-06-15T18:28:28 app_exe_path /tmp/tmpatfmsq3r/tks-to-kintone.exe
2026-06-15T18:28:28 waiting parent process
2026-06-15T18:28:28 parent process exited
2026-06-15T18:28:28 installer exists true
2026-06-15T18:28:28 installer start
2026-06-15T18:28:28 installer args: (通常起動)
2026-06-15T18:28:28 installer exit code 1
2026-06-15T18:28:28 インストーラが異常終了したため再起動しません。
2026-06-15T18:28:28 helper started
2026-06-15T18:28:28 helper_executable_path /home/admin/codex-work/TksToKintone/app/update_helper.py
2026-06-15T18:28:28 current_working_directory /home/admin/codex-work/TksToKintone
2026-06-15T18:28:28 parent_pid 0
2026-06-15T18:28:28 installer_path /tmp/tmpt_xbhz7n/tks-to-kintone-setup.exe
2026-06-15T18:28:28 app_exe_path /tmp/tmpt_xbhz7n/tks-to-kintone.exe
2026-06-15T18:28:28 waiting parent process
2026-06-15T18:28:28 parent process exited
2026-06-15T18:28:28 installer exists true
2026-06-15T18:28:28 installer start
2026-06-15T18:28:28 installer args: (通常起動)
2026-06-15T18:28:28 installer exit code 0
2026-06-15T18:28:28 app restart: /tmp/tmpt_xbhz7n/tks-to-kintone.exe
2026-06-15T18:28:28 helper finished
2026-06-15T18:28:28 helper started
2026-06-15T18:28:28 helper_executable_path /home/admin/codex-work/TksToKintone/app/update_helper.py
2026-06-15T18:28:28 current_working_directory /home/admin/codex-work/TksToKintone
2026-06-15T18:28:28 parent_pid 0
2026-06-15T18:28:28 installer_path /tmp/tmpl6m8c6oc/missing-setup.exe
2026-06-15T18:28:28 app_exe_path /tmp/tmpl6m8c6oc/tks-to-kintone.exe
2026-06-15T18:28:28 waiting parent process
2026-06-15T18:28:28 parent process exited
2026-06-15T18:28:28 installer exists false
2026-06-15T18:28:28 インストーラが見つかりません: /tmp/tmpl6m8c6oc/missing-setup.exe
2026-06-15T18:28:57 helper started
2026-06-15T18:28:57 helper_executable_path /home/admin/codex-work/TksToKintone/app/update_helper.py
2026-06-15T18:28:57 current_working_directory /home/admin/codex-work/TksToKintone
2026-06-15T18:28:57 parent_pid 0
2026-06-15T18:28:57 installer_path /tmp/tmpvekyvia_/tks-to-kintone-setup.exe
2026-06-15T18:28:57 app_exe_path /tmp/tmpvekyvia_/tks-to-kintone.exe
2026-06-15T18:28:57 waiting parent process
2026-06-15T18:28:57 parent process exited
2026-06-15T18:28:57 installer exists true
2026-06-15T18:28:57 installer start
2026-06-15T18:28:57 installer args: (通常起動)
2026-06-15T18:28:57 installer exit code 1
2026-06-15T18:28:57 インストーラが異常終了したため再起動しません。
2026-06-15T18:28:57 helper started
2026-06-15T18:28:57 helper_executable_path /home/admin/codex-work/TksToKintone/app/update_helper.py
2026-06-15T18:28:57 current_working_directory /home/admin/codex-work/TksToKintone
2026-06-15T18:28:57 parent_pid 0
2026-06-15T18:28:57 installer_path /tmp/tmp7s8uuw3j/tks-to-kintone-setup.exe
2026-06-15T18:28:57 app_exe_path /tmp/tmp7s8uuw3j/tks-to-kintone.exe
2026-06-15T18:28:57 waiting parent process
2026-06-15T18:28:57 parent process exited
2026-06-15T18:28:57 installer exists true
2026-06-15T18:28:57 installer start
2026-06-15T18:28:57 installer args: (通常起動)
2026-06-15T18:28:57 installer exit code 0
2026-06-15T18:28:57 app restart: /tmp/tmp7s8uuw3j/tks-to-kintone.exe
2026-06-15T18:28:57 helper finished
2026-06-15T18:28:57 helper started
2026-06-15T18:28:57 helper_executable_path /home/admin/codex-work/TksToKintone/app/update_helper.py
2026-06-15T18:28:57 current_working_directory /home/admin/codex-work/TksToKintone
2026-06-15T18:28:57 parent_pid 0
2026-06-15T18:28:57 installer_path /tmp/tmp6gfpx7x_/missing-setup.exe
2026-06-15T18:28:57 app_exe_path /tmp/tmp6gfpx7x_/tks-to-kintone.exe
2026-06-15T18:28:57 waiting parent process
2026-06-15T18:28:57 parent process exited
2026-06-15T18:28:57 installer exists false
2026-06-15T18:28:57 インストーラが見つかりません: /tmp/tmp6gfpx7x_/missing-setup.exe
2026-06-15T18:36:57 helper started
2026-06-15T18:36:57 helper_executable_path /home/admin/codex-work/TksToKintone/app/update_helper.py
2026-06-15T18:36:57 current_working_directory /home/admin/codex-work/TksToKintone
2026-06-15T18:36:57 parent_pid 0
2026-06-15T18:36:57 installer_path /tmp/tmp0doezk24/tks-to-kintone-setup.exe
2026-06-15T18:36:57 app_exe_path /tmp/tmp0doezk24/tks-to-kintone.exe
2026-06-15T18:36:57 waiting parent process
2026-06-15T18:36:57 parent process exited
2026-06-15T18:36:57 installer exists true
2026-06-15T18:36:57 installer start
2026-06-15T18:36:57 installer args: (通常起動)
2026-06-15T18:36:57 installer exit code 1
2026-06-15T18:36:57 インストーラが異常終了したため再起動しません。
2026-06-15T18:36:57 helper started
2026-06-15T18:36:57 helper_executable_path /home/admin/codex-work/TksToKintone/app/update_helper.py
2026-06-15T18:36:57 current_working_directory /home/admin/codex-work/TksToKintone
2026-06-15T18:36:57 parent_pid 0
2026-06-15T18:36:57 installer_path /tmp/tmpu59aom83/tks-to-kintone-setup.exe
2026-06-15T18:36:57 app_exe_path /tmp/tmpu59aom83/tks-to-kintone.exe
2026-06-15T18:36:57 waiting parent process
2026-06-15T18:36:57 parent process exited
2026-06-15T18:36:57 installer exists true
2026-06-15T18:36:57 installer start
2026-06-15T18:36:57 installer args: (通常起動)
2026-06-15T18:36:57 installer exit code 0
2026-06-15T18:36:57 app restart: /tmp/tmpu59aom83/tks-to-kintone.exe
2026-06-15T18:36:57 helper finished
2026-06-15T18:36:57 helper started
2026-06-15T18:36:57 helper_executable_path /home/admin/codex-work/TksToKintone/app/update_helper.py
2026-06-15T18:36:57 current_working_directory /home/admin/codex-work/TksToKintone
2026-06-15T18:36:57 parent_pid 0
2026-06-15T18:36:57 installer_path /tmp/tmp9ae6v7xl/missing-setup.exe
2026-06-15T18:36:57 app_exe_path /tmp/tmp9ae6v7xl/tks-to-kintone.exe
2026-06-15T18:36:57 waiting parent process
2026-06-15T18:36:57 parent process exited
2026-06-15T18:36:57 installer exists false
2026-06-15T18:36:57 インストーラが見つかりません: /tmp/tmp9ae6v7xl/missing-setup.exe
2026-06-15T18:46:54 helper started
2026-06-15T18:46:54 helper_executable_path /home/admin/codex-work/TksToKintone/app/update_helper.py
2026-06-15T18:46:54 current_working_directory /home/admin/codex-work/TksToKintone
2026-06-15T18:46:54 parent_pid 0
2026-06-15T18:46:54 installer_path /tmp/tmpi4eccz25/tks-to-kintone-setup.exe
2026-06-15T18:46:54 app_exe_path /tmp/tmpi4eccz25/tks-to-kintone.exe
2026-06-15T18:46:54 waiting parent process
2026-06-15T18:46:54 parent process exited
2026-06-15T18:46:54 installer exists true
2026-06-15T18:46:54 installer start
2026-06-15T18:46:54 installer args: (通常起動)
2026-06-15T18:46:54 installer exit code 1
2026-06-15T18:46:54 インストーラが異常終了したため再起動しません。
2026-06-15T18:46:54 helper started
2026-06-15T18:46:54 helper_executable_path /home/admin/codex-work/TksToKintone/app/update_helper.py
2026-06-15T18:46:54 current_working_directory /home/admin/codex-work/TksToKintone
2026-06-15T18:46:54 parent_pid 0
2026-06-15T18:46:54 installer_path /tmp/tmpwi6ctxrd/tks-to-kintone-setup.exe
2026-06-15T18:46:54 app_exe_path /tmp/tmpwi6ctxrd/tks-to-kintone.exe
2026-06-15T18:46:54 waiting parent process
2026-06-15T18:46:54 parent process exited
2026-06-15T18:46:54 installer exists true
2026-06-15T18:46:54 installer start
2026-06-15T18:46:54 installer args: (通常起動)
2026-06-15T18:46:54 installer exit code 0
2026-06-15T18:46:54 app restart: /tmp/tmpwi6ctxrd/tks-to-kintone.exe
2026-06-15T18:46:54 helper finished
2026-06-15T18:46:54 helper started
2026-06-15T18:46:54 helper_executable_path /home/admin/codex-work/TksToKintone/app/update_helper.py
2026-06-15T18:46:54 current_working_directory /home/admin/codex-work/TksToKintone
2026-06-15T18:46:54 parent_pid 0
2026-06-15T18:46:54 installer_path /tmp/tmpgyg966yo/missing-setup.exe
2026-06-15T18:46:54 app_exe_path /tmp/tmpgyg966yo/tks-to-kintone.exe
2026-06-15T18:46:54 waiting parent process
2026-06-15T18:46:54 parent process exited
2026-06-15T18:46:54 installer exists false
2026-06-15T18:46:54 インストーラが見つかりません: /tmp/tmpgyg966yo/missing-setup.exe
2026-06-15T18:47:03 helper started
2026-06-15T18:47:03 helper_executable_path /home/admin/codex-work/TksToKintone/app/update_helper.py
2026-06-15T18:47:03 current_working_directory /home/admin/codex-work/TksToKintone
2026-06-15T18:47:03 parent_pid 0
2026-06-15T18:47:03 installer_path /tmp/tmp6tjnoai3/tks-to-kintone-setup.exe
2026-06-15T18:47:03 app_exe_path /tmp/tmp6tjnoai3/tks-to-kintone.exe
2026-06-15T18:47:03 waiting parent process
2026-06-15T18:47:03 parent process exited
2026-06-15T18:47:03 installer exists true
2026-06-15T18:47:03 installer start
2026-06-15T18:47:03 installer args: (通常起動)
2026-06-15T18:47:03 installer exit code 1
2026-06-15T18:47:03 インストーラが異常終了したため再起動しません。
2026-06-15T18:47:03 helper started
2026-06-15T18:47:03 helper_executable_path /home/admin/codex-work/TksToKintone/app/update_helper.py
2026-06-15T18:47:03 current_working_directory /home/admin/codex-work/TksToKintone
2026-06-15T18:47:03 parent_pid 0
2026-06-15T18:47:03 installer_path /tmp/tmpypcicq2n/tks-to-kintone-setup.exe
2026-06-15T18:47:03 app_exe_path /tmp/tmpypcicq2n/tks-to-kintone.exe
2026-06-15T18:47:03 waiting parent process
2026-06-15T18:47:03 parent process exited
2026-06-15T18:47:03 installer exists true
2026-06-15T18:47:03 installer start
2026-06-15T18:47:03 installer args: (通常起動)
2026-06-15T18:47:03 installer exit code 0
2026-06-15T18:47:03 app restart: /tmp/tmpypcicq2n/tks-to-kintone.exe
2026-06-15T18:47:03 helper finished
2026-06-15T18:47:03 helper started
2026-06-15T18:47:03 helper_executable_path /home/admin/codex-work/TksToKintone/app/update_helper.py
2026-06-15T18:47:03 current_working_directory /home/admin/codex-work/TksToKintone
2026-06-15T18:47:03 parent_pid 0
2026-06-15T18:47:03 installer_path /tmp/tmpte6gz5iy/missing-setup.exe
2026-06-15T18:47:03 app_exe_path /tmp/tmpte6gz5iy/tks-to-kintone.exe
2026-06-15T18:47:03 waiting parent process
2026-06-15T18:47:03 parent process exited
2026-06-15T18:47:03 installer exists false
2026-06-15T18:47:03 インストーラが見つかりません: /tmp/tmpte6gz5iy/missing-setup.exe
2026-06-16T09:15:21 helper started
2026-06-16T09:15:21 helper_executable_path /home/admin/codex-work/TksToKintone/app/update_helper.py
2026-06-16T09:15:21 current_working_directory /home/admin/codex-work/TksToKintone
2026-06-16T09:15:21 parent_pid 0
2026-06-16T09:15:21 installer_path /tmp/tmpos44ot6r/tks-to-kintone-setup.exe
2026-06-16T09:15:21 app_exe_path /tmp/tmpos44ot6r/tks-to-kintone.exe
2026-06-16T09:15:21 waiting parent process
2026-06-16T09:15:21 parent process exited
2026-06-16T09:15:21 installer exists true
2026-06-16T09:15:21 installer start
2026-06-16T09:15:21 installer args: (通常起動)
2026-06-16T09:15:21 installer exit code 1
2026-06-16T09:15:21 インストーラが異常終了したため再起動しません。
2026-06-16T09:15:21 helper started
2026-06-16T09:15:21 helper_executable_path /home/admin/codex-work/TksToKintone/app/update_helper.py
2026-06-16T09:15:21 current_working_directory /home/admin/codex-work/TksToKintone
2026-06-16T09:15:21 parent_pid 0
2026-06-16T09:15:21 installer_path /tmp/tmpi33mhp4l/tks-to-kintone-setup.exe
2026-06-16T09:15:21 app_exe_path /tmp/tmpi33mhp4l/tks-to-kintone.exe
2026-06-16T09:15:21 waiting parent process
2026-06-16T09:15:21 parent process exited
2026-06-16T09:15:21 installer exists true
2026-06-16T09:15:21 installer start
2026-06-16T09:15:21 installer args: (通常起動)
2026-06-16T09:15:21 installer exit code 0
2026-06-16T09:15:21 app restart: /tmp/tmpi33mhp4l/tks-to-kintone.exe
2026-06-16T09:15:21 helper finished
2026-06-16T09:15:21 helper started
2026-06-16T09:15:21 helper_executable_path /home/admin/codex-work/TksToKintone/app/update_helper.py
2026-06-16T09:15:21 current_working_directory /home/admin/codex-work/TksToKintone
2026-06-16T09:15:21 parent_pid 0
2026-06-16T09:15:21 installer_path /tmp/tmp181n8w3t/missing-setup.exe
2026-06-16T09:15:21 app_exe_path /tmp/tmp181n8w3t/tks-to-kintone.exe
2026-06-16T09:15:21 waiting parent process
2026-06-16T09:15:21 parent process exited
2026-06-16T09:15:21 installer exists false
2026-06-16T09:15:21 インストーラが見つかりません: /tmp/tmp181n8w3t/missing-setup.exe
2026-06-16T09:15:31 helper started
2026-06-16T09:15:31 helper_executable_path /home/admin/codex-work/TksToKintone/app/update_helper.py
2026-06-16T09:15:31 current_working_directory /home/admin/codex-work/TksToKintone
2026-06-16T09:15:31 parent_pid 0
2026-06-16T09:15:31 installer_path /tmp/tmp72gslrzv/tks-to-kintone-setup.exe
2026-06-16T09:15:31 app_exe_path /tmp/tmp72gslrzv/tks-to-kintone.exe
2026-06-16T09:15:31 waiting parent process
2026-06-16T09:15:31 parent process exited
2026-06-16T09:15:31 installer exists true
2026-06-16T09:15:31 installer start
2026-06-16T09:15:31 installer args: (通常起動)
2026-06-16T09:15:31 installer exit code 1
2026-06-16T09:15:31 インストーラが異常終了したため再起動しません。
2026-06-16T09:15:31 helper started
2026-06-16T09:15:31 helper_executable_path /home/admin/codex-work/TksToKintone/app/update_helper.py
2026-06-16T09:15:31 current_working_directory /home/admin/codex-work/TksToKintone
2026-06-16T09:15:31 parent_pid 0
2026-06-16T09:15:31 installer_path /tmp/tmpm80t53mt/tks-to-kintone-setup.exe
2026-06-16T09:15:31 app_exe_path /tmp/tmpm80t53mt/tks-to-kintone.exe
2026-06-16T09:15:31 waiting parent process
2026-06-16T09:15:31 parent process exited
2026-06-16T09:15:31 installer exists true
2026-06-16T09:15:31 installer start
2026-06-16T09:15:31 installer args: (通常起動)
2026-06-16T09:15:31 installer exit code 0
2026-06-16T09:15:31 app restart: /tmp/tmpm80t53mt/tks-to-kintone.exe
2026-06-16T09:15:31 helper finished
2026-06-16T09:15:31 helper started
2026-06-16T09:15:31 helper_executable_path /home/admin/codex-work/TksToKintone/app/update_helper.py
2026-06-16T09:15:31 current_working_directory /home/admin/codex-work/TksToKintone
2026-06-16T09:15:31 parent_pid 0
2026-06-16T09:15:31 installer_path /tmp/tmpufsc2dtc/missing-setup.exe
2026-06-16T09:15:31 app_exe_path /tmp/tmpufsc2dtc/tks-to-kintone.exe
2026-06-16T09:15:31 waiting parent process
2026-06-16T09:15:31 parent process exited
2026-06-16T09:15:31 installer exists false
2026-06-16T09:15:31 インストーラが見つかりません: /tmp/tmpufsc2dtc/missing-setup.exe
2026-06-16T09:15:43 helper started
2026-06-16T09:15:43 helper_executable_path /home/admin/codex-work/TksToKintone/app/update_helper.py
2026-06-16T09:15:43 current_working_directory /home/admin/codex-work/TksToKintone
2026-06-16T09:15:43 parent_pid 0
2026-06-16T09:15:43 installer_path /tmp/tmpwtk3hbps/tks-to-kintone-setup.exe
2026-06-16T09:15:43 app_exe_path /tmp/tmpwtk3hbps/tks-to-kintone.exe
2026-06-16T09:15:43 waiting parent process
2026-06-16T09:15:43 parent process exited
2026-06-16T09:15:43 installer exists true
2026-06-16T09:15:43 installer start
2026-06-16T09:15:43 installer args: (通常起動)
2026-06-16T09:15:43 installer exit code 1
2026-06-16T09:15:43 インストーラが異常終了したため再起動しません。
2026-06-16T09:15:43 helper started
2026-06-16T09:15:43 helper_executable_path /home/admin/codex-work/TksToKintone/app/update_helper.py
2026-06-16T09:15:43 current_working_directory /home/admin/codex-work/TksToKintone
2026-06-16T09:15:43 parent_pid 0
2026-06-16T09:15:43 installer_path /tmp/tmp7j1p19f6/tks-to-kintone-setup.exe
2026-06-16T09:15:43 app_exe_path /tmp/tmp7j1p19f6/tks-to-kintone.exe
2026-06-16T09:15:43 waiting parent process
2026-06-16T09:15:43 parent process exited
2026-06-16T09:15:43 installer exists true
2026-06-16T09:15:43 installer start
2026-06-16T09:15:43 installer args: (通常起動)
2026-06-16T09:15:43 installer exit code 0
2026-06-16T09:15:43 app restart: /tmp/tmp7j1p19f6/tks-to-kintone.exe
2026-06-16T09:15:43 helper finished
2026-06-16T09:15:43 helper started
2026-06-16T09:15:43 helper_executable_path /home/admin/codex-work/TksToKintone/app/update_helper.py
2026-06-16T09:15:43 current_working_directory /home/admin/codex-work/TksToKintone
2026-06-16T09:15:43 parent_pid 0
2026-06-16T09:15:43 installer_path /tmp/tmpijz8rtn4/missing-setup.exe
2026-06-16T09:15:43 app_exe_path /tmp/tmpijz8rtn4/tks-to-kintone.exe
2026-06-16T09:15:43 waiting parent process
2026-06-16T09:15:43 parent process exited
2026-06-16T09:15:43 installer exists false
2026-06-16T09:15:43 インストーラが見つかりません: /tmp/tmpijz8rtn4/missing-setup.exe
2026-06-16T09:16:15 helper started
2026-06-16T09:16:15 helper_executable_path /home/admin/codex-work/TksToKintone/app/update_helper.py
2026-06-16T09:16:15 current_working_directory /home/admin/codex-work/TksToKintone
2026-06-16T09:16:15 parent_pid 0
2026-06-16T09:16:15 installer_path /tmp/tmpsglmx9tv/tks-to-kintone-setup.exe
2026-06-16T09:16:15 app_exe_path /tmp/tmpsglmx9tv/tks-to-kintone.exe
2026-06-16T09:16:15 waiting parent process
2026-06-16T09:16:15 parent process exited
2026-06-16T09:16:15 installer exists true
2026-06-16T09:16:15 installer start
2026-06-16T09:16:15 installer args: (通常起動)
2026-06-16T09:16:15 installer exit code 1
2026-06-16T09:16:15 インストーラが異常終了したため再起動しません。
2026-06-16T09:16:15 helper started
2026-06-16T09:16:15 helper_executable_path /home/admin/codex-work/TksToKintone/app/update_helper.py
2026-06-16T09:16:15 current_working_directory /home/admin/codex-work/TksToKintone
2026-06-16T09:16:15 parent_pid 0
2026-06-16T09:16:15 installer_path /tmp/tmplek5prpl/tks-to-kintone-setup.exe
2026-06-16T09:16:15 app_exe_path /tmp/tmplek5prpl/tks-to-kintone.exe
2026-06-16T09:16:15 waiting parent process
2026-06-16T09:16:15 parent process exited
2026-06-16T09:16:15 installer exists true
2026-06-16T09:16:15 installer start
2026-06-16T09:16:15 installer args: (通常起動)
2026-06-16T09:16:15 installer exit code 0
2026-06-16T09:16:15 app restart: /tmp/tmplek5prpl/tks-to-kintone.exe
2026-06-16T09:16:15 helper finished
2026-06-16T09:16:15 helper started
2026-06-16T09:16:15 helper_executable_path /home/admin/codex-work/TksToKintone/app/update_helper.py
2026-06-16T09:16:15 current_working_directory /home/admin/codex-work/TksToKintone
2026-06-16T09:16:15 parent_pid 0
2026-06-16T09:16:15 installer_path /tmp/tmplc1dw0jg/missing-setup.exe
2026-06-16T09:16:15 app_exe_path /tmp/tmplc1dw0jg/tks-to-kintone.exe
2026-06-16T09:16:15 waiting parent process
2026-06-16T09:16:15 parent process exited
2026-06-16T09:16:15 installer exists false
2026-06-16T09:16:15 インストーラが見つかりません: /tmp/tmplc1dw0jg/missing-setup.exe
2026-06-16T09:37:28 helper started
2026-06-16T09:37:28 helper_executable_path /home/admin/codex-work/TksToKintone/app/update_helper.py
2026-06-16T09:37:28 current_working_directory /home/admin/codex-work/TksToKintone
2026-06-16T09:37:28 parent_pid 0
2026-06-16T09:37:28 installer_path /tmp/tmpbbp06kga/tks-to-kintone-setup.exe
2026-06-16T09:37:28 app_exe_path /tmp/tmpbbp06kga/tks-to-kintone.exe
2026-06-16T09:37:28 waiting parent process
2026-06-16T09:37:28 parent process exited
2026-06-16T09:37:28 installer exists true
2026-06-16T09:37:28 installer start
2026-06-16T09:37:28 installer args: (通常起動)
2026-06-16T09:37:28 installer exit code 1
2026-06-16T09:37:28 インストーラが異常終了したため再起動しません。
2026-06-16T09:37:28 helper started
2026-06-16T09:37:28 helper_executable_path /home/admin/codex-work/TksToKintone/app/update_helper.py
2026-06-16T09:37:28 current_working_directory /home/admin/codex-work/TksToKintone
2026-06-16T09:37:28 parent_pid 0
2026-06-16T09:37:28 installer_path /tmp/tmpd1adl82h/tks-to-kintone-setup.exe
2026-06-16T09:37:28 app_exe_path /tmp/tmpd1adl82h/tks-to-kintone.exe
2026-06-16T09:37:28 waiting parent process
2026-06-16T09:37:28 parent process exited
2026-06-16T09:37:28 installer exists true
2026-06-16T09:37:28 installer start
2026-06-16T09:37:28 installer args: (通常起動)
2026-06-16T09:37:28 installer exit code 0
2026-06-16T09:37:28 app restart: /tmp/tmpd1adl82h/tks-to-kintone.exe
2026-06-16T09:37:28 helper finished
2026-06-16T09:37:28 helper started
2026-06-16T09:37:28 helper_executable_path /home/admin/codex-work/TksToKintone/app/update_helper.py
2026-06-16T09:37:28 current_working_directory /home/admin/codex-work/TksToKintone
2026-06-16T09:37:28 parent_pid 0
2026-06-16T09:37:28 installer_path /tmp/tmpb92269vx/missing-setup.exe
2026-06-16T09:37:28 app_exe_path /tmp/tmpb92269vx/tks-to-kintone.exe
2026-06-16T09:37:28 waiting parent process
2026-06-16T09:37:28 parent process exited
2026-06-16T09:37:28 installer exists false
2026-06-16T09:37:28 インストーラが見つかりません: /tmp/tmpb92269vx/missing-setup.exe
2026-06-16T09:41:30 helper started
2026-06-16T09:41:30 helper_executable_path /home/admin/codex-work/TksToKintone/app/update_helper.py
2026-06-16T09:41:30 current_working_directory /home/admin/codex-work/TksToKintone
2026-06-16T09:41:30 parent_pid 0
2026-06-16T09:41:30 installer_path /tmp/tmpzzeybq_6/tks-to-kintone-setup.exe
2026-06-16T09:41:30 app_exe_path /tmp/tmpzzeybq_6/tks-to-kintone.exe
2026-06-16T09:41:30 waiting parent process
2026-06-16T09:41:30 parent process exited
2026-06-16T09:41:30 installer exists true
2026-06-16T09:41:30 installer start
2026-06-16T09:41:30 installer args: (通常起動)
2026-06-16T09:41:30 installer exit code 1
2026-06-16T09:41:30 インストーラが異常終了したため再起動しません。
2026-06-16T09:41:30 helper started
2026-06-16T09:41:30 helper_executable_path /home/admin/codex-work/TksToKintone/app/update_helper.py
2026-06-16T09:41:30 current_working_directory /home/admin/codex-work/TksToKintone
2026-06-16T09:41:30 parent_pid 0
2026-06-16T09:41:30 installer_path /tmp/tmpxx6iz_wn/tks-to-kintone-setup.exe
2026-06-16T09:41:30 app_exe_path /tmp/tmpxx6iz_wn/tks-to-kintone.exe
2026-06-16T09:41:30 waiting parent process
2026-06-16T09:41:30 parent process exited
2026-06-16T09:41:30 installer exists true
2026-06-16T09:41:30 installer start
2026-06-16T09:41:30 installer args: (通常起動)
2026-06-16T09:41:30 installer exit code 0
2026-06-16T09:41:30 app restart: /tmp/tmpxx6iz_wn/tks-to-kintone.exe
2026-06-16T09:41:30 helper finished
2026-06-16T09:41:30 helper started
2026-06-16T09:41:30 helper_executable_path /home/admin/codex-work/TksToKintone/app/update_helper.py
2026-06-16T09:41:30 current_working_directory /home/admin/codex-work/TksToKintone
2026-06-16T09:41:30 parent_pid 0
2026-06-16T09:41:30 installer_path /tmp/tmp819fzvk8/missing-setup.exe
2026-06-16T09:41:30 app_exe_path /tmp/tmp819fzvk8/tks-to-kintone.exe
2026-06-16T09:41:30 waiting parent process
2026-06-16T09:41:30 parent process exited
2026-06-16T09:41:30 installer exists false
2026-06-16T09:41:30 インストーラが見つかりません: /tmp/tmp819fzvk8/missing-setup.exe
2026-06-16T09:43:12 helper started
2026-06-16T09:43:12 helper_executable_path /home/admin/codex-work/TksToKintone/app/update_helper.py
2026-06-16T09:43:12 current_working_directory /home/admin/codex-work/TksToKintone
2026-06-16T09:43:12 parent_pid 0
2026-06-16T09:43:12 installer_path /tmp/tmprlttwris/tks-to-kintone-setup.exe
2026-06-16T09:43:12 app_exe_path /tmp/tmprlttwris/tks-to-kintone.exe
2026-06-16T09:43:12 waiting parent process
2026-06-16T09:43:12 parent process exited
2026-06-16T09:43:12 installer exists true
2026-06-16T09:43:12 installer start
2026-06-16T09:43:12 installer args: (通常起動)
2026-06-16T09:43:12 installer exit code 1
2026-06-16T09:43:12 インストーラが異常終了したため再起動しません。
2026-06-16T09:43:12 helper started
2026-06-16T09:43:12 helper_executable_path /home/admin/codex-work/TksToKintone/app/update_helper.py
2026-06-16T09:43:12 current_working_directory /home/admin/codex-work/TksToKintone
2026-06-16T09:43:12 parent_pid 0
2026-06-16T09:43:12 installer_path /tmp/tmpoi5j8zp8/tks-to-kintone-setup.exe
2026-06-16T09:43:12 app_exe_path /tmp/tmpoi5j8zp8/tks-to-kintone.exe
2026-06-16T09:43:12 waiting parent process
2026-06-16T09:43:12 parent process exited
2026-06-16T09:43:12 installer exists true
2026-06-16T09:43:12 installer start
2026-06-16T09:43:12 installer args: (通常起動)
2026-06-16T09:43:12 installer exit code 0
2026-06-16T09:43:12 app restart: /tmp/tmpoi5j8zp8/tks-to-kintone.exe
2026-06-16T09:43:12 helper finished
2026-06-16T09:43:12 helper started
2026-06-16T09:43:12 helper_executable_path /home/admin/codex-work/TksToKintone/app/update_helper.py
2026-06-16T09:43:12 current_working_directory /home/admin/codex-work/TksToKintone
2026-06-16T09:43:12 parent_pid 0
2026-06-16T09:43:12 installer_path /tmp/tmpj2zgvlmd/missing-setup.exe
2026-06-16T09:43:12 app_exe_path /tmp/tmpj2zgvlmd/tks-to-kintone.exe
2026-06-16T09:43:12 waiting parent process
2026-06-16T09:43:12 parent process exited
2026-06-16T09:43:12 installer exists false
2026-06-16T09:43:12 インストーラが見つかりません: /tmp/tmpj2zgvlmd/missing-setup.exe
2026-06-16T09:43:28 helper started
2026-06-16T09:43:28 helper_executable_path /home/admin/codex-work/TksToKintone/app/update_helper.py
2026-06-16T09:43:28 current_working_directory /home/admin/codex-work/TksToKintone
2026-06-16T09:43:28 parent_pid 0
2026-06-16T09:43:28 installer_path /tmp/tmpdi_5p8az/tks-to-kintone-setup.exe
2026-06-16T09:43:28 app_exe_path /tmp/tmpdi_5p8az/tks-to-kintone.exe
2026-06-16T09:43:28 waiting parent process
2026-06-16T09:43:28 parent process exited
2026-06-16T09:43:28 installer exists true
2026-06-16T09:43:28 installer start
2026-06-16T09:43:28 installer args: (通常起動)
2026-06-16T09:43:28 installer exit code 1
2026-06-16T09:43:28 インストーラが異常終了したため再起動しません。
2026-06-16T09:43:28 helper started
2026-06-16T09:43:28 helper_executable_path /home/admin/codex-work/TksToKintone/app/update_helper.py
2026-06-16T09:43:28 current_working_directory /home/admin/codex-work/TksToKintone
2026-06-16T09:43:28 parent_pid 0
2026-06-16T09:43:28 installer_path /tmp/tmpiii07gtb/tks-to-kintone-setup.exe
2026-06-16T09:43:28 app_exe_path /tmp/tmpiii07gtb/tks-to-kintone.exe
2026-06-16T09:43:28 waiting parent process
2026-06-16T09:43:28 parent process exited
2026-06-16T09:43:28 installer exists true
2026-06-16T09:43:28 installer start
2026-06-16T09:43:28 installer args: (通常起動)
2026-06-16T09:43:28 installer exit code 0
2026-06-16T09:43:28 app restart: /tmp/tmpiii07gtb/tks-to-kintone.exe
2026-06-16T09:43:28 helper finished
2026-06-16T09:43:28 helper started
2026-06-16T09:43:28 helper_executable_path /home/admin/codex-work/TksToKintone/app/update_helper.py
2026-06-16T09:43:28 current_working_directory /home/admin/codex-work/TksToKintone
2026-06-16T09:43:28 parent_pid 0
2026-06-16T09:43:28 installer_path /tmp/tmpo74urrl8/missing-setup.exe
2026-06-16T09:43:28 app_exe_path /tmp/tmpo74urrl8/tks-to-kintone.exe
2026-06-16T09:43:28 waiting parent process
2026-06-16T09:43:28 parent process exited
2026-06-16T09:43:28 installer exists false
2026-06-16T09:43:28 インストーラが見つかりません: /tmp/tmpo74urrl8/missing-setup.exe
2026-06-16T09:43:38 helper started
2026-06-16T09:43:38 helper_executable_path /home/admin/codex-work/TksToKintone/app/update_helper.py
2026-06-16T09:43:38 current_working_directory /home/admin/codex-work/TksToKintone
2026-06-16T09:43:38 parent_pid 0
2026-06-16T09:43:38 installer_path /tmp/tmp1p5ewfno/tks-to-kintone-setup.exe
2026-06-16T09:43:38 app_exe_path /tmp/tmp1p5ewfno/tks-to-kintone.exe
2026-06-16T09:43:38 waiting parent process
2026-06-16T09:43:38 parent process exited
2026-06-16T09:43:38 installer exists true
2026-06-16T09:43:38 installer start
2026-06-16T09:43:38 installer args: (通常起動)
2026-06-16T09:43:38 installer exit code 1
2026-06-16T09:43:38 インストーラが異常終了したため再起動しません。
2026-06-16T09:43:38 helper started
2026-06-16T09:43:38 helper_executable_path /home/admin/codex-work/TksToKintone/app/update_helper.py
2026-06-16T09:43:38 current_working_directory /home/admin/codex-work/TksToKintone
2026-06-16T09:43:38 parent_pid 0
2026-06-16T09:43:38 installer_path /tmp/tmpq2zx3lp6/tks-to-kintone-setup.exe
2026-06-16T09:43:38 app_exe_path /tmp/tmpq2zx3lp6/tks-to-kintone.exe
2026-06-16T09:43:38 waiting parent process
2026-06-16T09:43:38 parent process exited
2026-06-16T09:43:38 installer exists true
2026-06-16T09:43:38 installer start
2026-06-16T09:43:38 installer args: (通常起動)
2026-06-16T09:43:38 installer exit code 0
2026-06-16T09:43:38 app restart: /tmp/tmpq2zx3lp6/tks-to-kintone.exe
2026-06-16T09:43:38 helper finished
2026-06-16T09:43:38 helper started
2026-06-16T09:43:38 helper_executable_path /home/admin/codex-work/TksToKintone/app/update_helper.py
2026-06-16T09:43:38 current_working_directory /home/admin/codex-work/TksToKintone
2026-06-16T09:43:38 parent_pid 0
2026-06-16T09:43:38 installer_path /tmp/tmpysej0zkp/missing-setup.exe
2026-06-16T09:43:38 app_exe_path /tmp/tmpysej0zkp/tks-to-kintone.exe
2026-06-16T09:43:38 waiting parent process
2026-06-16T09:43:38 parent process exited
2026-06-16T09:43:38 installer exists false
2026-06-16T09:43:38 インストーラが見つかりません: /tmp/tmpysej0zkp/missing-setup.exe
2026-06-16T09:57:20 helper started
2026-06-16T09:57:20 helper_executable_path /home/admin/codex-work/TksToKintone/app/update_helper.py
2026-06-16T09:57:20 current_working_directory /home/admin/codex-work/TksToKintone
2026-06-16T09:57:20 parent_pid 0
2026-06-16T09:57:20 installer_path /tmp/tmpggibf0pq/tks-to-kintone-setup.exe
2026-06-16T09:57:20 app_exe_path /tmp/tmpggibf0pq/tks-to-kintone.exe
2026-06-16T09:57:20 waiting parent process
2026-06-16T09:57:20 parent process exited
2026-06-16T09:57:20 installer exists true
2026-06-16T09:57:20 installer start
2026-06-16T09:57:20 installer args: (通常起動)
2026-06-16T09:57:20 installer exit code 1
2026-06-16T09:57:20 インストーラが異常終了したため再起動しません。
2026-06-16T09:57:20 helper started
2026-06-16T09:57:20 helper_executable_path /home/admin/codex-work/TksToKintone/app/update_helper.py
2026-06-16T09:57:20 current_working_directory /home/admin/codex-work/TksToKintone
2026-06-16T09:57:20 parent_pid 0
2026-06-16T09:57:20 installer_path /tmp/tmp_trlek8f/tks-to-kintone-setup.exe
2026-06-16T09:57:20 app_exe_path /tmp/tmp_trlek8f/tks-to-kintone.exe
2026-06-16T09:57:20 waiting parent process
2026-06-16T09:57:20 parent process exited
2026-06-16T09:57:20 installer exists true
2026-06-16T09:57:20 installer start
2026-06-16T09:57:20 installer args: (通常起動)
2026-06-16T09:57:20 installer exit code 0
2026-06-16T09:57:20 app restart: /tmp/tmp_trlek8f/tks-to-kintone.exe
2026-06-16T09:57:20 helper finished
2026-06-16T09:57:20 helper started
2026-06-16T09:57:20 helper_executable_path /home/admin/codex-work/TksToKintone/app/update_helper.py
2026-06-16T09:57:20 current_working_directory /home/admin/codex-work/TksToKintone
2026-06-16T09:57:20 parent_pid 0
2026-06-16T09:57:20 installer_path /tmp/tmpe3kv6z44/missing-setup.exe
2026-06-16T09:57:20 app_exe_path /tmp/tmpe3kv6z44/tks-to-kintone.exe
2026-06-16T09:57:20 waiting parent process
2026-06-16T09:57:20 parent process exited
2026-06-16T09:57:20 installer exists false
2026-06-16T09:57:20 インストーラが見つかりません: /tmp/tmpe3kv6z44/missing-setup.exe
2026-06-16T09:59:44 helper started
2026-06-16T09:59:44 helper_executable_path /home/admin/codex-work/TksToKintone/app/update_helper.py
2026-06-16T09:59:44 current_working_directory /home/admin/codex-work/TksToKintone
2026-06-16T09:59:44 parent_pid 0
2026-06-16T09:59:44 installer_path /tmp/tmpw3ukdxob/tks-to-kintone-setup.exe
2026-06-16T09:59:44 app_exe_path /tmp/tmpw3ukdxob/tks-to-kintone.exe
2026-06-16T09:59:44 waiting parent process
2026-06-16T09:59:44 parent process exited
2026-06-16T09:59:44 installer exists true
2026-06-16T09:59:44 installer start
2026-06-16T09:59:44 installer args: (通常起動)
2026-06-16T09:59:44 installer exit code 1
2026-06-16T09:59:44 インストーラが異常終了したため再起動しません。
2026-06-16T09:59:44 helper started
2026-06-16T09:59:44 helper_executable_path /home/admin/codex-work/TksToKintone/app/update_helper.py
2026-06-16T09:59:44 current_working_directory /home/admin/codex-work/TksToKintone
2026-06-16T09:59:44 parent_pid 0
2026-06-16T09:59:44 installer_path /tmp/tmpxhzhdmw2/tks-to-kintone-setup.exe
2026-06-16T09:59:44 app_exe_path /tmp/tmpxhzhdmw2/tks-to-kintone.exe
2026-06-16T09:59:44 waiting parent process
2026-06-16T09:59:44 parent process exited
2026-06-16T09:59:44 installer exists true
2026-06-16T09:59:44 installer start
2026-06-16T09:59:44 installer args: (通常起動)
2026-06-16T09:59:44 installer exit code 0
2026-06-16T09:59:44 app restart: /tmp/tmpxhzhdmw2/tks-to-kintone.exe
2026-06-16T09:59:44 helper finished
2026-06-16T09:59:44 helper started
2026-06-16T09:59:44 helper_executable_path /home/admin/codex-work/TksToKintone/app/update_helper.py
2026-06-16T09:59:44 current_working_directory /home/admin/codex-work/TksToKintone
2026-06-16T09:59:44 parent_pid 0
2026-06-16T09:59:44 installer_path /tmp/tmpmyp8sepd/missing-setup.exe
2026-06-16T09:59:44 app_exe_path /tmp/tmpmyp8sepd/tks-to-kintone.exe
2026-06-16T09:59:44 waiting parent process
2026-06-16T09:59:44 parent process exited
2026-06-16T09:59:44 installer exists false
2026-06-16T09:59:44 インストーラが見つかりません: /tmp/tmpmyp8sepd/missing-setup.exe
2026-06-16T10:00:18 helper started
2026-06-16T10:00:18 helper_executable_path /home/admin/codex-work/TksToKintone/app/update_helper.py
2026-06-16T10:00:18 current_working_directory /home/admin/codex-work/TksToKintone
2026-06-16T10:00:18 parent_pid 0
2026-06-16T10:00:18 installer_path /tmp/tmpy2ax3wx3/tks-to-kintone-setup.exe
2026-06-16T10:00:18 app_exe_path /tmp/tmpy2ax3wx3/tks-to-kintone.exe
2026-06-16T10:00:18 waiting parent process
2026-06-16T10:00:18 parent process exited
2026-06-16T10:00:18 installer exists true
2026-06-16T10:00:18 installer start
2026-06-16T10:00:18 installer args: (通常起動)
2026-06-16T10:00:18 installer exit code 1
2026-06-16T10:00:18 インストーラが異常終了したため再起動しません。
2026-06-16T10:00:18 helper started
2026-06-16T10:00:18 helper_executable_path /home/admin/codex-work/TksToKintone/app/update_helper.py
2026-06-16T10:00:18 current_working_directory /home/admin/codex-work/TksToKintone
2026-06-16T10:00:18 parent_pid 0
2026-06-16T10:00:18 installer_path /tmp/tmpje1lo91h/tks-to-kintone-setup.exe
2026-06-16T10:00:18 app_exe_path /tmp/tmpje1lo91h/tks-to-kintone.exe
2026-06-16T10:00:18 waiting parent process
2026-06-16T10:00:18 parent process exited
2026-06-16T10:00:18 installer exists true
2026-06-16T10:00:18 installer start
2026-06-16T10:00:18 installer args: (通常起動)
2026-06-16T10:00:18 installer exit code 0
2026-06-16T10:00:18 app restart: /tmp/tmpje1lo91h/tks-to-kintone.exe
2026-06-16T10:00:18 helper finished
2026-06-16T10:00:18 helper started
2026-06-16T10:00:18 helper_executable_path /home/admin/codex-work/TksToKintone/app/update_helper.py
2026-06-16T10:00:18 current_working_directory /home/admin/codex-work/TksToKintone
2026-06-16T10:00:18 parent_pid 0
2026-06-16T10:00:18 installer_path /tmp/tmpumcoigoa/missing-setup.exe
2026-06-16T10:00:18 app_exe_path /tmp/tmpumcoigoa/tks-to-kintone.exe
2026-06-16T10:00:18 waiting parent process
2026-06-16T10:00:18 parent process exited
2026-06-16T10:00:18 installer exists false
2026-06-16T10:00:18 インストーラが見つかりません: /tmp/tmpumcoigoa/missing-setup.exe
2026-06-16T10:00:31 helper started
2026-06-16T10:00:31 helper_executable_path /home/admin/codex-work/TksToKintone/app/update_helper.py
2026-06-16T10:00:31 current_working_directory /home/admin/codex-work/TksToKintone
2026-06-16T10:00:31 parent_pid 0
2026-06-16T10:00:31 installer_path /tmp/tmpj4o725r0/tks-to-kintone-setup.exe
2026-06-16T10:00:31 app_exe_path /tmp/tmpj4o725r0/tks-to-kintone.exe
2026-06-16T10:00:31 waiting parent process
2026-06-16T10:00:31 parent process exited
2026-06-16T10:00:31 installer exists true
2026-06-16T10:00:31 installer start
2026-06-16T10:00:31 installer args: (通常起動)
2026-06-16T10:00:31 installer exit code 1
2026-06-16T10:00:31 インストーラが異常終了したため再起動しません。
2026-06-16T10:00:31 helper started
2026-06-16T10:00:31 helper_executable_path /home/admin/codex-work/TksToKintone/app/update_helper.py
2026-06-16T10:00:31 current_working_directory /home/admin/codex-work/TksToKintone
2026-06-16T10:00:31 parent_pid 0
2026-06-16T10:00:31 installer_path /tmp/tmpf4dl23y6/tks-to-kintone-setup.exe
2026-06-16T10:00:31 app_exe_path /tmp/tmpf4dl23y6/tks-to-kintone.exe
2026-06-16T10:00:31 waiting parent process
2026-06-16T10:00:31 parent process exited
2026-06-16T10:00:31 installer exists true
2026-06-16T10:00:31 installer start
2026-06-16T10:00:31 installer args: (通常起動)
2026-06-16T10:00:31 installer exit code 0
2026-06-16T10:00:31 app restart: /tmp/tmpf4dl23y6/tks-to-kintone.exe
2026-06-16T10:00:31 helper finished
2026-06-16T10:00:31 helper started
2026-06-16T10:00:31 helper_executable_path /home/admin/codex-work/TksToKintone/app/update_helper.py
2026-06-16T10:00:31 current_working_directory /home/admin/codex-work/TksToKintone
2026-06-16T10:00:31 parent_pid 0
2026-06-16T10:00:31 installer_path /tmp/tmpk24jossi/missing-setup.exe
2026-06-16T10:00:31 app_exe_path /tmp/tmpk24jossi/tks-to-kintone.exe
2026-06-16T10:00:31 waiting parent process
2026-06-16T10:00:31 parent process exited
2026-06-16T10:00:31 installer exists false
2026-06-16T10:00:31 インストーラが見つかりません: /tmp/tmpk24jossi/missing-setup.exe
2026-06-16T10:10:43 helper started
2026-06-16T10:10:43 helper_executable_path /home/admin/codex-work/TksToKintone/app/update_helper.py
2026-06-16T10:10:43 current_working_directory /home/admin/codex-work/TksToKintone
2026-06-16T10:10:43 parent_pid 0
2026-06-16T10:10:43 installer_path /tmp/tmpm40ymmvr/tks-to-kintone-setup.exe
2026-06-16T10:10:43 app_exe_path /tmp/tmpm40ymmvr/tks-to-kintone.exe
2026-06-16T10:10:43 waiting parent process
2026-06-16T10:10:43 parent process exited
2026-06-16T10:10:43 installer exists true
2026-06-16T10:10:43 installer start
2026-06-16T10:10:43 installer args: (通常起動)
2026-06-16T10:10:43 installer exit code 1
2026-06-16T10:10:43 インストーラが異常終了したため再起動しません。
2026-06-16T10:10:43 helper started
2026-06-16T10:10:43 helper_executable_path /home/admin/codex-work/TksToKintone/app/update_helper.py
2026-06-16T10:10:43 current_working_directory /home/admin/codex-work/TksToKintone
2026-06-16T10:10:43 parent_pid 0
2026-06-16T10:10:43 installer_path /tmp/tmpl9hxtkls/tks-to-kintone-setup.exe
2026-06-16T10:10:43 app_exe_path /tmp/tmpl9hxtkls/tks-to-kintone.exe
2026-06-16T10:10:43 waiting parent process
2026-06-16T10:10:43 parent process exited
2026-06-16T10:10:43 installer exists true
2026-06-16T10:10:43 installer start
2026-06-16T10:10:43 installer args: (通常起動)
2026-06-16T10:10:43 installer exit code 0
2026-06-16T10:10:43 app restart: /tmp/tmpl9hxtkls/tks-to-kintone.exe
2026-06-16T10:10:43 helper finished
2026-06-16T10:10:43 helper started
2026-06-16T10:10:43 helper_executable_path /home/admin/codex-work/TksToKintone/app/update_helper.py
2026-06-16T10:10:43 current_working_directory /home/admin/codex-work/TksToKintone
2026-06-16T10:10:43 parent_pid 0
2026-06-16T10:10:43 installer_path /tmp/tmpdf83_9ph/missing-setup.exe
2026-06-16T10:10:43 app_exe_path /tmp/tmpdf83_9ph/tks-to-kintone.exe
2026-06-16T10:10:43 waiting parent process
2026-06-16T10:10:43 parent process exited
2026-06-16T10:10:43 installer exists false
2026-06-16T10:10:43 インストーラが見つかりません: /tmp/tmpdf83_9ph/missing-setup.exe
2026-06-16T10:21:13 helper started
2026-06-16T10:21:13 helper_executable_path /home/admin/codex-work/TksToKintone/app/update_helper.py
2026-06-16T10:21:13 current_working_directory /home/admin/codex-work/TksToKintone
2026-06-16T10:21:13 parent_pid 0
2026-06-16T10:21:13 installer_path /tmp/tmpjz5pofwm/tks-to-kintone-setup.exe
2026-06-16T10:21:13 app_exe_path /tmp/tmpjz5pofwm/tks-to-kintone.exe
2026-06-16T10:21:13 waiting parent process
2026-06-16T10:21:13 parent process exited
2026-06-16T10:21:13 installer exists true
2026-06-16T10:21:13 installer start
2026-06-16T10:21:13 installer args: (通常起動)
2026-06-16T10:21:13 installer exit code 1
2026-06-16T10:21:13 インストーラが異常終了したため再起動しません。
2026-06-16T10:21:13 helper started
2026-06-16T10:21:13 helper_executable_path /home/admin/codex-work/TksToKintone/app/update_helper.py
2026-06-16T10:21:13 current_working_directory /home/admin/codex-work/TksToKintone
2026-06-16T10:21:13 parent_pid 0
2026-06-16T10:21:13 installer_path /tmp/tmpejc8qju2/tks-to-kintone-setup.exe
2026-06-16T10:21:13 app_exe_path /tmp/tmpejc8qju2/tks-to-kintone.exe
2026-06-16T10:21:13 waiting parent process
2026-06-16T10:21:13 parent process exited
2026-06-16T10:21:13 installer exists true
2026-06-16T10:21:13 installer start
2026-06-16T10:21:13 installer args: (通常起動)
2026-06-16T10:21:13 installer exit code 0
2026-06-16T10:21:13 app restart: /tmp/tmpejc8qju2/tks-to-kintone.exe
2026-06-16T10:21:13 helper finished
2026-06-16T10:21:13 helper started
2026-06-16T10:21:13 helper_executable_path /home/admin/codex-work/TksToKintone/app/update_helper.py
2026-06-16T10:21:13 current_working_directory /home/admin/codex-work/TksToKintone
2026-06-16T10:21:13 parent_pid 0
2026-06-16T10:21:13 installer_path /tmp/tmpije49uv6/missing-setup.exe
2026-06-16T10:21:13 app_exe_path /tmp/tmpije49uv6/tks-to-kintone.exe
2026-06-16T10:21:13 waiting parent process
2026-06-16T10:21:13 parent process exited
2026-06-16T10:21:13 installer exists false
2026-06-16T10:21:13 インストーラが見つかりません: /tmp/tmpije49uv6/missing-setup.exe
2026-06-16T13:09:35 helper started
2026-06-16T13:09:35 helper_executable_path /home/admin/codex-work/TksToKintone/app/update_helper.py
2026-06-16T13:09:35 current_working_directory /home/admin/codex-work/TksToKintone
2026-06-16T13:09:35 parent_pid 0
2026-06-16T13:09:35 installer_path /tmp/tmp7vzsl5r5/tks-to-kintone-setup.exe
2026-06-16T13:09:35 app_exe_path /tmp/tmp7vzsl5r5/tks-to-kintone.exe
2026-06-16T13:09:35 waiting parent process
2026-06-16T13:09:35 parent process exited
2026-06-16T13:09:35 installer exists true
2026-06-16T13:09:35 installer start
2026-06-16T13:09:35 installer args: (通常起動)
2026-06-16T13:09:35 installer exit code 1
2026-06-16T13:09:35 インストーラが異常終了したため再起動しません。
2026-06-16T13:09:35 helper started
2026-06-16T13:09:35 helper_executable_path /home/admin/codex-work/TksToKintone/app/update_helper.py
2026-06-16T13:09:35 current_working_directory /home/admin/codex-work/TksToKintone
2026-06-16T13:09:35 parent_pid 0
2026-06-16T13:09:35 installer_path /tmp/tmp93xds9rk/tks-to-kintone-setup.exe
2026-06-16T13:09:35 app_exe_path /tmp/tmp93xds9rk/tks-to-kintone.exe
2026-06-16T13:09:35 waiting parent process
2026-06-16T13:09:35 parent process exited
2026-06-16T13:09:35 installer exists true
2026-06-16T13:09:35 installer start
2026-06-16T13:09:35 installer args: (通常起動)
2026-06-16T13:09:35 installer exit code 0
2026-06-16T13:09:35 app restart: /tmp/tmp93xds9rk/tks-to-kintone.exe
2026-06-16T13:09:35 helper finished
2026-06-16T13:09:35 helper started
2026-06-16T13:09:35 helper_executable_path /home/admin/codex-work/TksToKintone/app/update_helper.py
2026-06-16T13:09:35 current_working_directory /home/admin/codex-work/TksToKintone
2026-06-16T13:09:35 parent_pid 0
2026-06-16T13:09:35 installer_path /tmp/tmpyp1ophr5/missing-setup.exe
2026-06-16T13:09:35 app_exe_path /tmp/tmpyp1ophr5/tks-to-kintone.exe
2026-06-16T13:09:35 waiting parent process
2026-06-16T13:09:35 parent process exited
2026-06-16T13:09:35 installer exists false
2026-06-16T13:09:35 インストーラが見つかりません: /tmp/tmpyp1ophr5/missing-setup.exe
2026-06-16T13:09:46 helper started
2026-06-16T13:09:46 helper_executable_path /home/admin/codex-work/TksToKintone/app/update_helper.py
2026-06-16T13:09:46 current_working_directory /home/admin/codex-work/TksToKintone
2026-06-16T13:09:46 parent_pid 0
2026-06-16T13:09:46 installer_path /tmp/tmpsvrvwrdp/tks-to-kintone-setup.exe
2026-06-16T13:09:46 app_exe_path /tmp/tmpsvrvwrdp/tks-to-kintone.exe
2026-06-16T13:09:46 waiting parent process
2026-06-16T13:09:46 parent process exited
2026-06-16T13:09:46 installer exists true
2026-06-16T13:09:46 installer start
2026-06-16T13:09:46 installer args: (通常起動)
2026-06-16T13:09:46 installer exit code 1
2026-06-16T13:09:46 インストーラが異常終了したため再起動しません。
2026-06-16T13:09:46 helper started
2026-06-16T13:09:46 helper_executable_path /home/admin/codex-work/TksToKintone/app/update_helper.py
2026-06-16T13:09:46 current_working_directory /home/admin/codex-work/TksToKintone
2026-06-16T13:09:46 parent_pid 0
2026-06-16T13:09:46 installer_path /tmp/tmpbk8ooniu/tks-to-kintone-setup.exe
2026-06-16T13:09:46 app_exe_path /tmp/tmpbk8ooniu/tks-to-kintone.exe
2026-06-16T13:09:46 waiting parent process
2026-06-16T13:09:46 parent process exited
2026-06-16T13:09:46 installer exists true
2026-06-16T13:09:46 installer start
2026-06-16T13:09:46 installer args: (通常起動)
2026-06-16T13:09:46 installer exit code 0
2026-06-16T13:09:46 app restart: /tmp/tmpbk8ooniu/tks-to-kintone.exe
2026-06-16T13:09:46 helper finished
2026-06-16T13:09:46 helper started
2026-06-16T13:09:46 helper_executable_path /home/admin/codex-work/TksToKintone/app/update_helper.py
2026-06-16T13:09:46 current_working_directory /home/admin/codex-work/TksToKintone
2026-06-16T13:09:46 parent_pid 0
2026-06-16T13:09:46 installer_path /tmp/tmph4de6fam/missing-setup.exe
2026-06-16T13:09:46 app_exe_path /tmp/tmph4de6fam/tks-to-kintone.exe
2026-06-16T13:09:46 waiting parent process
2026-06-16T13:09:46 parent process exited
2026-06-16T13:09:46 installer exists false
2026-06-16T13:09:46 インストーラが見つかりません: /tmp/tmph4de6fam/missing-setup.exe
2026-06-16T13:10:17 helper started
2026-06-16T13:10:17 helper_executable_path /home/admin/codex-work/TksToKintone/app/update_helper.py
2026-06-16T13:10:17 current_working_directory /home/admin/codex-work/TksToKintone
2026-06-16T13:10:17 parent_pid 0
2026-06-16T13:10:17 installer_path /tmp/tmpvuxmxua3/tks-to-kintone-setup.exe
2026-06-16T13:10:17 app_exe_path /tmp/tmpvuxmxua3/tks-to-kintone.exe
2026-06-16T13:10:17 waiting parent process
2026-06-16T13:10:17 parent process exited
2026-06-16T13:10:17 installer exists true
2026-06-16T13:10:17 installer start
2026-06-16T13:10:17 installer args: (通常起動)
2026-06-16T13:10:17 installer exit code 1
2026-06-16T13:10:17 インストーラが異常終了したため再起動しません。
2026-06-16T13:10:17 helper started
2026-06-16T13:10:17 helper_executable_path /home/admin/codex-work/TksToKintone/app/update_helper.py
2026-06-16T13:10:17 current_working_directory /home/admin/codex-work/TksToKintone
2026-06-16T13:10:17 parent_pid 0
2026-06-16T13:10:17 installer_path /tmp/tmpk2r2tyrj/tks-to-kintone-setup.exe
2026-06-16T13:10:17 app_exe_path /tmp/tmpk2r2tyrj/tks-to-kintone.exe
2026-06-16T13:10:17 waiting parent process
2026-06-16T13:10:17 parent process exited
2026-06-16T13:10:17 installer exists true
2026-06-16T13:10:17 installer start
2026-06-16T13:10:17 installer args: (通常起動)
2026-06-16T13:10:17 installer exit code 0
2026-06-16T13:10:17 app restart: /tmp/tmpk2r2tyrj/tks-to-kintone.exe
2026-06-16T13:10:17 helper finished
2026-06-16T13:10:17 helper started
2026-06-16T13:10:17 helper_executable_path /home/admin/codex-work/TksToKintone/app/update_helper.py
2026-06-16T13:10:17 current_working_directory /home/admin/codex-work/TksToKintone
2026-06-16T13:10:17 parent_pid 0
2026-06-16T13:10:17 installer_path /tmp/tmpdj87j9o2/missing-setup.exe
2026-06-16T13:10:17 app_exe_path /tmp/tmpdj87j9o2/tks-to-kintone.exe
2026-06-16T13:10:17 waiting parent process
2026-06-16T13:10:17 parent process exited
2026-06-16T13:10:17 installer exists false
2026-06-16T13:10:17 インストーラが見つかりません: /tmp/tmpdj87j9o2/missing-setup.exe
2026-06-16T13:10:29 helper started
2026-06-16T13:10:29 helper_executable_path /home/admin/codex-work/TksToKintone/app/update_helper.py
2026-06-16T13:10:29 current_working_directory /home/admin/codex-work/TksToKintone
2026-06-16T13:10:29 parent_pid 0
2026-06-16T13:10:29 installer_path /tmp/tmps0eery6x/tks-to-kintone-setup.exe
2026-06-16T13:10:29 app_exe_path /tmp/tmps0eery6x/tks-to-kintone.exe
2026-06-16T13:10:29 waiting parent process
2026-06-16T13:10:29 parent process exited
2026-06-16T13:10:29 installer exists true
2026-06-16T13:10:29 installer start
2026-06-16T13:10:29 installer args: (通常起動)
2026-06-16T13:10:29 installer exit code 1
2026-06-16T13:10:29 インストーラが異常終了したため再起動しません。
2026-06-16T13:10:29 helper started
2026-06-16T13:10:29 helper_executable_path /home/admin/codex-work/TksToKintone/app/update_helper.py
2026-06-16T13:10:29 current_working_directory /home/admin/codex-work/TksToKintone
2026-06-16T13:10:29 parent_pid 0
2026-06-16T13:10:29 installer_path /tmp/tmp_0ho05d0/tks-to-kintone-setup.exe
2026-06-16T13:10:29 app_exe_path /tmp/tmp_0ho05d0/tks-to-kintone.exe
2026-06-16T13:10:29 waiting parent process
2026-06-16T13:10:29 parent process exited
2026-06-16T13:10:29 installer exists true
2026-06-16T13:10:29 installer start
2026-06-16T13:10:29 installer args: (通常起動)
2026-06-16T13:10:29 installer exit code 0
2026-06-16T13:10:29 app restart: /tmp/tmp_0ho05d0/tks-to-kintone.exe
2026-06-16T13:10:29 helper finished
2026-06-16T13:10:29 helper started
2026-06-16T13:10:29 helper_executable_path /home/admin/codex-work/TksToKintone/app/update_helper.py
2026-06-16T13:10:29 current_working_directory /home/admin/codex-work/TksToKintone
2026-06-16T13:10:29 parent_pid 0
2026-06-16T13:10:29 installer_path /tmp/tmp7_luvkx3/missing-setup.exe
2026-06-16T13:10:29 app_exe_path /tmp/tmp7_luvkx3/tks-to-kintone.exe
2026-06-16T13:10:29 waiting parent process
2026-06-16T13:10:29 parent process exited
2026-06-16T13:10:29 installer exists false
2026-06-16T13:10:29 インストーラが見つかりません: /tmp/tmp7_luvkx3/missing-setup.exe
2026-06-16T14:30:07 helper started
2026-06-16T14:30:07 helper_executable_path /home/admin/codex-work/TksToKintone/app/update_helper.py
2026-06-16T14:30:07 current_working_directory /home/admin/codex-work/TksToKintone
2026-06-16T14:30:07 parent_pid 0
2026-06-16T14:30:07 installer_path /tmp/tmpahzic81o/tks-to-kintone-setup.exe
2026-06-16T14:30:07 app_exe_path /tmp/tmpahzic81o/tks-to-kintone.exe
2026-06-16T14:30:07 waiting parent process
2026-06-16T14:30:07 parent process exited
2026-06-16T14:30:07 installer exists true
2026-06-16T14:30:07 installer start
2026-06-16T14:30:07 installer args: (通常起動)
2026-06-16T14:30:07 installer exit code 1
2026-06-16T14:30:07 インストーラが異常終了したため再起動しません。
2026-06-16T14:30:07 helper started
2026-06-16T14:30:07 helper_executable_path /home/admin/codex-work/TksToKintone/app/update_helper.py
2026-06-16T14:30:07 current_working_directory /home/admin/codex-work/TksToKintone
2026-06-16T14:30:07 parent_pid 0
2026-06-16T14:30:07 installer_path /tmp/tmpcbq10m_m/tks-to-kintone-setup.exe
2026-06-16T14:30:07 app_exe_path /tmp/tmpcbq10m_m/tks-to-kintone.exe
2026-06-16T14:30:07 waiting parent process
2026-06-16T14:30:07 parent process exited
2026-06-16T14:30:07 installer exists true
2026-06-16T14:30:07 installer start
2026-06-16T14:30:07 installer args: (通常起動)
2026-06-16T14:30:07 installer exit code 0
2026-06-16T14:30:07 app restart: /tmp/tmpcbq10m_m/tks-to-kintone.exe
2026-06-16T14:30:07 helper finished
2026-06-16T14:30:07 helper started
2026-06-16T14:30:07 helper_executable_path /home/admin/codex-work/TksToKintone/app/update_helper.py
2026-06-16T14:30:07 current_working_directory /home/admin/codex-work/TksToKintone
2026-06-16T14:30:07 parent_pid 0
2026-06-16T14:30:07 installer_path /tmp/tmpyylw1g2q/missing-setup.exe
2026-06-16T14:30:07 app_exe_path /tmp/tmpyylw1g2q/tks-to-kintone.exe
2026-06-16T14:30:07 waiting parent process
2026-06-16T14:30:07 parent process exited
2026-06-16T14:30:07 installer exists false
2026-06-16T14:30:07 インストーラが見つかりません: /tmp/tmpyylw1g2q/missing-setup.exe
2026-06-16T14:30:16 helper started
2026-06-16T14:30:16 helper_executable_path /home/admin/codex-work/TksToKintone/app/update_helper.py
2026-06-16T14:30:16 current_working_directory /home/admin/codex-work/TksToKintone
2026-06-16T14:30:16 parent_pid 0
2026-06-16T14:30:16 installer_path /tmp/tmp0qly3_kr/tks-to-kintone-setup.exe
2026-06-16T14:30:16 app_exe_path /tmp/tmp0qly3_kr/tks-to-kintone.exe
2026-06-16T14:30:16 waiting parent process
2026-06-16T14:30:16 parent process exited
2026-06-16T14:30:16 installer exists true
2026-06-16T14:30:16 installer start
2026-06-16T14:30:16 installer args: (通常起動)
2026-06-16T14:30:16 installer exit code 1
2026-06-16T14:30:16 インストーラが異常終了したため再起動しません。
2026-06-16T14:30:16 helper started
2026-06-16T14:30:16 helper_executable_path /home/admin/codex-work/TksToKintone/app/update_helper.py
2026-06-16T14:30:16 current_working_directory /home/admin/codex-work/TksToKintone
2026-06-16T14:30:16 parent_pid 0
2026-06-16T14:30:16 installer_path /tmp/tmp90jxqrlk/tks-to-kintone-setup.exe
2026-06-16T14:30:16 app_exe_path /tmp/tmp90jxqrlk/tks-to-kintone.exe
2026-06-16T14:30:16 waiting parent process
2026-06-16T14:30:16 parent process exited
2026-06-16T14:30:16 installer exists true
2026-06-16T14:30:16 installer start
2026-06-16T14:30:16 installer args: (通常起動)
2026-06-16T14:30:16 installer exit code 0
2026-06-16T14:30:16 app restart: /tmp/tmp90jxqrlk/tks-to-kintone.exe
2026-06-16T14:30:16 helper finished
2026-06-16T14:30:16 helper started
2026-06-16T14:30:16 helper_executable_path /home/admin/codex-work/TksToKintone/app/update_helper.py
2026-06-16T14:30:16 current_working_directory /home/admin/codex-work/TksToKintone
2026-06-16T14:30:16 parent_pid 0
2026-06-16T14:30:16 installer_path /tmp/tmp8th_8zls/missing-setup.exe
2026-06-16T14:30:16 app_exe_path /tmp/tmp8th_8zls/tks-to-kintone.exe
2026-06-16T14:30:16 waiting parent process
2026-06-16T14:30:16 parent process exited
2026-06-16T14:30:16 installer exists false
2026-06-16T14:30:16 インストーラが見つかりません: /tmp/tmp8th_8zls/missing-setup.exe
2026-06-16T14:44:11 helper started
2026-06-16T14:44:11 helper_executable_path /home/admin/codex-work/TksToKintone/app/update_helper.py
2026-06-16T14:44:11 current_working_directory /home/admin/codex-work/TksToKintone
2026-06-16T14:44:11 parent_pid 0
2026-06-16T14:44:11 installer_path /tmp/tmpfmh82439/tks-to-kintone-setup.exe
2026-06-16T14:44:11 app_exe_path /tmp/tmpfmh82439/tks-to-kintone.exe
2026-06-16T14:44:11 waiting parent process
2026-06-16T14:44:11 parent process exited
2026-06-16T14:44:11 installer exists true
2026-06-16T14:44:11 installer start
2026-06-16T14:44:11 installer args: (通常起動)
2026-06-16T14:44:11 installer exit code 1
2026-06-16T14:44:11 インストーラが異常終了したため再起動しません。
2026-06-16T14:44:11 helper started
2026-06-16T14:44:11 helper_executable_path /home/admin/codex-work/TksToKintone/app/update_helper.py
2026-06-16T14:44:11 current_working_directory /home/admin/codex-work/TksToKintone
2026-06-16T14:44:11 parent_pid 0
2026-06-16T14:44:11 installer_path /tmp/tmptkhu484b/tks-to-kintone-setup.exe
2026-06-16T14:44:11 app_exe_path /tmp/tmptkhu484b/tks-to-kintone.exe
2026-06-16T14:44:11 waiting parent process
2026-06-16T14:44:11 parent process exited
2026-06-16T14:44:11 installer exists true
2026-06-16T14:44:11 installer start
2026-06-16T14:44:11 installer args: (通常起動)
2026-06-16T14:44:11 installer exit code 0
2026-06-16T14:44:11 app restart: /tmp/tmptkhu484b/tks-to-kintone.exe
2026-06-16T14:44:11 helper finished
2026-06-16T14:44:11 helper started
2026-06-16T14:44:11 helper_executable_path /home/admin/codex-work/TksToKintone/app/update_helper.py
2026-06-16T14:44:11 current_working_directory /home/admin/codex-work/TksToKintone
2026-06-16T14:44:11 parent_pid 0
2026-06-16T14:44:11 installer_path /tmp/tmph5x47nu0/missing-setup.exe
2026-06-16T14:44:11 app_exe_path /tmp/tmph5x47nu0/tks-to-kintone.exe
2026-06-16T14:44:11 waiting parent process
2026-06-16T14:44:11 parent process exited
2026-06-16T14:44:11 installer exists false
2026-06-16T14:44:11 インストーラが見つかりません: /tmp/tmph5x47nu0/missing-setup.exe
2026-06-16T14:45:12 helper started
2026-06-16T14:45:12 helper_executable_path /home/admin/codex-work/TksToKintone/app/update_helper.py
2026-06-16T14:45:12 current_working_directory /home/admin/codex-work/TksToKintone
2026-06-16T14:45:12 parent_pid 0
2026-06-16T14:45:12 installer_path /tmp/tmp_c6a0ny4/tks-to-kintone-setup.exe
2026-06-16T14:45:12 app_exe_path /tmp/tmp_c6a0ny4/tks-to-kintone.exe
2026-06-16T14:45:12 waiting parent process
2026-06-16T14:45:12 parent process exited
2026-06-16T14:45:12 installer exists true
2026-06-16T14:45:12 installer start
2026-06-16T14:45:12 installer args: (通常起動)
2026-06-16T14:45:12 installer exit code 1
2026-06-16T14:45:12 インストーラが異常終了したため再起動しません。
2026-06-16T14:45:12 helper started
2026-06-16T14:45:12 helper_executable_path /home/admin/codex-work/TksToKintone/app/update_helper.py
2026-06-16T14:45:12 current_working_directory /home/admin/codex-work/TksToKintone
2026-06-16T14:45:12 parent_pid 0
2026-06-16T14:45:12 installer_path /tmp/tmptxm4zvv4/tks-to-kintone-setup.exe
2026-06-16T14:45:12 app_exe_path /tmp/tmptxm4zvv4/tks-to-kintone.exe
2026-06-16T14:45:12 waiting parent process
2026-06-16T14:45:12 parent process exited
2026-06-16T14:45:12 installer exists true
2026-06-16T14:45:12 installer start
2026-06-16T14:45:12 installer args: (通常起動)
2026-06-16T14:45:12 installer exit code 0
2026-06-16T14:45:12 app restart: /tmp/tmptxm4zvv4/tks-to-kintone.exe
2026-06-16T14:45:12 helper finished
2026-06-16T14:45:12 helper started
2026-06-16T14:45:12 helper_executable_path /home/admin/codex-work/TksToKintone/app/update_helper.py
2026-06-16T14:45:12 current_working_directory /home/admin/codex-work/TksToKintone
2026-06-16T14:45:12 parent_pid 0
2026-06-16T14:45:12 installer_path /tmp/tmpwa8wx7qh/missing-setup.exe
2026-06-16T14:45:12 app_exe_path /tmp/tmpwa8wx7qh/tks-to-kintone.exe
2026-06-16T14:45:12 waiting parent process
2026-06-16T14:45:12 parent process exited
2026-06-16T14:45:12 installer exists false
2026-06-16T14:45:12 インストーラが見つかりません: /tmp/tmpwa8wx7qh/missing-setup.exe
2026-06-16T14:46:26 helper started
2026-06-16T14:46:26 helper_executable_path /home/admin/codex-work/TksToKintone/app/update_helper.py
2026-06-16T14:46:26 current_working_directory /home/admin/codex-work/TksToKintone
2026-06-16T14:46:26 parent_pid 0
2026-06-16T14:46:26 installer_path /tmp/tmpeppozo5v/tks-to-kintone-setup.exe
2026-06-16T14:46:26 app_exe_path /tmp/tmpeppozo5v/tks-to-kintone.exe
2026-06-16T14:46:26 waiting parent process
2026-06-16T14:46:26 parent process exited
2026-06-16T14:46:26 installer exists true
2026-06-16T14:46:26 installer start
2026-06-16T14:46:26 installer args: (通常起動)
2026-06-16T14:46:26 installer exit code 1
2026-06-16T14:46:26 インストーラが異常終了したため再起動しません。
2026-06-16T14:46:26 helper started
2026-06-16T14:46:26 helper_executable_path /home/admin/codex-work/TksToKintone/app/update_helper.py
2026-06-16T14:46:26 current_working_directory /home/admin/codex-work/TksToKintone
2026-06-16T14:46:26 parent_pid 0
2026-06-16T14:46:26 installer_path /tmp/tmps_fly9ln/tks-to-kintone-setup.exe
2026-06-16T14:46:26 app_exe_path /tmp/tmps_fly9ln/tks-to-kintone.exe
2026-06-16T14:46:26 waiting parent process
2026-06-16T14:46:26 parent process exited
2026-06-16T14:46:26 installer exists true
2026-06-16T14:46:26 installer start
2026-06-16T14:46:26 installer args: (通常起動)
2026-06-16T14:46:26 installer exit code 0
2026-06-16T14:46:26 app restart: /tmp/tmps_fly9ln/tks-to-kintone.exe
2026-06-16T14:46:26 helper finished
2026-06-16T14:46:26 helper started
2026-06-16T14:46:26 helper_executable_path /home/admin/codex-work/TksToKintone/app/update_helper.py
2026-06-16T14:46:26 current_working_directory /home/admin/codex-work/TksToKintone
2026-06-16T14:46:26 parent_pid 0
2026-06-16T14:46:26 installer_path /tmp/tmp6hyokftn/missing-setup.exe
2026-06-16T14:46:26 app_exe_path /tmp/tmp6hyokftn/tks-to-kintone.exe
2026-06-16T14:46:26 waiting parent process
2026-06-16T14:46:26 parent process exited
2026-06-16T14:46:26 installer exists false
2026-06-16T14:46:26 インストーラが見つかりません: /tmp/tmp6hyokftn/missing-setup.exe
2026-06-16T14:46:52 helper started
2026-06-16T14:46:52 helper_executable_path /home/admin/codex-work/TksToKintone/app/update_helper.py
2026-06-16T14:46:52 current_working_directory /home/admin/codex-work/TksToKintone
2026-06-16T14:46:52 parent_pid 0
2026-06-16T14:46:52 installer_path /tmp/tmp0hb8pa9f/tks-to-kintone-setup.exe
2026-06-16T14:46:52 app_exe_path /tmp/tmp0hb8pa9f/tks-to-kintone.exe
2026-06-16T14:46:52 waiting parent process
2026-06-16T14:46:52 parent process exited
2026-06-16T14:46:52 installer exists true
2026-06-16T14:46:52 installer start
2026-06-16T14:46:52 installer args: (通常起動)
2026-06-16T14:46:52 installer exit code 1
2026-06-16T14:46:52 インストーラが異常終了したため再起動しません。
2026-06-16T14:46:52 helper started
2026-06-16T14:46:52 helper_executable_path /home/admin/codex-work/TksToKintone/app/update_helper.py
2026-06-16T14:46:52 current_working_directory /home/admin/codex-work/TksToKintone
2026-06-16T14:46:52 parent_pid 0
2026-06-16T14:46:52 installer_path /tmp/tmp5qftt37o/tks-to-kintone-setup.exe
2026-06-16T14:46:52 app_exe_path /tmp/tmp5qftt37o/tks-to-kintone.exe
2026-06-16T14:46:52 waiting parent process
2026-06-16T14:46:52 parent process exited
2026-06-16T14:46:52 installer exists true
2026-06-16T14:46:52 installer start
2026-06-16T14:46:52 installer args: (通常起動)
2026-06-16T14:46:52 installer exit code 0
2026-06-16T14:46:52 app restart: /tmp/tmp5qftt37o/tks-to-kintone.exe
2026-06-16T14:46:52 helper finished
2026-06-16T14:46:52 helper started
2026-06-16T14:46:52 helper_executable_path /home/admin/codex-work/TksToKintone/app/update_helper.py
2026-06-16T14:46:52 current_working_directory /home/admin/codex-work/TksToKintone
2026-06-16T14:46:52 parent_pid 0
2026-06-16T14:46:52 installer_path /tmp/tmp0ohurpxl/missing-setup.exe
2026-06-16T14:46:52 app_exe_path /tmp/tmp0ohurpxl/tks-to-kintone.exe
2026-06-16T14:46:52 waiting parent process
2026-06-16T14:46:52 parent process exited
2026-06-16T14:46:52 installer exists false
2026-06-16T14:46:52 インストーラが見つかりません: /tmp/tmp0ohurpxl/missing-setup.exe
2026-06-16T14:47:08 helper started
2026-06-16T14:47:08 helper_executable_path /home/admin/codex-work/TksToKintone/app/update_helper.py
2026-06-16T14:47:08 current_working_directory /home/admin/codex-work/TksToKintone
2026-06-16T14:47:08 parent_pid 0
2026-06-16T14:47:08 installer_path /tmp/tmp4p1lky35/tks-to-kintone-setup.exe
2026-06-16T14:47:08 app_exe_path /tmp/tmp4p1lky35/tks-to-kintone.exe
2026-06-16T14:47:08 waiting parent process
2026-06-16T14:47:08 parent process exited
2026-06-16T14:47:08 installer exists true
2026-06-16T14:47:08 installer start
2026-06-16T14:47:08 installer args: (通常起動)
2026-06-16T14:47:08 installer exit code 1
2026-06-16T14:47:08 インストーラが異常終了したため再起動しません。
2026-06-16T14:47:08 helper started
2026-06-16T14:47:08 helper_executable_path /home/admin/codex-work/TksToKintone/app/update_helper.py
2026-06-16T14:47:08 current_working_directory /home/admin/codex-work/TksToKintone
2026-06-16T14:47:08 parent_pid 0
2026-06-16T14:47:08 installer_path /tmp/tmp0fmghdrt/tks-to-kintone-setup.exe
2026-06-16T14:47:08 app_exe_path /tmp/tmp0fmghdrt/tks-to-kintone.exe
2026-06-16T14:47:08 waiting parent process
2026-06-16T14:47:08 parent process exited
2026-06-16T14:47:08 installer exists true
2026-06-16T14:47:08 installer start
2026-06-16T14:47:08 installer args: (通常起動)
2026-06-16T14:47:08 installer exit code 0
2026-06-16T14:47:08 app restart: /tmp/tmp0fmghdrt/tks-to-kintone.exe
2026-06-16T14:47:08 helper finished
2026-06-16T14:47:08 helper started
2026-06-16T14:47:08 helper_executable_path /home/admin/codex-work/TksToKintone/app/update_helper.py
2026-06-16T14:47:08 current_working_directory /home/admin/codex-work/TksToKintone
2026-06-16T14:47:08 parent_pid 0
2026-06-16T14:47:08 installer_path /tmp/tmplkys3si7/missing-setup.exe
2026-06-16T14:47:08 app_exe_path /tmp/tmplkys3si7/tks-to-kintone.exe
2026-06-16T14:47:08 waiting parent process
2026-06-16T14:47:08 parent process exited
2026-06-16T14:47:08 installer exists false
2026-06-16T14:47:08 インストーラが見つかりません: /tmp/tmplkys3si7/missing-setup.exe
2026-06-16T14:47:15 helper started
2026-06-16T14:47:15 helper_executable_path /home/admin/codex-work/TksToKintone/app/update_helper.py
2026-06-16T14:47:15 current_working_directory /home/admin/codex-work/TksToKintone
2026-06-16T14:47:15 parent_pid 0
2026-06-16T14:47:15 installer_path /tmp/tmpeq2rjcgc/tks-to-kintone-setup.exe
2026-06-16T14:47:15 app_exe_path /tmp/tmpeq2rjcgc/tks-to-kintone.exe
2026-06-16T14:47:15 waiting parent process
2026-06-16T14:47:15 parent process exited
2026-06-16T14:47:15 installer exists true
2026-06-16T14:47:15 installer start
2026-06-16T14:47:15 installer args: (通常起動)
2026-06-16T14:47:15 installer exit code 1
2026-06-16T14:47:15 インストーラが異常終了したため再起動しません。
2026-06-16T14:47:15 helper started
2026-06-16T14:47:15 helper_executable_path /home/admin/codex-work/TksToKintone/app/update_helper.py
2026-06-16T14:47:15 current_working_directory /home/admin/codex-work/TksToKintone
2026-06-16T14:47:15 parent_pid 0
2026-06-16T14:47:15 installer_path /tmp/tmpzzrmg_sh/tks-to-kintone-setup.exe
2026-06-16T14:47:15 app_exe_path /tmp/tmpzzrmg_sh/tks-to-kintone.exe
2026-06-16T14:47:15 waiting parent process
2026-06-16T14:47:15 parent process exited
2026-06-16T14:47:15 installer exists true
2026-06-16T14:47:15 installer start
2026-06-16T14:47:15 installer args: (通常起動)
2026-06-16T14:47:15 installer exit code 0
2026-06-16T14:47:15 app restart: /tmp/tmpzzrmg_sh/tks-to-kintone.exe
2026-06-16T14:47:15 helper finished
2026-06-16T14:47:15 helper started
2026-06-16T14:47:15 helper_executable_path /home/admin/codex-work/TksToKintone/app/update_helper.py
2026-06-16T14:47:15 current_working_directory /home/admin/codex-work/TksToKintone
2026-06-16T14:47:15 parent_pid 0
2026-06-16T14:47:15 installer_path /tmp/tmpunaj2j13/missing-setup.exe
2026-06-16T14:47:15 app_exe_path /tmp/tmpunaj2j13/tks-to-kintone.exe
2026-06-16T14:47:15 waiting parent process
2026-06-16T14:47:15 parent process exited
2026-06-16T14:47:15 installer exists false
2026-06-16T14:47:15 インストーラが見つかりません: /tmp/tmpunaj2j13/missing-setup.exe
2026-06-16T14:56:38 helper started
2026-06-16T14:56:38 helper_executable_path /home/admin/codex-work/TksToKintone/app/update_helper.py
2026-06-16T14:56:38 current_working_directory /home/admin/codex-work/TksToKintone
2026-06-16T14:56:38 parent_pid 0
2026-06-16T14:56:38 installer_path /tmp/tmpc0ubfx84/tks-to-kintone-setup.exe
2026-06-16T14:56:38 app_exe_path /tmp/tmpc0ubfx84/tks-to-kintone.exe
2026-06-16T14:56:38 waiting parent process
2026-06-16T14:56:38 parent process exited
2026-06-16T14:56:38 installer exists true
2026-06-16T14:56:38 installer start
2026-06-16T14:56:38 installer args: (通常起動)
2026-06-16T14:56:38 installer exit code 1
2026-06-16T14:56:38 インストーラが異常終了したため再起動しません。
2026-06-16T14:56:38 helper started
2026-06-16T14:56:38 helper_executable_path /home/admin/codex-work/TksToKintone/app/update_helper.py
2026-06-16T14:56:38 current_working_directory /home/admin/codex-work/TksToKintone
2026-06-16T14:56:38 parent_pid 0
2026-06-16T14:56:38 installer_path /tmp/tmpthbc_sdz/tks-to-kintone-setup.exe
2026-06-16T14:56:38 app_exe_path /tmp/tmpthbc_sdz/tks-to-kintone.exe
2026-06-16T14:56:38 waiting parent process
2026-06-16T14:56:38 parent process exited
2026-06-16T14:56:38 installer exists true
2026-06-16T14:56:38 installer start
2026-06-16T14:56:38 installer args: (通常起動)
2026-06-16T14:56:38 installer exit code 0
2026-06-16T14:56:38 app restart: /tmp/tmpthbc_sdz/tks-to-kintone.exe
2026-06-16T14:56:38 helper finished
2026-06-16T14:56:38 helper started
2026-06-16T14:56:38 helper_executable_path /home/admin/codex-work/TksToKintone/app/update_helper.py
2026-06-16T14:56:38 current_working_directory /home/admin/codex-work/TksToKintone
2026-06-16T14:56:38 parent_pid 0
2026-06-16T14:56:38 installer_path /tmp/tmp068hyv5v/missing-setup.exe
2026-06-16T14:56:38 app_exe_path /tmp/tmp068hyv5v/tks-to-kintone.exe
2026-06-16T14:56:38 waiting parent process
2026-06-16T14:56:38 parent process exited
2026-06-16T14:56:38 installer exists false
2026-06-16T14:56:38 インストーラが見つかりません: /tmp/tmp068hyv5v/missing-setup.exe
2026-06-16T14:59:07 helper started
2026-06-16T14:59:07 helper_executable_path /home/admin/codex-work/TksToKintone/app/update_helper.py
2026-06-16T14:59:07 current_working_directory /home/admin/codex-work/TksToKintone
2026-06-16T14:59:07 parent_pid 0
2026-06-16T14:59:07 installer_path /tmp/tmp3qoteoud/tks-to-kintone-setup.exe
2026-06-16T14:59:07 app_exe_path /tmp/tmp3qoteoud/tks-to-kintone.exe
2026-06-16T14:59:07 waiting parent process
2026-06-16T14:59:07 parent process exited
2026-06-16T14:59:07 installer exists true
2026-06-16T14:59:07 installer start
2026-06-16T14:59:07 installer args: (通常起動)
2026-06-16T14:59:07 installer exit code 1
2026-06-16T14:59:07 インストーラが異常終了したため再起動しません。
2026-06-16T14:59:07 helper started
2026-06-16T14:59:07 helper_executable_path /home/admin/codex-work/TksToKintone/app/update_helper.py
2026-06-16T14:59:07 current_working_directory /home/admin/codex-work/TksToKintone
2026-06-16T14:59:07 parent_pid 0
2026-06-16T14:59:07 installer_path /tmp/tmpjhsijdr2/tks-to-kintone-setup.exe
2026-06-16T14:59:07 app_exe_path /tmp/tmpjhsijdr2/tks-to-kintone.exe
2026-06-16T14:59:07 waiting parent process
2026-06-16T14:59:07 parent process exited
2026-06-16T14:59:07 installer exists true
2026-06-16T14:59:07 installer start
2026-06-16T14:59:07 installer args: (通常起動)
2026-06-16T14:59:07 installer exit code 0
2026-06-16T14:59:07 app restart: /tmp/tmpjhsijdr2/tks-to-kintone.exe
2026-06-16T14:59:07 helper finished
2026-06-16T14:59:07 helper started
2026-06-16T14:59:07 helper_executable_path /home/admin/codex-work/TksToKintone/app/update_helper.py
2026-06-16T14:59:07 current_working_directory /home/admin/codex-work/TksToKintone
2026-06-16T14:59:07 parent_pid 0
2026-06-16T14:59:07 installer_path /tmp/tmpq3abwfdi/missing-setup.exe
2026-06-16T14:59:07 app_exe_path /tmp/tmpq3abwfdi/tks-to-kintone.exe
2026-06-16T14:59:07 waiting parent process
2026-06-16T14:59:07 parent process exited
2026-06-16T14:59:07 installer exists false
2026-06-16T14:59:07 インストーラが見つかりません: /tmp/tmpq3abwfdi/missing-setup.exe
2026-06-16T14:59:14 helper started
2026-06-16T14:59:14 helper_executable_path /home/admin/codex-work/TksToKintone/app/update_helper.py
2026-06-16T14:59:14 current_working_directory /home/admin/codex-work/TksToKintone
2026-06-16T14:59:14 parent_pid 0
2026-06-16T14:59:14 installer_path /tmp/tmpynwkjvrc/tks-to-kintone-setup.exe
2026-06-16T14:59:14 app_exe_path /tmp/tmpynwkjvrc/tks-to-kintone.exe
2026-06-16T14:59:14 waiting parent process
2026-06-16T14:59:14 parent process exited
2026-06-16T14:59:14 installer exists true
2026-06-16T14:59:14 installer start
2026-06-16T14:59:14 installer args: (通常起動)
2026-06-16T14:59:14 installer exit code 1
2026-06-16T14:59:14 インストーラが異常終了したため再起動しません。
2026-06-16T14:59:14 helper started
2026-06-16T14:59:14 helper_executable_path /home/admin/codex-work/TksToKintone/app/update_helper.py
2026-06-16T14:59:14 current_working_directory /home/admin/codex-work/TksToKintone
2026-06-16T14:59:14 parent_pid 0
2026-06-16T14:59:14 installer_path /tmp/tmp9msgplhl/tks-to-kintone-setup.exe
2026-06-16T14:59:14 app_exe_path /tmp/tmp9msgplhl/tks-to-kintone.exe
2026-06-16T14:59:14 waiting parent process
2026-06-16T14:59:14 parent process exited
2026-06-16T14:59:14 installer exists true
2026-06-16T14:59:14 installer start
2026-06-16T14:59:14 installer args: (通常起動)
2026-06-16T14:59:14 installer exit code 0
2026-06-16T14:59:14 app restart: /tmp/tmp9msgplhl/tks-to-kintone.exe
2026-06-16T14:59:14 helper finished
2026-06-16T14:59:14 helper started
2026-06-16T14:59:14 helper_executable_path /home/admin/codex-work/TksToKintone/app/update_helper.py
2026-06-16T14:59:14 current_working_directory /home/admin/codex-work/TksToKintone
2026-06-16T14:59:14 parent_pid 0
2026-06-16T14:59:14 installer_path /tmp/tmpenw6ta6b/missing-setup.exe
2026-06-16T14:59:14 app_exe_path /tmp/tmpenw6ta6b/tks-to-kintone.exe
2026-06-16T14:59:14 waiting parent process
2026-06-16T14:59:14 parent process exited
2026-06-16T14:59:14 installer exists false
2026-06-16T14:59:14 インストーラが見つかりません: /tmp/tmpenw6ta6b/missing-setup.exe
2026-06-16T14:59:26 helper started
2026-06-16T14:59:26 helper_executable_path /home/admin/codex-work/TksToKintone/app/update_helper.py
2026-06-16T14:59:26 current_working_directory /home/admin/codex-work/TksToKintone
2026-06-16T14:59:26 parent_pid 0
2026-06-16T14:59:26 installer_path /tmp/tmpk_m7ntlq/tks-to-kintone-setup.exe
2026-06-16T14:59:26 app_exe_path /tmp/tmpk_m7ntlq/tks-to-kintone.exe
2026-06-16T14:59:26 waiting parent process
2026-06-16T14:59:26 parent process exited
2026-06-16T14:59:26 installer exists true
2026-06-16T14:59:26 installer start
2026-06-16T14:59:26 installer args: (通常起動)
2026-06-16T14:59:26 installer exit code 1
2026-06-16T14:59:26 インストーラが異常終了したため再起動しません。
2026-06-16T14:59:26 helper started
2026-06-16T14:59:26 helper_executable_path /home/admin/codex-work/TksToKintone/app/update_helper.py
2026-06-16T14:59:26 current_working_directory /home/admin/codex-work/TksToKintone
2026-06-16T14:59:26 parent_pid 0
2026-06-16T14:59:26 installer_path /tmp/tmpnmit2xjz/tks-to-kintone-setup.exe
2026-06-16T14:59:26 app_exe_path /tmp/tmpnmit2xjz/tks-to-kintone.exe
2026-06-16T14:59:26 waiting parent process
2026-06-16T14:59:26 parent process exited
2026-06-16T14:59:26 installer exists true
2026-06-16T14:59:26 installer start
2026-06-16T14:59:26 installer args: (通常起動)
2026-06-16T14:59:26 installer exit code 0
2026-06-16T14:59:26 app restart: /tmp/tmpnmit2xjz/tks-to-kintone.exe
2026-06-16T14:59:26 helper finished
2026-06-16T14:59:26 helper started
2026-06-16T14:59:26 helper_executable_path /home/admin/codex-work/TksToKintone/app/update_helper.py
2026-06-16T14:59:26 current_working_directory /home/admin/codex-work/TksToKintone
2026-06-16T14:59:26 parent_pid 0
2026-06-16T14:59:26 installer_path /tmp/tmpoevl_e83/missing-setup.exe
2026-06-16T14:59:26 app_exe_path /tmp/tmpoevl_e83/tks-to-kintone.exe
2026-06-16T14:59:26 waiting parent process
2026-06-16T14:59:26 parent process exited
2026-06-16T14:59:26 installer exists false
2026-06-16T14:59:26 インストーラが見つかりません: /tmp/tmpoevl_e83/missing-setup.exe
2026-06-16T14:59:33 helper started
2026-06-16T14:59:33 helper_executable_path /home/admin/codex-work/TksToKintone/app/update_helper.py
2026-06-16T14:59:33 current_working_directory /home/admin/codex-work/TksToKintone
2026-06-16T14:59:33 parent_pid 0
2026-06-16T14:59:33 installer_path /tmp/tmp47obhkg9/tks-to-kintone-setup.exe
2026-06-16T14:59:33 app_exe_path /tmp/tmp47obhkg9/tks-to-kintone.exe
2026-06-16T14:59:33 waiting parent process
2026-06-16T14:59:33 parent process exited
2026-06-16T14:59:33 installer exists true
2026-06-16T14:59:33 installer start
2026-06-16T14:59:33 installer args: (通常起動)
2026-06-16T14:59:33 installer exit code 1
2026-06-16T14:59:33 インストーラが異常終了したため再起動しません。
2026-06-16T14:59:33 helper started
2026-06-16T14:59:33 helper_executable_path /home/admin/codex-work/TksToKintone/app/update_helper.py
2026-06-16T14:59:33 current_working_directory /home/admin/codex-work/TksToKintone
2026-06-16T14:59:33 parent_pid 0
2026-06-16T14:59:33 installer_path /tmp/tmpmyaq7r09/tks-to-kintone-setup.exe
2026-06-16T14:59:33 app_exe_path /tmp/tmpmyaq7r09/tks-to-kintone.exe
2026-06-16T14:59:33 waiting parent process
2026-06-16T14:59:33 parent process exited
2026-06-16T14:59:33 installer exists true
2026-06-16T14:59:33 installer start
2026-06-16T14:59:33 installer args: (通常起動)
2026-06-16T14:59:33 installer exit code 0
2026-06-16T14:59:33 app restart: /tmp/tmpmyaq7r09/tks-to-kintone.exe
2026-06-16T14:59:33 helper finished
2026-06-16T14:59:33 helper started
2026-06-16T14:59:33 helper_executable_path /home/admin/codex-work/TksToKintone/app/update_helper.py
2026-06-16T14:59:33 current_working_directory /home/admin/codex-work/TksToKintone
2026-06-16T14:59:33 parent_pid 0
2026-06-16T14:59:33 installer_path /tmp/tmpfg7qf781/missing-setup.exe
2026-06-16T14:59:33 app_exe_path /tmp/tmpfg7qf781/tks-to-kintone.exe
2026-06-16T14:59:33 waiting parent process
2026-06-16T14:59:33 parent process exited
2026-06-16T14:59:33 installer exists false
2026-06-16T14:59:33 インストーラが見つかりません: /tmp/tmpfg7qf781/missing-setup.exe
2026-06-16T14:59:40 helper started
2026-06-16T14:59:40 helper_executable_path /home/admin/codex-work/TksToKintone/app/update_helper.py
2026-06-16T14:59:40 current_working_directory /home/admin/codex-work/TksToKintone
2026-06-16T14:59:40 parent_pid 0
2026-06-16T14:59:40 installer_path /tmp/tmpeup17fp_/tks-to-kintone-setup.exe
2026-06-16T14:59:40 app_exe_path /tmp/tmpeup17fp_/tks-to-kintone.exe
2026-06-16T14:59:40 waiting parent process
2026-06-16T14:59:40 parent process exited
2026-06-16T14:59:40 installer exists true
2026-06-16T14:59:40 installer start
2026-06-16T14:59:40 installer args: (通常起動)
2026-06-16T14:59:40 installer exit code 1
2026-06-16T14:59:40 インストーラが異常終了したため再起動しません。
2026-06-16T14:59:40 helper started
2026-06-16T14:59:40 helper_executable_path /home/admin/codex-work/TksToKintone/app/update_helper.py
2026-06-16T14:59:40 current_working_directory /home/admin/codex-work/TksToKintone
2026-06-16T14:59:40 parent_pid 0
2026-06-16T14:59:40 installer_path /tmp/tmppoarzxec/tks-to-kintone-setup.exe
2026-06-16T14:59:40 app_exe_path /tmp/tmppoarzxec/tks-to-kintone.exe
2026-06-16T14:59:40 waiting parent process
2026-06-16T14:59:40 parent process exited
2026-06-16T14:59:40 installer exists true
2026-06-16T14:59:40 installer start
2026-06-16T14:59:40 installer args: (通常起動)
2026-06-16T14:59:40 installer exit code 0
2026-06-16T14:59:40 app restart: /tmp/tmppoarzxec/tks-to-kintone.exe
2026-06-16T14:59:40 helper finished
2026-06-16T14:59:40 helper started
2026-06-16T14:59:40 helper_executable_path /home/admin/codex-work/TksToKintone/app/update_helper.py
2026-06-16T14:59:40 current_working_directory /home/admin/codex-work/TksToKintone
2026-06-16T14:59:40 parent_pid 0
2026-06-16T14:59:40 installer_path /tmp/tmplntomj0u/missing-setup.exe
2026-06-16T14:59:40 app_exe_path /tmp/tmplntomj0u/tks-to-kintone.exe
2026-06-16T14:59:40 waiting parent process
2026-06-16T14:59:40 parent process exited
2026-06-16T14:59:40 installer exists false
2026-06-16T14:59:40 インストーラが見つかりません: /tmp/tmplntomj0u/missing-setup.exe
2026-06-16T15:00:14 helper started
2026-06-16T15:00:14 helper_executable_path /home/admin/codex-work/TksToKintone/app/update_helper.py
2026-06-16T15:00:14 current_working_directory /home/admin/codex-work/TksToKintone
2026-06-16T15:00:14 parent_pid 0
2026-06-16T15:00:14 installer_path /tmp/tmpgx15sm96/tks-to-kintone-setup.exe
2026-06-16T15:00:14 app_exe_path /tmp/tmpgx15sm96/tks-to-kintone.exe
2026-06-16T15:00:14 waiting parent process
2026-06-16T15:00:14 parent process exited
2026-06-16T15:00:14 installer exists true
2026-06-16T15:00:14 installer start
2026-06-16T15:00:14 installer args: (通常起動)
2026-06-16T15:00:14 installer exit code 1
2026-06-16T15:00:14 インストーラが異常終了したため再起動しません。
2026-06-16T15:00:14 helper started
2026-06-16T15:00:14 helper_executable_path /home/admin/codex-work/TksToKintone/app/update_helper.py
2026-06-16T15:00:14 current_working_directory /home/admin/codex-work/TksToKintone
2026-06-16T15:00:14 parent_pid 0
2026-06-16T15:00:14 installer_path /tmp/tmpa52vjgbz/tks-to-kintone-setup.exe
2026-06-16T15:00:14 app_exe_path /tmp/tmpa52vjgbz/tks-to-kintone.exe
2026-06-16T15:00:14 waiting parent process
2026-06-16T15:00:14 parent process exited
2026-06-16T15:00:14 installer exists true
2026-06-16T15:00:14 installer start
2026-06-16T15:00:14 installer args: (通常起動)
2026-06-16T15:00:14 installer exit code 0
2026-06-16T15:00:14 app restart: /tmp/tmpa52vjgbz/tks-to-kintone.exe
2026-06-16T15:00:14 helper finished
2026-06-16T15:00:14 helper started
2026-06-16T15:00:14 helper_executable_path /home/admin/codex-work/TksToKintone/app/update_helper.py
2026-06-16T15:00:14 current_working_directory /home/admin/codex-work/TksToKintone
2026-06-16T15:00:14 parent_pid 0
2026-06-16T15:00:14 installer_path /tmp/tmpc1ymhe4k/missing-setup.exe
2026-06-16T15:00:14 app_exe_path /tmp/tmpc1ymhe4k/tks-to-kintone.exe
2026-06-16T15:00:14 waiting parent process
2026-06-16T15:00:14 parent process exited
2026-06-16T15:00:14 installer exists false
2026-06-16T15:00:14 インストーラが見つかりません: /tmp/tmpc1ymhe4k/missing-setup.exe
2026-06-16T15:00:21 helper started
2026-06-16T15:00:21 helper_executable_path /home/admin/codex-work/TksToKintone/app/update_helper.py
2026-06-16T15:00:21 current_working_directory /home/admin/codex-work/TksToKintone
2026-06-16T15:00:21 parent_pid 0
2026-06-16T15:00:21 installer_path /tmp/tmpdbqqvp35/tks-to-kintone-setup.exe
2026-06-16T15:00:21 app_exe_path /tmp/tmpdbqqvp35/tks-to-kintone.exe
2026-06-16T15:00:21 waiting parent process
2026-06-16T15:00:21 parent process exited
2026-06-16T15:00:21 installer exists true
2026-06-16T15:00:21 installer start
2026-06-16T15:00:21 installer args: (通常起動)
2026-06-16T15:00:21 installer exit code 1
2026-06-16T15:00:21 インストーラが異常終了したため再起動しません。
2026-06-16T15:00:21 helper started
2026-06-16T15:00:21 helper_executable_path /home/admin/codex-work/TksToKintone/app/update_helper.py
2026-06-16T15:00:21 current_working_directory /home/admin/codex-work/TksToKintone
2026-06-16T15:00:21 parent_pid 0
2026-06-16T15:00:21 installer_path /tmp/tmphkjqnwwd/tks-to-kintone-setup.exe
2026-06-16T15:00:21 app_exe_path /tmp/tmphkjqnwwd/tks-to-kintone.exe
2026-06-16T15:00:21 waiting parent process
2026-06-16T15:00:21 parent process exited
2026-06-16T15:00:21 installer exists true
2026-06-16T15:00:21 installer start
2026-06-16T15:00:21 installer args: (通常起動)
2026-06-16T15:00:21 installer exit code 0
2026-06-16T15:00:21 app restart: /tmp/tmphkjqnwwd/tks-to-kintone.exe
2026-06-16T15:00:21 helper finished
2026-06-16T15:00:21 helper started
2026-06-16T15:00:21 helper_executable_path /home/admin/codex-work/TksToKintone/app/update_helper.py
2026-06-16T15:00:21 current_working_directory /home/admin/codex-work/TksToKintone
2026-06-16T15:00:21 parent_pid 0
2026-06-16T15:00:21 installer_path /tmp/tmpo9mq7ike/missing-setup.exe
2026-06-16T15:00:21 app_exe_path /tmp/tmpo9mq7ike/tks-to-kintone.exe
2026-06-16T15:00:21 waiting parent process
2026-06-16T15:00:21 parent process exited
2026-06-16T15:00:21 installer exists false
2026-06-16T15:00:21 インストーラが見つかりません: /tmp/tmpo9mq7ike/missing-setup.exe
2026-06-16T15:00:28 helper started
2026-06-16T15:00:28 helper_executable_path /home/admin/codex-work/TksToKintone/app/update_helper.py
2026-06-16T15:00:28 current_working_directory /home/admin/codex-work/TksToKintone
2026-06-16T15:00:28 parent_pid 0
2026-06-16T15:00:28 installer_path /tmp/tmpkkbelzrx/tks-to-kintone-setup.exe
2026-06-16T15:00:28 app_exe_path /tmp/tmpkkbelzrx/tks-to-kintone.exe
2026-06-16T15:00:28 waiting parent process
2026-06-16T15:00:28 parent process exited
2026-06-16T15:00:28 installer exists true
2026-06-16T15:00:28 installer start
2026-06-16T15:00:28 installer args: (通常起動)
2026-06-16T15:00:28 installer exit code 1
2026-06-16T15:00:28 インストーラが異常終了したため再起動しません。
2026-06-16T15:00:28 helper started
2026-06-16T15:00:28 helper_executable_path /home/admin/codex-work/TksToKintone/app/update_helper.py
2026-06-16T15:00:28 current_working_directory /home/admin/codex-work/TksToKintone
2026-06-16T15:00:28 parent_pid 0
2026-06-16T15:00:28 installer_path /tmp/tmpr7utaeju/tks-to-kintone-setup.exe
2026-06-16T15:00:28 app_exe_path /tmp/tmpr7utaeju/tks-to-kintone.exe
2026-06-16T15:00:28 waiting parent process
2026-06-16T15:00:28 parent process exited
2026-06-16T15:00:28 installer exists true
2026-06-16T15:00:28 installer start
2026-06-16T15:00:28 installer args: (通常起動)
2026-06-16T15:00:28 installer exit code 0
2026-06-16T15:00:28 app restart: /tmp/tmpr7utaeju/tks-to-kintone.exe
2026-06-16T15:00:28 helper finished
2026-06-16T15:00:28 helper started
2026-06-16T15:00:28 helper_executable_path /home/admin/codex-work/TksToKintone/app/update_helper.py
2026-06-16T15:00:28 current_working_directory /home/admin/codex-work/TksToKintone
2026-06-16T15:00:28 parent_pid 0
2026-06-16T15:00:28 installer_path /tmp/tmp93ylkrw4/missing-setup.exe
2026-06-16T15:00:28 app_exe_path /tmp/tmp93ylkrw4/tks-to-kintone.exe
2026-06-16T15:00:28 waiting parent process
2026-06-16T15:00:28 parent process exited
2026-06-16T15:00:28 installer exists false
2026-06-16T15:00:28 インストーラが見つかりません: /tmp/tmp93ylkrw4/missing-setup.exe
2026-06-16T15:09:01 helper started
2026-06-16T15:09:01 helper_executable_path /home/admin/codex-work/TksToKintone/app/update_helper.py
2026-06-16T15:09:01 current_working_directory /home/admin/codex-work/TksToKintone
2026-06-16T15:09:01 parent_pid 0
2026-06-16T15:09:01 installer_path /tmp/tmpit_5pjif/tks-to-kintone-setup.exe
2026-06-16T15:09:01 app_exe_path /tmp/tmpit_5pjif/tks-to-kintone.exe
2026-06-16T15:09:01 waiting parent process
2026-06-16T15:09:01 parent process exited
2026-06-16T15:09:01 installer exists true
2026-06-16T15:09:01 installer start
2026-06-16T15:09:01 installer args: (通常起動)
2026-06-16T15:09:01 installer exit code 1
2026-06-16T15:09:01 インストーラが異常終了したため再起動しません。
2026-06-16T15:09:01 helper started
2026-06-16T15:09:01 helper_executable_path /home/admin/codex-work/TksToKintone/app/update_helper.py
2026-06-16T15:09:01 current_working_directory /home/admin/codex-work/TksToKintone
2026-06-16T15:09:01 parent_pid 0
2026-06-16T15:09:01 installer_path /tmp/tmpzcrx8mae/tks-to-kintone-setup.exe
2026-06-16T15:09:01 app_exe_path /tmp/tmpzcrx8mae/tks-to-kintone.exe
2026-06-16T15:09:01 waiting parent process
2026-06-16T15:09:01 parent process exited
2026-06-16T15:09:01 installer exists true
2026-06-16T15:09:01 installer start
2026-06-16T15:09:01 installer args: (通常起動)
2026-06-16T15:09:01 installer exit code 0
2026-06-16T15:09:01 app restart: /tmp/tmpzcrx8mae/tks-to-kintone.exe
2026-06-16T15:09:01 helper finished
2026-06-16T15:09:01 helper started
2026-06-16T15:09:01 helper_executable_path /home/admin/codex-work/TksToKintone/app/update_helper.py
2026-06-16T15:09:01 current_working_directory /home/admin/codex-work/TksToKintone
2026-06-16T15:09:01 parent_pid 0
2026-06-16T15:09:01 installer_path /tmp/tmp2mq90xir/missing-setup.exe
2026-06-16T15:09:01 app_exe_path /tmp/tmp2mq90xir/tks-to-kintone.exe
2026-06-16T15:09:01 waiting parent process
2026-06-16T15:09:01 parent process exited
2026-06-16T15:09:01 installer exists false
2026-06-16T15:09:01 インストーラが見つかりません: /tmp/tmp2mq90xir/missing-setup.exe
2026-06-16T15:10:12 helper started
2026-06-16T15:10:12 helper_executable_path /home/admin/codex-work/TksToKintone/app/update_helper.py
2026-06-16T15:10:12 current_working_directory /home/admin/codex-work/TksToKintone
2026-06-16T15:10:12 parent_pid 0
2026-06-16T15:10:12 installer_path /tmp/tmpr0alz1wj/tks-to-kintone-setup.exe
2026-06-16T15:10:12 app_exe_path /tmp/tmpr0alz1wj/tks-to-kintone.exe
2026-06-16T15:10:12 waiting parent process
2026-06-16T15:10:12 parent process exited
2026-06-16T15:10:12 installer exists true
2026-06-16T15:10:12 installer start
2026-06-16T15:10:12 installer args: (通常起動)
2026-06-16T15:10:12 installer exit code 1
2026-06-16T15:10:12 インストーラが異常終了したため再起動しません。
2026-06-16T15:10:12 helper started
2026-06-16T15:10:12 helper_executable_path /home/admin/codex-work/TksToKintone/app/update_helper.py
2026-06-16T15:10:12 current_working_directory /home/admin/codex-work/TksToKintone
2026-06-16T15:10:12 parent_pid 0
2026-06-16T15:10:12 installer_path /tmp/tmpci03_vl6/tks-to-kintone-setup.exe
2026-06-16T15:10:12 app_exe_path /tmp/tmpci03_vl6/tks-to-kintone.exe
2026-06-16T15:10:12 waiting parent process
2026-06-16T15:10:12 parent process exited
2026-06-16T15:10:12 installer exists true
2026-06-16T15:10:12 installer start
2026-06-16T15:10:12 installer args: (通常起動)
2026-06-16T15:10:12 installer exit code 0
2026-06-16T15:10:12 app restart: /tmp/tmpci03_vl6/tks-to-kintone.exe
2026-06-16T15:10:12 helper finished
2026-06-16T15:10:12 helper started
2026-06-16T15:10:12 helper_executable_path /home/admin/codex-work/TksToKintone/app/update_helper.py
2026-06-16T15:10:12 current_working_directory /home/admin/codex-work/TksToKintone
2026-06-16T15:10:12 parent_pid 0
2026-06-16T15:10:12 installer_path /tmp/tmplrbztzqz/missing-setup.exe
2026-06-16T15:10:12 app_exe_path /tmp/tmplrbztzqz/tks-to-kintone.exe
2026-06-16T15:10:12 waiting parent process
2026-06-16T15:10:12 parent process exited
2026-06-16T15:10:12 installer exists false
2026-06-16T15:10:12 インストーラが見つかりません: /tmp/tmplrbztzqz/missing-setup.exe
2026-06-16T15:37:25 helper started
2026-06-16T15:37:25 helper_executable_path /home/admin/codex-work/TksToKintone/app/update_helper.py
2026-06-16T15:37:25 current_working_directory /home/admin/codex-work/TksToKintone
2026-06-16T15:37:25 parent_pid 0
2026-06-16T15:37:25 installer_path /tmp/tmpy1b46_q6/tks-to-kintone-setup.exe
2026-06-16T15:37:25 app_exe_path /tmp/tmpy1b46_q6/tks-to-kintone.exe
2026-06-16T15:37:25 waiting parent process
2026-06-16T15:37:25 parent process exited
2026-06-16T15:37:25 installer exists true
2026-06-16T15:37:25 installer start
2026-06-16T15:37:25 installer args: (通常起動)
2026-06-16T15:37:25 installer exit code 1
2026-06-16T15:37:25 インストーラが異常終了したため再起動しません。
2026-06-16T15:37:25 helper started
2026-06-16T15:37:25 helper_executable_path /home/admin/codex-work/TksToKintone/app/update_helper.py
2026-06-16T15:37:25 current_working_directory /home/admin/codex-work/TksToKintone
2026-06-16T15:37:25 parent_pid 0
2026-06-16T15:37:25 installer_path /tmp/tmpx4ssf894/tks-to-kintone-setup.exe
2026-06-16T15:37:25 app_exe_path /tmp/tmpx4ssf894/tks-to-kintone.exe
2026-06-16T15:37:25 waiting parent process
2026-06-16T15:37:25 parent process exited
2026-06-16T15:37:25 installer exists true
2026-06-16T15:37:25 installer start
2026-06-16T15:37:25 installer args: (通常起動)
2026-06-16T15:37:25 installer exit code 0
2026-06-16T15:37:25 app restart: /tmp/tmpx4ssf894/tks-to-kintone.exe
2026-06-16T15:37:25 helper finished
2026-06-16T15:37:25 helper started
2026-06-16T15:37:25 helper_executable_path /home/admin/codex-work/TksToKintone/app/update_helper.py
2026-06-16T15:37:25 current_working_directory /home/admin/codex-work/TksToKintone
2026-06-16T15:37:25 parent_pid 0
2026-06-16T15:37:25 installer_path /tmp/tmppy3w4x4m/missing-setup.exe
2026-06-16T15:37:25 app_exe_path /tmp/tmppy3w4x4m/tks-to-kintone.exe
2026-06-16T15:37:25 waiting parent process
2026-06-16T15:37:25 parent process exited
2026-06-16T15:37:25 installer exists false
2026-06-16T15:37:25 インストーラが見つかりません: /tmp/tmppy3w4x4m/missing-setup.exe
2026-06-16T15:37:37 helper started
2026-06-16T15:37:37 helper_executable_path /home/admin/codex-work/TksToKintone/app/update_helper.py
2026-06-16T15:37:37 current_working_directory /home/admin/codex-work/TksToKintone
2026-06-16T15:37:37 parent_pid 0
2026-06-16T15:37:37 installer_path /tmp/tmpa5uzadcs/tks-to-kintone-setup.exe
2026-06-16T15:37:37 app_exe_path /tmp/tmpa5uzadcs/tks-to-kintone.exe
2026-06-16T15:37:37 waiting parent process
2026-06-16T15:37:37 parent process exited
2026-06-16T15:37:37 installer exists true
2026-06-16T15:37:37 installer start
2026-06-16T15:37:37 installer args: (通常起動)
2026-06-16T15:37:37 installer exit code 1
2026-06-16T15:37:37 インストーラが異常終了したため再起動しません。
2026-06-16T15:37:37 helper started
2026-06-16T15:37:37 helper_executable_path /home/admin/codex-work/TksToKintone/app/update_helper.py
2026-06-16T15:37:37 current_working_directory /home/admin/codex-work/TksToKintone
2026-06-16T15:37:37 parent_pid 0
2026-06-16T15:37:37 installer_path /tmp/tmph7nl0gxh/tks-to-kintone-setup.exe
2026-06-16T15:37:37 app_exe_path /tmp/tmph7nl0gxh/tks-to-kintone.exe
2026-06-16T15:37:37 waiting parent process
2026-06-16T15:37:37 parent process exited
2026-06-16T15:37:37 installer exists true
2026-06-16T15:37:37 installer start
2026-06-16T15:37:37 installer args: (通常起動)
2026-06-16T15:37:37 installer exit code 0
2026-06-16T15:37:37 app restart: /tmp/tmph7nl0gxh/tks-to-kintone.exe
2026-06-16T15:37:37 helper finished
2026-06-16T15:37:37 helper started
2026-06-16T15:37:37 helper_executable_path /home/admin/codex-work/TksToKintone/app/update_helper.py
2026-06-16T15:37:37 current_working_directory /home/admin/codex-work/TksToKintone
2026-06-16T15:37:37 parent_pid 0
2026-06-16T15:37:37 installer_path /tmp/tmp7d4z5xa5/missing-setup.exe
2026-06-16T15:37:37 app_exe_path /tmp/tmp7d4z5xa5/tks-to-kintone.exe
2026-06-16T15:37:37 waiting parent process
2026-06-16T15:37:37 parent process exited
2026-06-16T15:37:37 installer exists false
2026-06-16T15:37:37 インストーラが見つかりません: /tmp/tmp7d4z5xa5/missing-setup.exe
2026-06-16T15:55:34 helper started
2026-06-16T15:55:34 helper_executable_path /home/admin/codex-work/TksToKintone/app/update_helper.py
2026-06-16T15:55:34 current_working_directory /home/admin/codex-work/TksToKintone
2026-06-16T15:55:34 parent_pid 0
2026-06-16T15:55:34 installer_path /tmp/tmpziwdyrg0/tks-to-kintone-setup.exe
2026-06-16T15:55:34 app_exe_path /tmp/tmpziwdyrg0/tks-to-kintone.exe
2026-06-16T15:55:34 waiting parent process
2026-06-16T15:55:34 parent process exited
2026-06-16T15:55:34 installer exists true
2026-06-16T15:55:34 installer start
2026-06-16T15:55:34 installer args: (通常起動)
2026-06-16T15:55:34 installer exit code 1
2026-06-16T15:55:34 インストーラが異常終了したため再起動しません。
2026-06-16T15:55:34 helper started
2026-06-16T15:55:34 helper_executable_path /home/admin/codex-work/TksToKintone/app/update_helper.py
2026-06-16T15:55:34 current_working_directory /home/admin/codex-work/TksToKintone
2026-06-16T15:55:34 parent_pid 0
2026-06-16T15:55:34 installer_path /tmp/tmpw7gnucjn/tks-to-kintone-setup.exe
2026-06-16T15:55:34 app_exe_path /tmp/tmpw7gnucjn/tks-to-kintone.exe
2026-06-16T15:55:34 waiting parent process
2026-06-16T15:55:34 parent process exited
2026-06-16T15:55:34 installer exists true
2026-06-16T15:55:34 installer start
2026-06-16T15:55:34 installer args: (通常起動)
2026-06-16T15:55:34 installer exit code 0
2026-06-16T15:55:34 app restart: /tmp/tmpw7gnucjn/tks-to-kintone.exe
2026-06-16T15:55:34 helper finished
2026-06-16T15:55:34 helper started
2026-06-16T15:55:34 helper_executable_path /home/admin/codex-work/TksToKintone/app/update_helper.py
2026-06-16T15:55:34 current_working_directory /home/admin/codex-work/TksToKintone
2026-06-16T15:55:34 parent_pid 0
2026-06-16T15:55:34 installer_path /tmp/tmpcgku9um5/missing-setup.exe
2026-06-16T15:55:34 app_exe_path /tmp/tmpcgku9um5/tks-to-kintone.exe
2026-06-16T15:55:34 waiting parent process
2026-06-16T15:55:34 parent process exited
2026-06-16T15:55:34 installer exists false
2026-06-16T15:55:34 インストーラが見つかりません: /tmp/tmpcgku9um5/missing-setup.exe
2026-06-16T16:17:17 helper started
2026-06-16T16:17:17 helper_executable_path /home/admin/codex-work/TksToKintone/app/update_helper.py
2026-06-16T16:17:17 current_working_directory /home/admin/codex-work/TksToKintone
2026-06-16T16:17:17 parent_pid 0
2026-06-16T16:17:17 installer_path /tmp/tmpkl6mt049/tks-to-kintone-setup.exe
2026-06-16T16:17:17 app_exe_path /tmp/tmpkl6mt049/tks-to-kintone.exe
2026-06-16T16:17:17 waiting parent process
2026-06-16T16:17:17 parent process exited
2026-06-16T16:17:17 installer exists true
2026-06-16T16:17:17 installer start
2026-06-16T16:17:17 installer args: (通常起動)
2026-06-16T16:17:17 installer exit code 1
2026-06-16T16:17:17 インストーラが異常終了したため再起動しません。
2026-06-16T16:17:17 helper started
2026-06-16T16:17:17 helper_executable_path /home/admin/codex-work/TksToKintone/app/update_helper.py
2026-06-16T16:17:17 current_working_directory /home/admin/codex-work/TksToKintone
2026-06-16T16:17:17 parent_pid 0
2026-06-16T16:17:17 installer_path /tmp/tmppcm9q7hv/tks-to-kintone-setup.exe
2026-06-16T16:17:17 app_exe_path /tmp/tmppcm9q7hv/tks-to-kintone.exe
2026-06-16T16:17:17 waiting parent process
2026-06-16T16:17:17 parent process exited
2026-06-16T16:17:17 installer exists true
2026-06-16T16:17:17 installer start
2026-06-16T16:17:17 installer args: (通常起動)
2026-06-16T16:17:17 installer exit code 0
2026-06-16T16:17:17 app restart: /tmp/tmppcm9q7hv/tks-to-kintone.exe
2026-06-16T16:17:17 helper finished
2026-06-16T16:17:17 helper started
2026-06-16T16:17:17 helper_executable_path /home/admin/codex-work/TksToKintone/app/update_helper.py
2026-06-16T16:17:17 current_working_directory /home/admin/codex-work/TksToKintone
2026-06-16T16:17:17 parent_pid 0
2026-06-16T16:17:17 installer_path /tmp/tmpibtbb_fp/missing-setup.exe
2026-06-16T16:17:17 app_exe_path /tmp/tmpibtbb_fp/tks-to-kintone.exe
2026-06-16T16:17:17 waiting parent process
2026-06-16T16:17:17 parent process exited
2026-06-16T16:17:17 installer exists false
2026-06-16T16:17:17 インストーラが見つかりません: /tmp/tmpibtbb_fp/missing-setup.exe
2026-06-16T16:36:28 helper started
2026-06-16T16:36:28 helper_executable_path /home/admin/codex-work/TksToKintone/app/update_helper.py
2026-06-16T16:36:28 current_working_directory /home/admin/codex-work/TksToKintone
2026-06-16T16:36:28 parent_pid 0
2026-06-16T16:36:28 installer_path /tmp/tmpwwmsnhs4/tks-to-kintone-setup.exe
2026-06-16T16:36:28 app_exe_path /tmp/tmpwwmsnhs4/tks-to-kintone.exe
2026-06-16T16:36:28 waiting parent process
2026-06-16T16:36:28 parent process exited
2026-06-16T16:36:28 installer exists true
2026-06-16T16:36:28 installer start
2026-06-16T16:36:28 installer args: (通常起動)
2026-06-16T16:36:28 installer exit code 1
2026-06-16T16:36:28 インストーラが異常終了したため再起動しません。
2026-06-16T16:36:28 helper started
2026-06-16T16:36:28 helper_executable_path /home/admin/codex-work/TksToKintone/app/update_helper.py
2026-06-16T16:36:28 current_working_directory /home/admin/codex-work/TksToKintone
2026-06-16T16:36:28 parent_pid 0
2026-06-16T16:36:28 installer_path /tmp/tmp043alk9v/tks-to-kintone-setup.exe
2026-06-16T16:36:28 app_exe_path /tmp/tmp043alk9v/tks-to-kintone.exe
2026-06-16T16:36:28 waiting parent process
2026-06-16T16:36:28 parent process exited
2026-06-16T16:36:28 installer exists true
2026-06-16T16:36:28 installer start
2026-06-16T16:36:28 installer args: (通常起動)
2026-06-16T16:36:28 installer exit code 0
2026-06-16T16:36:28 app restart: /tmp/tmp043alk9v/tks-to-kintone.exe
2026-06-16T16:36:28 helper finished
2026-06-16T16:36:28 helper started
2026-06-16T16:36:28 helper_executable_path /home/admin/codex-work/TksToKintone/app/update_helper.py
2026-06-16T16:36:28 current_working_directory /home/admin/codex-work/TksToKintone
2026-06-16T16:36:28 parent_pid 0
2026-06-16T16:36:28 installer_path /tmp/tmpe6vb6zpj/missing-setup.exe
2026-06-16T16:36:28 app_exe_path /tmp/tmpe6vb6zpj/tks-to-kintone.exe
2026-06-16T16:36:28 waiting parent process
2026-06-16T16:36:28 parent process exited
2026-06-16T16:36:28 installer exists false
2026-06-16T16:36:28 インストーラが見つかりません: /tmp/tmpe6vb6zpj/missing-setup.exe
2026-06-16T16:36:43 helper started
2026-06-16T16:36:43 helper_executable_path /home/admin/codex-work/TksToKintone/app/update_helper.py
2026-06-16T16:36:43 current_working_directory /home/admin/codex-work/TksToKintone
2026-06-16T16:36:43 parent_pid 0
2026-06-16T16:36:43 installer_path /tmp/tmpd2c164h4/tks-to-kintone-setup.exe
2026-06-16T16:36:43 app_exe_path /tmp/tmpd2c164h4/tks-to-kintone.exe
2026-06-16T16:36:43 waiting parent process
2026-06-16T16:36:43 parent process exited
2026-06-16T16:36:43 installer exists true
2026-06-16T16:36:43 installer start
2026-06-16T16:36:43 installer args: (通常起動)
2026-06-16T16:36:43 installer exit code 1
2026-06-16T16:36:43 インストーラが異常終了したため再起動しません。
2026-06-16T16:36:43 helper started
2026-06-16T16:36:43 helper_executable_path /home/admin/codex-work/TksToKintone/app/update_helper.py
2026-06-16T16:36:43 current_working_directory /home/admin/codex-work/TksToKintone
2026-06-16T16:36:43 parent_pid 0
2026-06-16T16:36:43 installer_path /tmp/tmpapv6vu1p/tks-to-kintone-setup.exe
2026-06-16T16:36:43 app_exe_path /tmp/tmpapv6vu1p/tks-to-kintone.exe
2026-06-16T16:36:43 waiting parent process
2026-06-16T16:36:43 parent process exited
2026-06-16T16:36:43 installer exists true
2026-06-16T16:36:43 installer start
2026-06-16T16:36:43 installer args: (通常起動)
2026-06-16T16:36:43 installer exit code 0
2026-06-16T16:36:43 app restart: /tmp/tmpapv6vu1p/tks-to-kintone.exe
2026-06-16T16:36:43 helper finished
2026-06-16T16:36:43 helper started
2026-06-16T16:36:43 helper_executable_path /home/admin/codex-work/TksToKintone/app/update_helper.py
2026-06-16T16:36:43 current_working_directory /home/admin/codex-work/TksToKintone
2026-06-16T16:36:43 parent_pid 0
2026-06-16T16:36:43 installer_path /tmp/tmp0mh32lqy/missing-setup.exe
2026-06-16T16:36:43 app_exe_path /tmp/tmp0mh32lqy/tks-to-kintone.exe
2026-06-16T16:36:43 waiting parent process
2026-06-16T16:36:43 parent process exited
2026-06-16T16:36:43 installer exists false
2026-06-16T16:36:43 インストーラが見つかりません: /tmp/tmp0mh32lqy/missing-setup.exe
2026-06-16T16:36:53 helper started
2026-06-16T16:36:53 helper_executable_path /home/admin/codex-work/TksToKintone/app/update_helper.py
2026-06-16T16:36:53 current_working_directory /home/admin/codex-work/TksToKintone
2026-06-16T16:36:53 parent_pid 0
2026-06-16T16:36:53 installer_path /tmp/tmpvsrj_dsa/tks-to-kintone-setup.exe
2026-06-16T16:36:53 app_exe_path /tmp/tmpvsrj_dsa/tks-to-kintone.exe
2026-06-16T16:36:53 waiting parent process
2026-06-16T16:36:53 parent process exited
2026-06-16T16:36:53 installer exists true
2026-06-16T16:36:53 installer start
2026-06-16T16:36:53 installer args: (通常起動)
2026-06-16T16:36:53 installer exit code 1
2026-06-16T16:36:53 インストーラが異常終了したため再起動しません。
2026-06-16T16:36:53 helper started
2026-06-16T16:36:53 helper_executable_path /home/admin/codex-work/TksToKintone/app/update_helper.py
2026-06-16T16:36:53 current_working_directory /home/admin/codex-work/TksToKintone
2026-06-16T16:36:53 parent_pid 0
2026-06-16T16:36:53 installer_path /tmp/tmp3z1hnpab/tks-to-kintone-setup.exe
2026-06-16T16:36:53 app_exe_path /tmp/tmp3z1hnpab/tks-to-kintone.exe
2026-06-16T16:36:53 waiting parent process
2026-06-16T16:36:53 parent process exited
2026-06-16T16:36:53 installer exists true
2026-06-16T16:36:53 installer start
2026-06-16T16:36:53 installer args: (通常起動)
2026-06-16T16:36:53 installer exit code 0
2026-06-16T16:36:53 app restart: /tmp/tmp3z1hnpab/tks-to-kintone.exe
2026-06-16T16:36:53 helper finished
2026-06-16T16:36:53 helper started
2026-06-16T16:36:53 helper_executable_path /home/admin/codex-work/TksToKintone/app/update_helper.py
2026-06-16T16:36:53 current_working_directory /home/admin/codex-work/TksToKintone
2026-06-16T16:36:53 parent_pid 0
2026-06-16T16:36:53 installer_path /tmp/tmp9cpdg2km/missing-setup.exe
2026-06-16T16:36:53 app_exe_path /tmp/tmp9cpdg2km/tks-to-kintone.exe
2026-06-16T16:36:53 waiting parent process
2026-06-16T16:36:53 parent process exited
2026-06-16T16:36:53 installer exists false
2026-06-16T16:36:53 インストーラが見つかりません: /tmp/tmp9cpdg2km/missing-setup.exe
2026-06-16T16:37:05 helper started
2026-06-16T16:37:05 helper_executable_path /home/admin/codex-work/TksToKintone/app/update_helper.py
2026-06-16T16:37:05 current_working_directory /home/admin/codex-work/TksToKintone
2026-06-16T16:37:05 parent_pid 0
2026-06-16T16:37:05 installer_path /tmp/tmphvgfj3p4/tks-to-kintone-setup.exe
2026-06-16T16:37:05 app_exe_path /tmp/tmphvgfj3p4/tks-to-kintone.exe
2026-06-16T16:37:05 waiting parent process
2026-06-16T16:37:05 parent process exited
2026-06-16T16:37:05 installer exists true
2026-06-16T16:37:05 installer start
2026-06-16T16:37:05 installer args: (通常起動)
2026-06-16T16:37:05 installer exit code 1
2026-06-16T16:37:05 インストーラが異常終了したため再起動しません。
2026-06-16T16:37:05 helper started
2026-06-16T16:37:05 helper_executable_path /home/admin/codex-work/TksToKintone/app/update_helper.py
2026-06-16T16:37:05 current_working_directory /home/admin/codex-work/TksToKintone
2026-06-16T16:37:05 parent_pid 0
2026-06-16T16:37:05 installer_path /tmp/tmpzghbu6or/tks-to-kintone-setup.exe
2026-06-16T16:37:05 app_exe_path /tmp/tmpzghbu6or/tks-to-kintone.exe
2026-06-16T16:37:05 waiting parent process
2026-06-16T16:37:05 parent process exited
2026-06-16T16:37:05 installer exists true
2026-06-16T16:37:05 installer start
2026-06-16T16:37:05 installer args: (通常起動)
2026-06-16T16:37:05 installer exit code 0
2026-06-16T16:37:05 app restart: /tmp/tmpzghbu6or/tks-to-kintone.exe
2026-06-16T16:37:05 helper finished
2026-06-16T16:37:05 helper started
2026-06-16T16:37:05 helper_executable_path /home/admin/codex-work/TksToKintone/app/update_helper.py
2026-06-16T16:37:05 current_working_directory /home/admin/codex-work/TksToKintone
2026-06-16T16:37:05 parent_pid 0
2026-06-16T16:37:05 installer_path /tmp/tmpn3e2qy51/missing-setup.exe
2026-06-16T16:37:05 app_exe_path /tmp/tmpn3e2qy51/tks-to-kintone.exe
2026-06-16T16:37:05 waiting parent process
2026-06-16T16:37:05 parent process exited
2026-06-16T16:37:05 installer exists false
2026-06-16T16:37:05 インストーラが見つかりません: /tmp/tmpn3e2qy51/missing-setup.exe
2026-06-16T16:37:16 helper started
2026-06-16T16:37:16 helper_executable_path /home/admin/codex-work/TksToKintone/app/update_helper.py
2026-06-16T16:37:16 current_working_directory /home/admin/codex-work/TksToKintone
2026-06-16T16:37:16 parent_pid 0
2026-06-16T16:37:16 installer_path /tmp/tmp4tywhowv/tks-to-kintone-setup.exe
2026-06-16T16:37:16 app_exe_path /tmp/tmp4tywhowv/tks-to-kintone.exe
2026-06-16T16:37:16 waiting parent process
2026-06-16T16:37:16 parent process exited
2026-06-16T16:37:16 installer exists true
2026-06-16T16:37:16 installer start
2026-06-16T16:37:16 installer args: (通常起動)
2026-06-16T16:37:16 installer exit code 1
2026-06-16T16:37:16 インストーラが異常終了したため再起動しません。
2026-06-16T16:37:16 helper started
2026-06-16T16:37:16 helper_executable_path /home/admin/codex-work/TksToKintone/app/update_helper.py
2026-06-16T16:37:16 current_working_directory /home/admin/codex-work/TksToKintone
2026-06-16T16:37:16 parent_pid 0
2026-06-16T16:37:16 installer_path /tmp/tmp8ckazzgf/tks-to-kintone-setup.exe
2026-06-16T16:37:16 app_exe_path /tmp/tmp8ckazzgf/tks-to-kintone.exe
2026-06-16T16:37:16 waiting parent process
2026-06-16T16:37:16 parent process exited
2026-06-16T16:37:16 installer exists true
2026-06-16T16:37:16 installer start
2026-06-16T16:37:16 installer args: (通常起動)
2026-06-16T16:37:16 installer exit code 0
2026-06-16T16:37:16 app restart: /tmp/tmp8ckazzgf/tks-to-kintone.exe
2026-06-16T16:37:16 helper finished
2026-06-16T16:37:16 helper started
2026-06-16T16:37:16 helper_executable_path /home/admin/codex-work/TksToKintone/app/update_helper.py
2026-06-16T16:37:16 current_working_directory /home/admin/codex-work/TksToKintone
2026-06-16T16:37:16 parent_pid 0
2026-06-16T16:37:16 installer_path /tmp/tmpij6d9tte/missing-setup.exe
2026-06-16T16:37:16 app_exe_path /tmp/tmpij6d9tte/tks-to-kintone.exe
2026-06-16T16:37:16 waiting parent process
2026-06-16T16:37:16 parent process exited
2026-06-16T16:37:16 installer exists false
2026-06-16T16:37:16 インストーラが見つかりません: /tmp/tmpij6d9tte/missing-setup.exe
2026-06-16T16:37:24 helper started
2026-06-16T16:37:24 helper_executable_path /home/admin/codex-work/TksToKintone/app/update_helper.py
2026-06-16T16:37:24 current_working_directory /home/admin/codex-work/TksToKintone
2026-06-16T16:37:24 parent_pid 0
2026-06-16T16:37:24 installer_path /tmp/tmpq0akmlrs/tks-to-kintone-setup.exe
2026-06-16T16:37:24 app_exe_path /tmp/tmpq0akmlrs/tks-to-kintone.exe
2026-06-16T16:37:24 waiting parent process
2026-06-16T16:37:24 parent process exited
2026-06-16T16:37:24 installer exists true
2026-06-16T16:37:24 installer start
2026-06-16T16:37:24 installer args: (通常起動)
2026-06-16T16:37:24 installer exit code 1
2026-06-16T16:37:24 インストーラが異常終了したため再起動しません。
2026-06-16T16:37:24 helper started
2026-06-16T16:37:24 helper_executable_path /home/admin/codex-work/TksToKintone/app/update_helper.py
2026-06-16T16:37:24 current_working_directory /home/admin/codex-work/TksToKintone
2026-06-16T16:37:24 parent_pid 0
2026-06-16T16:37:24 installer_path /tmp/tmpnc4ug8v5/tks-to-kintone-setup.exe
2026-06-16T16:37:24 app_exe_path /tmp/tmpnc4ug8v5/tks-to-kintone.exe
2026-06-16T16:37:24 waiting parent process
2026-06-16T16:37:24 parent process exited
2026-06-16T16:37:24 installer exists true
2026-06-16T16:37:24 installer start
2026-06-16T16:37:24 installer args: (通常起動)
2026-06-16T16:37:24 installer exit code 0
2026-06-16T16:37:24 app restart: /tmp/tmpnc4ug8v5/tks-to-kintone.exe
2026-06-16T16:37:24 helper finished
2026-06-16T16:37:24 helper started
2026-06-16T16:37:24 helper_executable_path /home/admin/codex-work/TksToKintone/app/update_helper.py
2026-06-16T16:37:24 current_working_directory /home/admin/codex-work/TksToKintone
2026-06-16T16:37:24 parent_pid 0
2026-06-16T16:37:24 installer_path /tmp/tmp8_yf6uyl/missing-setup.exe
2026-06-16T16:37:24 app_exe_path /tmp/tmp8_yf6uyl/tks-to-kintone.exe
2026-06-16T16:37:24 waiting parent process
2026-06-16T16:37:24 parent process exited
2026-06-16T16:37:24 installer exists false
2026-06-16T16:37:24 インストーラが見つかりません: /tmp/tmp8_yf6uyl/missing-setup.exe
2026-06-16T16:37:36 helper started
2026-06-16T16:37:36 helper_executable_path /home/admin/codex-work/TksToKintone/app/update_helper.py
2026-06-16T16:37:36 current_working_directory /home/admin/codex-work/TksToKintone
2026-06-16T16:37:36 parent_pid 0
2026-06-16T16:37:36 installer_path /tmp/tmpk8c5u_e2/tks-to-kintone-setup.exe
2026-06-16T16:37:36 app_exe_path /tmp/tmpk8c5u_e2/tks-to-kintone.exe
2026-06-16T16:37:36 waiting parent process
2026-06-16T16:37:36 parent process exited
2026-06-16T16:37:36 installer exists true
2026-06-16T16:37:36 installer start
2026-06-16T16:37:36 installer args: (通常起動)
2026-06-16T16:37:36 installer exit code 1
2026-06-16T16:37:36 インストーラが異常終了したため再起動しません。
2026-06-16T16:37:36 helper started
2026-06-16T16:37:36 helper_executable_path /home/admin/codex-work/TksToKintone/app/update_helper.py
2026-06-16T16:37:36 current_working_directory /home/admin/codex-work/TksToKintone
2026-06-16T16:37:36 parent_pid 0
2026-06-16T16:37:36 installer_path /tmp/tmp0dd1axb2/tks-to-kintone-setup.exe
2026-06-16T16:37:36 app_exe_path /tmp/tmp0dd1axb2/tks-to-kintone.exe
2026-06-16T16:37:36 waiting parent process
2026-06-16T16:37:36 parent process exited
2026-06-16T16:37:36 installer exists true
2026-06-16T16:37:36 installer start
2026-06-16T16:37:36 installer args: (通常起動)
2026-06-16T16:37:36 installer exit code 0
2026-06-16T16:37:36 app restart: /tmp/tmp0dd1axb2/tks-to-kintone.exe
2026-06-16T16:37:36 helper finished
2026-06-16T16:37:36 helper started
2026-06-16T16:37:36 helper_executable_path /home/admin/codex-work/TksToKintone/app/update_helper.py
2026-06-16T16:37:36 current_working_directory /home/admin/codex-work/TksToKintone
2026-06-16T16:37:36 parent_pid 0
2026-06-16T16:37:36 installer_path /tmp/tmp5qdwagbu/missing-setup.exe
2026-06-16T16:37:36 app_exe_path /tmp/tmp5qdwagbu/tks-to-kintone.exe
2026-06-16T16:37:36 waiting parent process
2026-06-16T16:37:36 parent process exited
2026-06-16T16:37:36 installer exists false
2026-06-16T16:37:36 インストーラが見つかりません: /tmp/tmp5qdwagbu/missing-setup.exe
2026-06-16T16:37:54 helper started
2026-06-16T16:37:54 helper_executable_path /home/admin/codex-work/TksToKintone/app/update_helper.py
2026-06-16T16:37:54 current_working_directory /home/admin/codex-work/TksToKintone
2026-06-16T16:37:54 parent_pid 0
2026-06-16T16:37:54 installer_path /tmp/tmpjzaso15j/tks-to-kintone-setup.exe
2026-06-16T16:37:54 app_exe_path /tmp/tmpjzaso15j/tks-to-kintone.exe
2026-06-16T16:37:54 waiting parent process
2026-06-16T16:37:54 parent process exited
2026-06-16T16:37:54 installer exists true
2026-06-16T16:37:54 installer start
2026-06-16T16:37:54 installer args: (通常起動)
2026-06-16T16:37:54 installer exit code 1
2026-06-16T16:37:54 インストーラが異常終了したため再起動しません。
2026-06-16T16:37:54 helper started
2026-06-16T16:37:54 helper_executable_path /home/admin/codex-work/TksToKintone/app/update_helper.py
2026-06-16T16:37:54 current_working_directory /home/admin/codex-work/TksToKintone
2026-06-16T16:37:54 parent_pid 0
2026-06-16T16:37:54 installer_path /tmp/tmpadg15io9/tks-to-kintone-setup.exe
2026-06-16T16:37:54 app_exe_path /tmp/tmpadg15io9/tks-to-kintone.exe
2026-06-16T16:37:54 waiting parent process
2026-06-16T16:37:54 parent process exited
2026-06-16T16:37:54 installer exists true
2026-06-16T16:37:54 installer start
2026-06-16T16:37:54 installer args: (通常起動)
2026-06-16T16:37:54 installer exit code 0
2026-06-16T16:37:54 app restart: /tmp/tmpadg15io9/tks-to-kintone.exe
2026-06-16T16:37:54 helper finished
2026-06-16T16:37:54 helper started
2026-06-16T16:37:54 helper_executable_path /home/admin/codex-work/TksToKintone/app/update_helper.py
2026-06-16T16:37:54 current_working_directory /home/admin/codex-work/TksToKintone
2026-06-16T16:37:54 parent_pid 0
2026-06-16T16:37:54 installer_path /tmp/tmpcshldafc/missing-setup.exe
2026-06-16T16:37:54 app_exe_path /tmp/tmpcshldafc/tks-to-kintone.exe
2026-06-16T16:37:54 waiting parent process
2026-06-16T16:37:54 parent process exited
2026-06-16T16:37:54 installer exists false
2026-06-16T16:37:54 インストーラが見つかりません: /tmp/tmpcshldafc/missing-setup.exe
2026-06-16T16:38:01 helper started
2026-06-16T16:38:01 helper_executable_path /home/admin/codex-work/TksToKintone/app/update_helper.py
2026-06-16T16:38:01 current_working_directory /home/admin/codex-work/TksToKintone
2026-06-16T16:38:01 parent_pid 0
2026-06-16T16:38:01 installer_path /tmp/tmpzhtnrr5f/tks-to-kintone-setup.exe
2026-06-16T16:38:01 app_exe_path /tmp/tmpzhtnrr5f/tks-to-kintone.exe
2026-06-16T16:38:01 waiting parent process
2026-06-16T16:38:01 parent process exited
2026-06-16T16:38:01 installer exists true
2026-06-16T16:38:01 installer start
2026-06-16T16:38:01 installer args: (通常起動)
2026-06-16T16:38:01 installer exit code 1
2026-06-16T16:38:01 インストーラが異常終了したため再起動しません。
2026-06-16T16:38:01 helper started
2026-06-16T16:38:01 helper_executable_path /home/admin/codex-work/TksToKintone/app/update_helper.py
2026-06-16T16:38:01 current_working_directory /home/admin/codex-work/TksToKintone
2026-06-16T16:38:01 parent_pid 0
2026-06-16T16:38:01 installer_path /tmp/tmp6nlvty03/tks-to-kintone-setup.exe
2026-06-16T16:38:01 app_exe_path /tmp/tmp6nlvty03/tks-to-kintone.exe
2026-06-16T16:38:01 waiting parent process
2026-06-16T16:38:01 parent process exited
2026-06-16T16:38:01 installer exists true
2026-06-16T16:38:01 installer start
2026-06-16T16:38:01 installer args: (通常起動)
2026-06-16T16:38:01 installer exit code 0
2026-06-16T16:38:01 app restart: /tmp/tmp6nlvty03/tks-to-kintone.exe
2026-06-16T16:38:01 helper finished
2026-06-16T16:38:01 helper started
2026-06-16T16:38:01 helper_executable_path /home/admin/codex-work/TksToKintone/app/update_helper.py
2026-06-16T16:38:01 current_working_directory /home/admin/codex-work/TksToKintone
2026-06-16T16:38:01 parent_pid 0
2026-06-16T16:38:01 installer_path /tmp/tmpstfgfqr2/missing-setup.exe
2026-06-16T16:38:01 app_exe_path /tmp/tmpstfgfqr2/tks-to-kintone.exe
2026-06-16T16:38:01 waiting parent process
2026-06-16T16:38:01 parent process exited
2026-06-16T16:38:01 installer exists false
2026-06-16T16:38:01 インストーラが見つかりません: /tmp/tmpstfgfqr2/missing-setup.exe
2026-06-16T16:38:08 helper started
2026-06-16T16:38:08 helper_executable_path /home/admin/codex-work/TksToKintone/app/update_helper.py
2026-06-16T16:38:08 current_working_directory /home/admin/codex-work/TksToKintone
2026-06-16T16:38:08 parent_pid 0
2026-06-16T16:38:08 installer_path /tmp/tmp4pzf6qqo/tks-to-kintone-setup.exe
2026-06-16T16:38:08 app_exe_path /tmp/tmp4pzf6qqo/tks-to-kintone.exe
2026-06-16T16:38:08 waiting parent process
2026-06-16T16:38:08 parent process exited
2026-06-16T16:38:08 installer exists true
2026-06-16T16:38:08 installer start
2026-06-16T16:38:08 installer args: (通常起動)
2026-06-16T16:38:08 installer exit code 1
2026-06-16T16:38:08 インストーラが異常終了したため再起動しません。
2026-06-16T16:38:08 helper started
2026-06-16T16:38:08 helper_executable_path /home/admin/codex-work/TksToKintone/app/update_helper.py
2026-06-16T16:38:08 current_working_directory /home/admin/codex-work/TksToKintone
2026-06-16T16:38:08 parent_pid 0
2026-06-16T16:38:08 installer_path /tmp/tmpfe59uuae/tks-to-kintone-setup.exe
2026-06-16T16:38:08 app_exe_path /tmp/tmpfe59uuae/tks-to-kintone.exe
2026-06-16T16:38:08 waiting parent process
2026-06-16T16:38:08 parent process exited
2026-06-16T16:38:08 installer exists true
2026-06-16T16:38:08 installer start
2026-06-16T16:38:08 installer args: (通常起動)
2026-06-16T16:38:08 installer exit code 0
2026-06-16T16:38:08 app restart: /tmp/tmpfe59uuae/tks-to-kintone.exe
2026-06-16T16:38:08 helper finished
2026-06-16T16:38:08 helper started
2026-06-16T16:38:08 helper_executable_path /home/admin/codex-work/TksToKintone/app/update_helper.py
2026-06-16T16:38:08 current_working_directory /home/admin/codex-work/TksToKintone
2026-06-16T16:38:08 parent_pid 0
2026-06-16T16:38:08 installer_path /tmp/tmp7hk0ey4f/missing-setup.exe
2026-06-16T16:38:08 app_exe_path /tmp/tmp7hk0ey4f/tks-to-kintone.exe
2026-06-16T16:38:08 waiting parent process
2026-06-16T16:38:08 parent process exited
2026-06-16T16:38:08 installer exists false
2026-06-16T16:38:08 インストーラが見つかりません: /tmp/tmp7hk0ey4f/missing-setup.exe
2026-06-16T16:38:22 helper started
2026-06-16T16:38:22 helper_executable_path /home/admin/codex-work/TksToKintone/app/update_helper.py
2026-06-16T16:38:22 current_working_directory /home/admin/codex-work/TksToKintone
2026-06-16T16:38:22 parent_pid 0
2026-06-16T16:38:22 installer_path /tmp/tmps98yy04s/tks-to-kintone-setup.exe
2026-06-16T16:38:22 app_exe_path /tmp/tmps98yy04s/tks-to-kintone.exe
2026-06-16T16:38:22 waiting parent process
2026-06-16T16:38:22 parent process exited
2026-06-16T16:38:22 installer exists true
2026-06-16T16:38:22 installer start
2026-06-16T16:38:22 installer args: (通常起動)
2026-06-16T16:38:22 installer exit code 1
2026-06-16T16:38:22 インストーラが異常終了したため再起動しません。
2026-06-16T16:38:22 helper started
2026-06-16T16:38:22 helper_executable_path /home/admin/codex-work/TksToKintone/app/update_helper.py
2026-06-16T16:38:22 current_working_directory /home/admin/codex-work/TksToKintone
2026-06-16T16:38:22 parent_pid 0
2026-06-16T16:38:22 installer_path /tmp/tmpkyk8unsz/tks-to-kintone-setup.exe
2026-06-16T16:38:22 app_exe_path /tmp/tmpkyk8unsz/tks-to-kintone.exe
2026-06-16T16:38:22 waiting parent process
2026-06-16T16:38:22 parent process exited
2026-06-16T16:38:22 installer exists true
2026-06-16T16:38:22 installer start
2026-06-16T16:38:22 installer args: (通常起動)
2026-06-16T16:38:22 installer exit code 0
2026-06-16T16:38:22 app restart: /tmp/tmpkyk8unsz/tks-to-kintone.exe
2026-06-16T16:38:22 helper finished
2026-06-16T16:38:22 helper started
2026-06-16T16:38:22 helper_executable_path /home/admin/codex-work/TksToKintone/app/update_helper.py
2026-06-16T16:38:22 current_working_directory /home/admin/codex-work/TksToKintone
2026-06-16T16:38:22 parent_pid 0
2026-06-16T16:38:22 installer_path /tmp/tmpjrq6a40s/missing-setup.exe
2026-06-16T16:38:22 app_exe_path /tmp/tmpjrq6a40s/tks-to-kintone.exe
2026-06-16T16:38:22 waiting parent process
2026-06-16T16:38:22 parent process exited
2026-06-16T16:38:22 installer exists false
2026-06-16T16:38:22 インストーラが見つかりません: /tmp/tmpjrq6a40s/missing-setup.exe
2026-06-16T16:38:30 helper started
2026-06-16T16:38:30 helper_executable_path /home/admin/codex-work/TksToKintone/app/update_helper.py
2026-06-16T16:38:30 current_working_directory /home/admin/codex-work/TksToKintone
2026-06-16T16:38:30 parent_pid 0
2026-06-16T16:38:30 installer_path /tmp/tmpdfvt6e6n/tks-to-kintone-setup.exe
2026-06-16T16:38:30 app_exe_path /tmp/tmpdfvt6e6n/tks-to-kintone.exe
2026-06-16T16:38:30 waiting parent process
2026-06-16T16:38:30 parent process exited
2026-06-16T16:38:30 installer exists true
2026-06-16T16:38:30 installer start
2026-06-16T16:38:30 installer args: (通常起動)
2026-06-16T16:38:30 installer exit code 1
2026-06-16T16:38:30 インストーラが異常終了したため再起動しません。
2026-06-16T16:38:30 helper started
2026-06-16T16:38:30 helper_executable_path /home/admin/codex-work/TksToKintone/app/update_helper.py
2026-06-16T16:38:30 current_working_directory /home/admin/codex-work/TksToKintone
2026-06-16T16:38:30 parent_pid 0
2026-06-16T16:38:30 installer_path /tmp/tmpqr0jw3ep/tks-to-kintone-setup.exe
2026-06-16T16:38:30 app_exe_path /tmp/tmpqr0jw3ep/tks-to-kintone.exe
2026-06-16T16:38:30 waiting parent process
2026-06-16T16:38:30 parent process exited
2026-06-16T16:38:30 installer exists true
2026-06-16T16:38:30 installer start
2026-06-16T16:38:30 installer args: (通常起動)
2026-06-16T16:38:30 installer exit code 0
2026-06-16T16:38:30 app restart: /tmp/tmpqr0jw3ep/tks-to-kintone.exe
2026-06-16T16:38:30 helper finished
2026-06-16T16:38:30 helper started
2026-06-16T16:38:30 helper_executable_path /home/admin/codex-work/TksToKintone/app/update_helper.py
2026-06-16T16:38:30 current_working_directory /home/admin/codex-work/TksToKintone
2026-06-16T16:38:30 parent_pid 0
2026-06-16T16:38:30 installer_path /tmp/tmpgl637i5g/missing-setup.exe
2026-06-16T16:38:30 app_exe_path /tmp/tmpgl637i5g/tks-to-kintone.exe
2026-06-16T16:38:30 waiting parent process
2026-06-16T16:38:30 parent process exited
2026-06-16T16:38:30 installer exists false
2026-06-16T16:38:30 インストーラが見つかりません: /tmp/tmpgl637i5g/missing-setup.exe
2026-06-16T16:38:37 helper started
2026-06-16T16:38:37 helper_executable_path /home/admin/codex-work/TksToKintone/app/update_helper.py
2026-06-16T16:38:37 current_working_directory /home/admin/codex-work/TksToKintone
2026-06-16T16:38:37 parent_pid 0
2026-06-16T16:38:37 installer_path /tmp/tmphtgwh5xe/tks-to-kintone-setup.exe
2026-06-16T16:38:37 app_exe_path /tmp/tmphtgwh5xe/tks-to-kintone.exe
2026-06-16T16:38:37 waiting parent process
2026-06-16T16:38:37 parent process exited
2026-06-16T16:38:37 installer exists true
2026-06-16T16:38:37 installer start
2026-06-16T16:38:37 installer args: (通常起動)
2026-06-16T16:38:37 installer exit code 1
2026-06-16T16:38:37 インストーラが異常終了したため再起動しません。
2026-06-16T16:38:37 helper started
2026-06-16T16:38:37 helper_executable_path /home/admin/codex-work/TksToKintone/app/update_helper.py
2026-06-16T16:38:37 current_working_directory /home/admin/codex-work/TksToKintone
2026-06-16T16:38:37 parent_pid 0
2026-06-16T16:38:37 installer_path /tmp/tmpup9n609p/tks-to-kintone-setup.exe
2026-06-16T16:38:37 app_exe_path /tmp/tmpup9n609p/tks-to-kintone.exe
2026-06-16T16:38:37 waiting parent process
2026-06-16T16:38:37 parent process exited
2026-06-16T16:38:37 installer exists true
2026-06-16T16:38:37 installer start
2026-06-16T16:38:37 installer args: (通常起動)
2026-06-16T16:38:37 installer exit code 0
2026-06-16T16:38:37 app restart: /tmp/tmpup9n609p/tks-to-kintone.exe
2026-06-16T16:38:37 helper finished
2026-06-16T16:38:37 helper started
2026-06-16T16:38:37 helper_executable_path /home/admin/codex-work/TksToKintone/app/update_helper.py
2026-06-16T16:38:37 current_working_directory /home/admin/codex-work/TksToKintone
2026-06-16T16:38:37 parent_pid 0
2026-06-16T16:38:37 installer_path /tmp/tmpsj9zji83/missing-setup.exe
2026-06-16T16:38:37 app_exe_path /tmp/tmpsj9zji83/tks-to-kintone.exe
2026-06-16T16:38:37 waiting parent process
2026-06-16T16:38:37 parent process exited
2026-06-16T16:38:37 installer exists false
2026-06-16T16:38:37 インストーラが見つかりません: /tmp/tmpsj9zji83/missing-setup.exe
2026-06-16T16:38:44 helper started
2026-06-16T16:38:44 helper_executable_path /home/admin/codex-work/TksToKintone/app/update_helper.py
2026-06-16T16:38:44 current_working_directory /home/admin/codex-work/TksToKintone
2026-06-16T16:38:44 parent_pid 0
2026-06-16T16:38:44 installer_path /tmp/tmpfqr_zr3l/tks-to-kintone-setup.exe
2026-06-16T16:38:44 app_exe_path /tmp/tmpfqr_zr3l/tks-to-kintone.exe
2026-06-16T16:38:44 waiting parent process
2026-06-16T16:38:44 parent process exited
2026-06-16T16:38:44 installer exists true
2026-06-16T16:38:44 installer start
2026-06-16T16:38:44 installer args: (通常起動)
2026-06-16T16:38:44 installer exit code 1
2026-06-16T16:38:44 インストーラが異常終了したため再起動しません。
2026-06-16T16:38:44 helper started
2026-06-16T16:38:44 helper_executable_path /home/admin/codex-work/TksToKintone/app/update_helper.py
2026-06-16T16:38:44 current_working_directory /home/admin/codex-work/TksToKintone
2026-06-16T16:38:44 parent_pid 0
2026-06-16T16:38:44 installer_path /tmp/tmp1yhuh4il/tks-to-kintone-setup.exe
2026-06-16T16:38:44 app_exe_path /tmp/tmp1yhuh4il/tks-to-kintone.exe
2026-06-16T16:38:44 waiting parent process
2026-06-16T16:38:44 parent process exited
2026-06-16T16:38:44 installer exists true
2026-06-16T16:38:44 installer start
2026-06-16T16:38:44 installer args: (通常起動)
2026-06-16T16:38:44 installer exit code 0
2026-06-16T16:38:44 app restart: /tmp/tmp1yhuh4il/tks-to-kintone.exe
2026-06-16T16:38:44 helper finished
2026-06-16T16:38:44 helper started
2026-06-16T16:38:44 helper_executable_path /home/admin/codex-work/TksToKintone/app/update_helper.py
2026-06-16T16:38:44 current_working_directory /home/admin/codex-work/TksToKintone
2026-06-16T16:38:44 parent_pid 0
2026-06-16T16:38:44 installer_path /tmp/tmpx_p8bpk0/missing-setup.exe
2026-06-16T16:38:44 app_exe_path /tmp/tmpx_p8bpk0/tks-to-kintone.exe
2026-06-16T16:38:44 waiting parent process
2026-06-16T16:38:44 parent process exited
2026-06-16T16:38:44 installer exists false
2026-06-16T16:38:44 インストーラが見つかりません: /tmp/tmpx_p8bpk0/missing-setup.exe
2026-06-16T16:58:14 helper started
2026-06-16T16:58:14 helper_executable_path /home/admin/codex-work/TksToKintone/app/update_helper.py
2026-06-16T16:58:14 current_working_directory /home/admin/codex-work/TksToKintone
2026-06-16T16:58:14 parent_pid 0
2026-06-16T16:58:14 installer_path /tmp/tmp9cd5svap/tks-to-kintone-setup.exe
2026-06-16T16:58:14 app_exe_path /tmp/tmp9cd5svap/tks-to-kintone.exe
2026-06-16T16:58:14 waiting parent process
2026-06-16T16:58:14 parent process exited
2026-06-16T16:58:14 installer exists true
2026-06-16T16:58:14 installer start
2026-06-16T16:58:14 installer args: (通常起動)
2026-06-16T16:58:14 installer exit code 1
2026-06-16T16:58:14 インストーラが異常終了したため再起動しません。
2026-06-16T16:58:14 helper started
2026-06-16T16:58:14 helper_executable_path /home/admin/codex-work/TksToKintone/app/update_helper.py
2026-06-16T16:58:14 current_working_directory /home/admin/codex-work/TksToKintone
2026-06-16T16:58:14 parent_pid 0
2026-06-16T16:58:14 installer_path /tmp/tmpw7a0a2um/tks-to-kintone-setup.exe
2026-06-16T16:58:14 app_exe_path /tmp/tmpw7a0a2um/tks-to-kintone.exe
2026-06-16T16:58:14 waiting parent process
2026-06-16T16:58:14 parent process exited
2026-06-16T16:58:14 installer exists true
2026-06-16T16:58:14 installer start
2026-06-16T16:58:14 installer args: (通常起動)
2026-06-16T16:58:14 installer exit code 0
2026-06-16T16:58:14 app restart: /tmp/tmpw7a0a2um/tks-to-kintone.exe
2026-06-16T16:58:14 helper finished
2026-06-16T16:58:14 helper started
2026-06-16T16:58:14 helper_executable_path /home/admin/codex-work/TksToKintone/app/update_helper.py
2026-06-16T16:58:14 current_working_directory /home/admin/codex-work/TksToKintone
2026-06-16T16:58:14 parent_pid 0
2026-06-16T16:58:14 installer_path /tmp/tmpjxjht42w/missing-setup.exe
2026-06-16T16:58:14 app_exe_path /tmp/tmpjxjht42w/tks-to-kintone.exe
2026-06-16T16:58:14 waiting parent process
2026-06-16T16:58:14 parent process exited
2026-06-16T16:58:14 installer exists false
2026-06-16T16:58:14 インストーラが見つかりません: /tmp/tmpjxjht42w/missing-setup.exe
2026-06-16T17:36:33 helper started
2026-06-16T17:36:33 helper_executable_path /home/admin/codex-work/TksToKintone/app/update_helper.py
2026-06-16T17:36:33 current_working_directory /home/admin/codex-work/TksToKintone
2026-06-16T17:36:33 parent_pid 0
2026-06-16T17:36:33 installer_path /tmp/tmpv345i2_s/tks-to-kintone-setup.exe
2026-06-16T17:36:33 app_exe_path /tmp/tmpv345i2_s/tks-to-kintone.exe
2026-06-16T17:36:33 waiting parent process
2026-06-16T17:36:33 parent process exited
2026-06-16T17:36:33 installer exists true
2026-06-16T17:36:33 installer start
2026-06-16T17:36:33 installer args: (通常起動)
2026-06-16T17:36:33 installer exit code 1
2026-06-16T17:36:33 インストーラが異常終了したため再起動しません。
2026-06-16T17:36:33 helper started
2026-06-16T17:36:33 helper_executable_path /home/admin/codex-work/TksToKintone/app/update_helper.py
2026-06-16T17:36:33 current_working_directory /home/admin/codex-work/TksToKintone
2026-06-16T17:36:33 parent_pid 0
2026-06-16T17:36:33 installer_path /tmp/tmpq0zrabh4/tks-to-kintone-setup.exe
2026-06-16T17:36:33 app_exe_path /tmp/tmpq0zrabh4/tks-to-kintone.exe
2026-06-16T17:36:33 waiting parent process
2026-06-16T17:36:33 parent process exited
2026-06-16T17:36:33 installer exists true
2026-06-16T17:36:33 installer start
2026-06-16T17:36:33 installer args: (通常起動)
2026-06-16T17:36:33 installer exit code 0
2026-06-16T17:36:33 app restart: /tmp/tmpq0zrabh4/tks-to-kintone.exe
2026-06-16T17:36:33 helper finished
2026-06-16T17:36:33 helper started
2026-06-16T17:36:33 helper_executable_path /home/admin/codex-work/TksToKintone/app/update_helper.py
2026-06-16T17:36:33 current_working_directory /home/admin/codex-work/TksToKintone
2026-06-16T17:36:33 parent_pid 0
2026-06-16T17:36:33 installer_path /tmp/tmpplotw2bl/missing-setup.exe
2026-06-16T17:36:33 app_exe_path /tmp/tmpplotw2bl/tks-to-kintone.exe
2026-06-16T17:36:33 waiting parent process
2026-06-16T17:36:33 parent process exited
2026-06-16T17:36:33 installer exists false
2026-06-16T17:36:33 インストーラが見つかりません: /tmp/tmpplotw2bl/missing-setup.exe
2026-06-16T17:56:14 helper started
2026-06-16T17:56:14 helper_executable_path /home/admin/codex-work/TksToKintone/app/update_helper.py
2026-06-16T17:56:14 current_working_directory /home/admin/codex-work/TksToKintone
2026-06-16T17:56:14 parent_pid 0
2026-06-16T17:56:14 installer_path /tmp/tmpjjd3i95x/tks-to-kintone-setup.exe
2026-06-16T17:56:14 app_exe_path /tmp/tmpjjd3i95x/tks-to-kintone.exe
2026-06-16T17:56:14 waiting parent process
2026-06-16T17:56:14 parent process exited
2026-06-16T17:56:14 installer exists true
2026-06-16T17:56:14 installer start
2026-06-16T17:56:14 installer args: (通常起動)
2026-06-16T17:56:14 installer exit code 1
2026-06-16T17:56:14 インストーラが異常終了したため再起動しません。
2026-06-16T17:56:14 helper started
2026-06-16T17:56:14 helper_executable_path /home/admin/codex-work/TksToKintone/app/update_helper.py
2026-06-16T17:56:14 current_working_directory /home/admin/codex-work/TksToKintone
2026-06-16T17:56:14 parent_pid 0
2026-06-16T17:56:14 installer_path /tmp/tmpnvwke843/tks-to-kintone-setup.exe
2026-06-16T17:56:14 app_exe_path /tmp/tmpnvwke843/tks-to-kintone.exe
2026-06-16T17:56:14 waiting parent process
2026-06-16T17:56:14 parent process exited
2026-06-16T17:56:14 installer exists true
2026-06-16T17:56:14 installer start
2026-06-16T17:56:14 installer args: (通常起動)
2026-06-16T17:56:14 installer exit code 0
2026-06-16T17:56:14 app restart: /tmp/tmpnvwke843/tks-to-kintone.exe
2026-06-16T17:56:14 helper finished
2026-06-16T17:56:14 helper started
2026-06-16T17:56:14 helper_executable_path /home/admin/codex-work/TksToKintone/app/update_helper.py
2026-06-16T17:56:14 current_working_directory /home/admin/codex-work/TksToKintone
2026-06-16T17:56:14 parent_pid 0
2026-06-16T17:56:14 installer_path /tmp/tmpt20zroel/missing-setup.exe
2026-06-16T17:56:14 app_exe_path /tmp/tmpt20zroel/tks-to-kintone.exe
2026-06-16T17:56:14 waiting parent process
2026-06-16T17:56:14 parent process exited
2026-06-16T17:56:14 installer exists false
2026-06-16T17:56:14 インストーラが見つかりません: /tmp/tmpt20zroel/missing-setup.exe
2026-06-16T17:56:25 helper started
2026-06-16T17:56:25 helper_executable_path /home/admin/codex-work/TksToKintone/app/update_helper.py
2026-06-16T17:56:25 current_working_directory /home/admin/codex-work/TksToKintone
2026-06-16T17:56:25 parent_pid 0
2026-06-16T17:56:25 installer_path /tmp/tmpf5aqej1t/tks-to-kintone-setup.exe
2026-06-16T17:56:25 app_exe_path /tmp/tmpf5aqej1t/tks-to-kintone.exe
2026-06-16T17:56:25 waiting parent process
2026-06-16T17:56:25 parent process exited
2026-06-16T17:56:25 installer exists true
2026-06-16T17:56:25 installer start
2026-06-16T17:56:25 installer args: (通常起動)
2026-06-16T17:56:25 installer exit code 1
2026-06-16T17:56:25 インストーラが異常終了したため再起動しません。
2026-06-16T17:56:25 helper started
2026-06-16T17:56:25 helper_executable_path /home/admin/codex-work/TksToKintone/app/update_helper.py
2026-06-16T17:56:25 current_working_directory /home/admin/codex-work/TksToKintone
2026-06-16T17:56:25 parent_pid 0
2026-06-16T17:56:25 installer_path /tmp/tmpm8khdl57/tks-to-kintone-setup.exe
2026-06-16T17:56:25 app_exe_path /tmp/tmpm8khdl57/tks-to-kintone.exe
2026-06-16T17:56:25 waiting parent process
2026-06-16T17:56:25 parent process exited
2026-06-16T17:56:25 installer exists true
2026-06-16T17:56:25 installer start
2026-06-16T17:56:25 installer args: (通常起動)
2026-06-16T17:56:25 installer exit code 0
2026-06-16T17:56:25 app restart: /tmp/tmpm8khdl57/tks-to-kintone.exe
2026-06-16T17:56:25 helper finished
2026-06-16T17:56:25 helper started
2026-06-16T17:56:25 helper_executable_path /home/admin/codex-work/TksToKintone/app/update_helper.py
2026-06-16T17:56:25 current_working_directory /home/admin/codex-work/TksToKintone
2026-06-16T17:56:25 parent_pid 0
2026-06-16T17:56:25 installer_path /tmp/tmpq4uce39p/missing-setup.exe
2026-06-16T17:56:25 app_exe_path /tmp/tmpq4uce39p/tks-to-kintone.exe
2026-06-16T17:56:25 waiting parent process
2026-06-16T17:56:25 parent process exited
2026-06-16T17:56:25 installer exists false
2026-06-16T17:56:25 インストーラが見つかりません: /tmp/tmpq4uce39p/missing-setup.exe
2026-06-16T17:56:33 helper started
2026-06-16T17:56:33 helper_executable_path /home/admin/codex-work/TksToKintone/app/update_helper.py
2026-06-16T17:56:33 current_working_directory /home/admin/codex-work/TksToKintone
2026-06-16T17:56:33 parent_pid 0
2026-06-16T17:56:33 installer_path /tmp/tmpbqeoowbo/tks-to-kintone-setup.exe
2026-06-16T17:56:33 app_exe_path /tmp/tmpbqeoowbo/tks-to-kintone.exe
2026-06-16T17:56:33 waiting parent process
2026-06-16T17:56:33 parent process exited
2026-06-16T17:56:33 installer exists true
2026-06-16T17:56:33 installer start
2026-06-16T17:56:33 installer args: (通常起動)
2026-06-16T17:56:33 installer exit code 1
2026-06-16T17:56:33 インストーラが異常終了したため再起動しません。
2026-06-16T17:56:33 helper started
2026-06-16T17:56:33 helper_executable_path /home/admin/codex-work/TksToKintone/app/update_helper.py
2026-06-16T17:56:33 current_working_directory /home/admin/codex-work/TksToKintone
2026-06-16T17:56:33 parent_pid 0
2026-06-16T17:56:33 installer_path /tmp/tmp_vsc_qjq/tks-to-kintone-setup.exe
2026-06-16T17:56:33 app_exe_path /tmp/tmp_vsc_qjq/tks-to-kintone.exe
2026-06-16T17:56:33 waiting parent process
2026-06-16T17:56:33 parent process exited
2026-06-16T17:56:33 installer exists true
2026-06-16T17:56:33 installer start
2026-06-16T17:56:33 installer args: (通常起動)
2026-06-16T17:56:33 installer exit code 0
2026-06-16T17:56:33 app restart: /tmp/tmp_vsc_qjq/tks-to-kintone.exe
2026-06-16T17:56:33 helper finished
2026-06-16T17:56:33 helper started
2026-06-16T17:56:33 helper_executable_path /home/admin/codex-work/TksToKintone/app/update_helper.py
2026-06-16T17:56:33 current_working_directory /home/admin/codex-work/TksToKintone
2026-06-16T17:56:33 parent_pid 0
2026-06-16T17:56:33 installer_path /tmp/tmprrx1b3ys/missing-setup.exe
2026-06-16T17:56:33 app_exe_path /tmp/tmprrx1b3ys/tks-to-kintone.exe
2026-06-16T17:56:33 waiting parent process
2026-06-16T17:56:33 parent process exited
2026-06-16T17:56:33 installer exists false
2026-06-16T17:56:33 インストーラが見つかりません: /tmp/tmprrx1b3ys/missing-setup.exe
2026-06-16T17:56:40 helper started
2026-06-16T17:56:40 helper_executable_path /home/admin/codex-work/TksToKintone/app/update_helper.py
2026-06-16T17:56:40 current_working_directory /home/admin/codex-work/TksToKintone
2026-06-16T17:56:40 parent_pid 0
2026-06-16T17:56:40 installer_path /tmp/tmpt6sb0dov/tks-to-kintone-setup.exe
2026-06-16T17:56:40 app_exe_path /tmp/tmpt6sb0dov/tks-to-kintone.exe
2026-06-16T17:56:40 waiting parent process
2026-06-16T17:56:40 parent process exited
2026-06-16T17:56:40 installer exists true
2026-06-16T17:56:40 installer start
2026-06-16T17:56:40 installer args: (通常起動)
2026-06-16T17:56:40 installer exit code 1
2026-06-16T17:56:40 インストーラが異常終了したため再起動しません。
2026-06-16T17:56:40 helper started
2026-06-16T17:56:40 helper_executable_path /home/admin/codex-work/TksToKintone/app/update_helper.py
2026-06-16T17:56:40 current_working_directory /home/admin/codex-work/TksToKintone
2026-06-16T17:56:40 parent_pid 0
2026-06-16T17:56:40 installer_path /tmp/tmpj7xrzxu0/tks-to-kintone-setup.exe
2026-06-16T17:56:40 app_exe_path /tmp/tmpj7xrzxu0/tks-to-kintone.exe
2026-06-16T17:56:40 waiting parent process
2026-06-16T17:56:40 parent process exited
2026-06-16T17:56:40 installer exists true
2026-06-16T17:56:40 installer start
2026-06-16T17:56:40 installer args: (通常起動)
2026-06-16T17:56:40 installer exit code 0
2026-06-16T17:56:40 app restart: /tmp/tmpj7xrzxu0/tks-to-kintone.exe
2026-06-16T17:56:40 helper finished
2026-06-16T17:56:40 helper started
2026-06-16T17:56:40 helper_executable_path /home/admin/codex-work/TksToKintone/app/update_helper.py
2026-06-16T17:56:40 current_working_directory /home/admin/codex-work/TksToKintone
2026-06-16T17:56:40 parent_pid 0
2026-06-16T17:56:40 installer_path /tmp/tmp4tdo1csj/missing-setup.exe
2026-06-16T17:56:40 app_exe_path /tmp/tmp4tdo1csj/tks-to-kintone.exe
2026-06-16T17:56:40 waiting parent process
2026-06-16T17:56:40 parent process exited
2026-06-16T17:56:40 installer exists false
2026-06-16T17:56:40 インストーラが見つかりません: /tmp/tmp4tdo1csj/missing-setup.exe
2026-06-16T17:56:48 helper started
2026-06-16T17:56:48 helper_executable_path /home/admin/codex-work/TksToKintone/app/update_helper.py
2026-06-16T17:56:48 current_working_directory /home/admin/codex-work/TksToKintone
2026-06-16T17:56:48 parent_pid 0
2026-06-16T17:56:48 installer_path /tmp/tmpbvny6iam/tks-to-kintone-setup.exe
2026-06-16T17:56:48 app_exe_path /tmp/tmpbvny6iam/tks-to-kintone.exe
2026-06-16T17:56:48 waiting parent process
2026-06-16T17:56:48 parent process exited
2026-06-16T17:56:48 installer exists true
2026-06-16T17:56:48 installer start
2026-06-16T17:56:48 installer args: (通常起動)
2026-06-16T17:56:48 installer exit code 1
2026-06-16T17:56:48 インストーラが異常終了したため再起動しません。
2026-06-16T17:56:48 helper started
2026-06-16T17:56:48 helper_executable_path /home/admin/codex-work/TksToKintone/app/update_helper.py
2026-06-16T17:56:48 current_working_directory /home/admin/codex-work/TksToKintone
2026-06-16T17:56:48 parent_pid 0
2026-06-16T17:56:48 installer_path /tmp/tmpgj0u588a/tks-to-kintone-setup.exe
2026-06-16T17:56:48 app_exe_path /tmp/tmpgj0u588a/tks-to-kintone.exe
2026-06-16T17:56:48 waiting parent process
2026-06-16T17:56:48 parent process exited
2026-06-16T17:56:48 installer exists true
2026-06-16T17:56:48 installer start
2026-06-16T17:56:48 installer args: (通常起動)
2026-06-16T17:56:48 installer exit code 0
2026-06-16T17:56:48 app restart: /tmp/tmpgj0u588a/tks-to-kintone.exe
2026-06-16T17:56:48 helper finished
2026-06-16T17:56:48 helper started
2026-06-16T17:56:48 helper_executable_path /home/admin/codex-work/TksToKintone/app/update_helper.py
2026-06-16T17:56:48 current_working_directory /home/admin/codex-work/TksToKintone
2026-06-16T17:56:48 parent_pid 0
2026-06-16T17:56:48 installer_path /tmp/tmpnsm2ubz0/missing-setup.exe
2026-06-16T17:56:48 app_exe_path /tmp/tmpnsm2ubz0/tks-to-kintone.exe
2026-06-16T17:56:48 waiting parent process
2026-06-16T17:56:48 parent process exited
2026-06-16T17:56:48 installer exists false
2026-06-16T17:56:48 インストーラが見つかりません: /tmp/tmpnsm2ubz0/missing-setup.exe
2026-06-16T17:57:03 helper started
2026-06-16T17:57:03 helper_executable_path /home/admin/codex-work/TksToKintone/app/update_helper.py
2026-06-16T17:57:03 current_working_directory /home/admin/codex-work/TksToKintone
2026-06-16T17:57:03 parent_pid 0
2026-06-16T17:57:03 installer_path /tmp/tmpem366o8s/tks-to-kintone-setup.exe
2026-06-16T17:57:03 app_exe_path /tmp/tmpem366o8s/tks-to-kintone.exe
2026-06-16T17:57:03 waiting parent process
2026-06-16T17:57:03 parent process exited
2026-06-16T17:57:03 installer exists true
2026-06-16T17:57:03 installer start
2026-06-16T17:57:03 installer args: (通常起動)
2026-06-16T17:57:03 installer exit code 1
2026-06-16T17:57:03 インストーラが異常終了したため再起動しません。
2026-06-16T17:57:03 helper started
2026-06-16T17:57:03 helper_executable_path /home/admin/codex-work/TksToKintone/app/update_helper.py
2026-06-16T17:57:03 current_working_directory /home/admin/codex-work/TksToKintone
2026-06-16T17:57:03 parent_pid 0
2026-06-16T17:57:03 installer_path /tmp/tmpr22zfhro/tks-to-kintone-setup.exe
2026-06-16T17:57:03 app_exe_path /tmp/tmpr22zfhro/tks-to-kintone.exe
2026-06-16T17:57:03 waiting parent process
2026-06-16T17:57:03 parent process exited
2026-06-16T17:57:03 installer exists true
2026-06-16T17:57:03 installer start
2026-06-16T17:57:03 installer args: (通常起動)
2026-06-16T17:57:03 installer exit code 0
2026-06-16T17:57:03 app restart: /tmp/tmpr22zfhro/tks-to-kintone.exe
2026-06-16T17:57:03 helper finished
2026-06-16T17:57:03 helper started
2026-06-16T17:57:03 helper_executable_path /home/admin/codex-work/TksToKintone/app/update_helper.py
2026-06-16T17:57:03 current_working_directory /home/admin/codex-work/TksToKintone
2026-06-16T17:57:03 parent_pid 0
2026-06-16T17:57:03 installer_path /tmp/tmp6isypp_6/missing-setup.exe
2026-06-16T17:57:03 app_exe_path /tmp/tmp6isypp_6/tks-to-kintone.exe
2026-06-16T17:57:03 waiting parent process
2026-06-16T17:57:03 parent process exited
2026-06-16T17:57:03 installer exists false
2026-06-16T17:57:03 インストーラが見つかりません: /tmp/tmp6isypp_6/missing-setup.exe
2026-06-16T17:57:11 helper started
2026-06-16T17:57:11 helper_executable_path /home/admin/codex-work/TksToKintone/app/update_helper.py
2026-06-16T17:57:11 current_working_directory /home/admin/codex-work/TksToKintone
2026-06-16T17:57:11 parent_pid 0
2026-06-16T17:57:11 installer_path /tmp/tmp58nc4vxb/tks-to-kintone-setup.exe
2026-06-16T17:57:11 app_exe_path /tmp/tmp58nc4vxb/tks-to-kintone.exe
2026-06-16T17:57:11 waiting parent process
2026-06-16T17:57:11 parent process exited
2026-06-16T17:57:11 installer exists true
2026-06-16T17:57:11 installer start
2026-06-16T17:57:11 installer args: (通常起動)
2026-06-16T17:57:11 installer exit code 1
2026-06-16T17:57:11 インストーラが異常終了したため再起動しません。
2026-06-16T17:57:11 helper started
2026-06-16T17:57:11 helper_executable_path /home/admin/codex-work/TksToKintone/app/update_helper.py
2026-06-16T17:57:11 current_working_directory /home/admin/codex-work/TksToKintone
2026-06-16T17:57:11 parent_pid 0
2026-06-16T17:57:11 installer_path /tmp/tmpxgbjuwxx/tks-to-kintone-setup.exe
2026-06-16T17:57:11 app_exe_path /tmp/tmpxgbjuwxx/tks-to-kintone.exe
2026-06-16T17:57:11 waiting parent process
2026-06-16T17:57:11 parent process exited
2026-06-16T17:57:11 installer exists true
2026-06-16T17:57:11 installer start
2026-06-16T17:57:11 installer args: (通常起動)
2026-06-16T17:57:11 installer exit code 0
2026-06-16T17:57:11 app restart: /tmp/tmpxgbjuwxx/tks-to-kintone.exe
2026-06-16T17:57:11 helper finished
2026-06-16T17:57:11 helper started
2026-06-16T17:57:11 helper_executable_path /home/admin/codex-work/TksToKintone/app/update_helper.py
2026-06-16T17:57:11 current_working_directory /home/admin/codex-work/TksToKintone
2026-06-16T17:57:11 parent_pid 0
2026-06-16T17:57:11 installer_path /tmp/tmpcy1xwe9r/missing-setup.exe
2026-06-16T17:57:11 app_exe_path /tmp/tmpcy1xwe9r/tks-to-kintone.exe
2026-06-16T17:57:11 waiting parent process
2026-06-16T17:57:11 parent process exited
2026-06-16T17:57:11 installer exists false
2026-06-16T17:57:11 インストーラが見つかりません: /tmp/tmpcy1xwe9r/missing-setup.exe
2026-06-16T17:57:19 helper started
2026-06-16T17:57:19 helper_executable_path /home/admin/codex-work/TksToKintone/app/update_helper.py
2026-06-16T17:57:19 current_working_directory /home/admin/codex-work/TksToKintone
2026-06-16T17:57:19 parent_pid 0
2026-06-16T17:57:19 installer_path /tmp/tmpl13ea72y/tks-to-kintone-setup.exe
2026-06-16T17:57:19 app_exe_path /tmp/tmpl13ea72y/tks-to-kintone.exe
2026-06-16T17:57:19 waiting parent process
2026-06-16T17:57:19 parent process exited
2026-06-16T17:57:19 installer exists true
2026-06-16T17:57:19 installer start
2026-06-16T17:57:19 installer args: (通常起動)
2026-06-16T17:57:19 installer exit code 1
2026-06-16T17:57:19 インストーラが異常終了したため再起動しません。
2026-06-16T17:57:19 helper started
2026-06-16T17:57:19 helper_executable_path /home/admin/codex-work/TksToKintone/app/update_helper.py
2026-06-16T17:57:19 current_working_directory /home/admin/codex-work/TksToKintone
2026-06-16T17:57:19 parent_pid 0
2026-06-16T17:57:19 installer_path /tmp/tmpbs6nrho9/tks-to-kintone-setup.exe
2026-06-16T17:57:19 app_exe_path /tmp/tmpbs6nrho9/tks-to-kintone.exe
2026-06-16T17:57:19 waiting parent process
2026-06-16T17:57:19 parent process exited
2026-06-16T17:57:19 installer exists true
2026-06-16T17:57:19 installer start
2026-06-16T17:57:19 installer args: (通常起動)
2026-06-16T17:57:19 installer exit code 0
2026-06-16T17:57:19 app restart: /tmp/tmpbs6nrho9/tks-to-kintone.exe
2026-06-16T17:57:19 helper finished
2026-06-16T17:57:19 helper started
2026-06-16T17:57:19 helper_executable_path /home/admin/codex-work/TksToKintone/app/update_helper.py
2026-06-16T17:57:19 current_working_directory /home/admin/codex-work/TksToKintone
2026-06-16T17:57:19 parent_pid 0
2026-06-16T17:57:19 installer_path /tmp/tmps8gj__x8/missing-setup.exe
2026-06-16T17:57:19 app_exe_path /tmp/tmps8gj__x8/tks-to-kintone.exe
2026-06-16T17:57:19 waiting parent process
2026-06-16T17:57:19 parent process exited
2026-06-16T17:57:19 installer exists false
2026-06-16T17:57:19 インストーラが見つかりません: /tmp/tmps8gj__x8/missing-setup.exe
2026-06-16T17:57:26 helper started
2026-06-16T17:57:26 helper_executable_path /home/admin/codex-work/TksToKintone/app/update_helper.py
2026-06-16T17:57:26 current_working_directory /home/admin/codex-work/TksToKintone
2026-06-16T17:57:26 parent_pid 0
2026-06-16T17:57:26 installer_path /tmp/tmp4b8d3u06/tks-to-kintone-setup.exe
2026-06-16T17:57:26 app_exe_path /tmp/tmp4b8d3u06/tks-to-kintone.exe
2026-06-16T17:57:26 waiting parent process
2026-06-16T17:57:26 parent process exited
2026-06-16T17:57:26 installer exists true
2026-06-16T17:57:26 installer start
2026-06-16T17:57:26 installer args: (通常起動)
2026-06-16T17:57:26 installer exit code 1
2026-06-16T17:57:26 インストーラが異常終了したため再起動しません。
2026-06-16T17:57:26 helper started
2026-06-16T17:57:26 helper_executable_path /home/admin/codex-work/TksToKintone/app/update_helper.py
2026-06-16T17:57:26 current_working_directory /home/admin/codex-work/TksToKintone
2026-06-16T17:57:26 parent_pid 0
2026-06-16T17:57:26 installer_path /tmp/tmph0nm3v6k/tks-to-kintone-setup.exe
2026-06-16T17:57:26 app_exe_path /tmp/tmph0nm3v6k/tks-to-kintone.exe
2026-06-16T17:57:26 waiting parent process
2026-06-16T17:57:26 parent process exited
2026-06-16T17:57:26 installer exists true
2026-06-16T17:57:26 installer start
2026-06-16T17:57:26 installer args: (通常起動)
2026-06-16T17:57:26 installer exit code 0
2026-06-16T17:57:26 app restart: /tmp/tmph0nm3v6k/tks-to-kintone.exe
2026-06-16T17:57:26 helper finished
2026-06-16T17:57:26 helper started
2026-06-16T17:57:26 helper_executable_path /home/admin/codex-work/TksToKintone/app/update_helper.py
2026-06-16T17:57:26 current_working_directory /home/admin/codex-work/TksToKintone
2026-06-16T17:57:26 parent_pid 0
2026-06-16T17:57:26 installer_path /tmp/tmpr0_ldsu3/missing-setup.exe
2026-06-16T17:57:26 app_exe_path /tmp/tmpr0_ldsu3/tks-to-kintone.exe
2026-06-16T17:57:26 waiting parent process
2026-06-16T17:57:26 parent process exited
2026-06-16T17:57:26 installer exists false
2026-06-16T17:57:26 インストーラが見つかりません: /tmp/tmpr0_ldsu3/missing-setup.exe
2026-06-16T17:57:33 helper started
2026-06-16T17:57:33 helper_executable_path /home/admin/codex-work/TksToKintone/app/update_helper.py
2026-06-16T17:57:33 current_working_directory /home/admin/codex-work/TksToKintone
2026-06-16T17:57:33 parent_pid 0
2026-06-16T17:57:33 installer_path /tmp/tmpgccgmbn7/tks-to-kintone-setup.exe
2026-06-16T17:57:33 app_exe_path /tmp/tmpgccgmbn7/tks-to-kintone.exe
2026-06-16T17:57:33 waiting parent process
2026-06-16T17:57:33 parent process exited
2026-06-16T17:57:33 installer exists true
2026-06-16T17:57:33 installer start
2026-06-16T17:57:33 installer args: (通常起動)
2026-06-16T17:57:33 installer exit code 1
2026-06-16T17:57:33 インストーラが異常終了したため再起動しません。
2026-06-16T17:57:33 helper started
2026-06-16T17:57:33 helper_executable_path /home/admin/codex-work/TksToKintone/app/update_helper.py
2026-06-16T17:57:33 current_working_directory /home/admin/codex-work/TksToKintone
2026-06-16T17:57:33 parent_pid 0
2026-06-16T17:57:33 installer_path /tmp/tmph32h8dw1/tks-to-kintone-setup.exe
2026-06-16T17:57:33 app_exe_path /tmp/tmph32h8dw1/tks-to-kintone.exe
2026-06-16T17:57:33 waiting parent process
2026-06-16T17:57:33 parent process exited
2026-06-16T17:57:33 installer exists true
2026-06-16T17:57:33 installer start
2026-06-16T17:57:33 installer args: (通常起動)
2026-06-16T17:57:33 installer exit code 0
2026-06-16T17:57:33 app restart: /tmp/tmph32h8dw1/tks-to-kintone.exe
2026-06-16T17:57:33 helper finished
2026-06-16T17:57:33 helper started
2026-06-16T17:57:33 helper_executable_path /home/admin/codex-work/TksToKintone/app/update_helper.py
2026-06-16T17:57:33 current_working_directory /home/admin/codex-work/TksToKintone
2026-06-16T17:57:33 parent_pid 0
2026-06-16T17:57:33 installer_path /tmp/tmpg_krj8ob/missing-setup.exe
2026-06-16T17:57:33 app_exe_path /tmp/tmpg_krj8ob/tks-to-kintone.exe
2026-06-16T17:57:33 waiting parent process
2026-06-16T17:57:33 parent process exited
2026-06-16T17:57:33 installer exists false
2026-06-16T17:57:33 インストーラが見つかりません: /tmp/tmpg_krj8ob/missing-setup.exe
2026-06-17T08:42:34 helper started
2026-06-17T08:42:34 helper_executable_path /home/admin/codex-work/TksToKintone/app/update_helper.py
2026-06-17T08:42:34 current_working_directory /home/admin/codex-work/TksToKintone
2026-06-17T08:42:34 parent_pid 0
2026-06-17T08:42:34 installer_path /tmp/tmp6_6m02f9/tks-to-kintone-setup.exe
2026-06-17T08:42:34 app_exe_path /tmp/tmp6_6m02f9/tks-to-kintone.exe
2026-06-17T08:42:34 waiting parent process
2026-06-17T08:42:34 parent process exited
2026-06-17T08:42:34 installer exists true
2026-06-17T08:42:34 installer start
2026-06-17T08:42:34 installer args: (通常起動)
2026-06-17T08:42:34 installer exit code 1
2026-06-17T08:42:34 インストーラが異常終了したため再起動しません。
2026-06-17T08:42:34 helper started
2026-06-17T08:42:34 helper_executable_path /home/admin/codex-work/TksToKintone/app/update_helper.py
2026-06-17T08:42:34 current_working_directory /home/admin/codex-work/TksToKintone
2026-06-17T08:42:34 parent_pid 0
2026-06-17T08:42:34 installer_path /tmp/tmpw2s_3221/tks-to-kintone-setup.exe
2026-06-17T08:42:34 app_exe_path /tmp/tmpw2s_3221/tks-to-kintone.exe
2026-06-17T08:42:34 waiting parent process
2026-06-17T08:42:34 parent process exited
2026-06-17T08:42:34 installer exists true
2026-06-17T08:42:34 installer start
2026-06-17T08:42:34 installer args: (通常起動)
2026-06-17T08:42:34 installer exit code 0
2026-06-17T08:42:34 app restart: /tmp/tmpw2s_3221/tks-to-kintone.exe
2026-06-17T08:42:34 helper finished
2026-06-17T08:42:34 helper started
2026-06-17T08:42:34 helper_executable_path /home/admin/codex-work/TksToKintone/app/update_helper.py
2026-06-17T08:42:34 current_working_directory /home/admin/codex-work/TksToKintone
2026-06-17T08:42:34 parent_pid 0
2026-06-17T08:42:34 installer_path /tmp/tmp54h1ss80/missing-setup.exe
2026-06-17T08:42:34 app_exe_path /tmp/tmp54h1ss80/tks-to-kintone.exe
2026-06-17T08:42:34 waiting parent process
2026-06-17T08:42:34 parent process exited
2026-06-17T08:42:34 installer exists false
2026-06-17T08:42:34 インストーラが見つかりません: /tmp/tmp54h1ss80/missing-setup.exe
2026-06-17T08:43:00 helper started
2026-06-17T08:43:00 helper_executable_path /home/admin/codex-work/TksToKintone/app/update_helper.py
2026-06-17T08:43:00 current_working_directory /home/admin/codex-work/TksToKintone
2026-06-17T08:43:00 parent_pid 0
2026-06-17T08:43:00 installer_path /tmp/tmpcbaykkth/tks-to-kintone-setup.exe
2026-06-17T08:43:00 app_exe_path /tmp/tmpcbaykkth/tks-to-kintone.exe
2026-06-17T08:43:00 waiting parent process
2026-06-17T08:43:00 parent process exited
2026-06-17T08:43:00 installer exists true
2026-06-17T08:43:00 installer start
2026-06-17T08:43:00 installer args: (通常起動)
2026-06-17T08:43:00 installer exit code 1
2026-06-17T08:43:00 インストーラが異常終了したため再起動しません。
2026-06-17T08:43:00 helper started
2026-06-17T08:43:00 helper_executable_path /home/admin/codex-work/TksToKintone/app/update_helper.py
2026-06-17T08:43:00 current_working_directory /home/admin/codex-work/TksToKintone
2026-06-17T08:43:00 parent_pid 0
2026-06-17T08:43:00 installer_path /tmp/tmpnza2bpvx/tks-to-kintone-setup.exe
2026-06-17T08:43:00 app_exe_path /tmp/tmpnza2bpvx/tks-to-kintone.exe
2026-06-17T08:43:00 waiting parent process
2026-06-17T08:43:00 parent process exited
2026-06-17T08:43:00 installer exists true
2026-06-17T08:43:00 installer start
2026-06-17T08:43:00 installer args: (通常起動)
2026-06-17T08:43:00 installer exit code 0
2026-06-17T08:43:00 app restart: /tmp/tmpnza2bpvx/tks-to-kintone.exe
2026-06-17T08:43:00 helper finished
2026-06-17T08:43:00 helper started
2026-06-17T08:43:00 helper_executable_path /home/admin/codex-work/TksToKintone/app/update_helper.py
2026-06-17T08:43:00 current_working_directory /home/admin/codex-work/TksToKintone
2026-06-17T08:43:00 parent_pid 0
2026-06-17T08:43:00 installer_path /tmp/tmpbgl46d4n/missing-setup.exe
2026-06-17T08:43:00 app_exe_path /tmp/tmpbgl46d4n/tks-to-kintone.exe
2026-06-17T08:43:00 waiting parent process
2026-06-17T08:43:00 parent process exited
2026-06-17T08:43:00 installer exists false
2026-06-17T08:43:00 インストーラが見つかりません: /tmp/tmpbgl46d4n/missing-setup.exe
2026-06-17T08:43:36 helper started
2026-06-17T08:43:36 helper_executable_path /home/admin/codex-work/TksToKintone/app/update_helper.py
2026-06-17T08:43:36 current_working_directory /home/admin/codex-work/TksToKintone
2026-06-17T08:43:36 parent_pid 0
2026-06-17T08:43:36 installer_path /tmp/tmpri1_z3ao/tks-to-kintone-setup.exe
2026-06-17T08:43:36 app_exe_path /tmp/tmpri1_z3ao/tks-to-kintone.exe
2026-06-17T08:43:36 waiting parent process
2026-06-17T08:43:36 parent process exited
2026-06-17T08:43:36 installer exists true
2026-06-17T08:43:36 installer start
2026-06-17T08:43:36 installer args: (通常起動)
2026-06-17T08:43:36 installer exit code 1
2026-06-17T08:43:36 インストーラが異常終了したため再起動しません。
2026-06-17T08:43:36 helper started
2026-06-17T08:43:36 helper_executable_path /home/admin/codex-work/TksToKintone/app/update_helper.py
2026-06-17T08:43:36 current_working_directory /home/admin/codex-work/TksToKintone
2026-06-17T08:43:36 parent_pid 0
2026-06-17T08:43:36 installer_path /tmp/tmpkwtyvxei/tks-to-kintone-setup.exe
2026-06-17T08:43:36 app_exe_path /tmp/tmpkwtyvxei/tks-to-kintone.exe
2026-06-17T08:43:36 waiting parent process
2026-06-17T08:43:36 parent process exited
2026-06-17T08:43:36 installer exists true
2026-06-17T08:43:36 installer start
2026-06-17T08:43:36 installer args: (通常起動)
2026-06-17T08:43:36 installer exit code 0
2026-06-17T08:43:36 app restart: /tmp/tmpkwtyvxei/tks-to-kintone.exe
2026-06-17T08:43:36 helper finished
2026-06-17T08:43:36 helper started
2026-06-17T08:43:36 helper_executable_path /home/admin/codex-work/TksToKintone/app/update_helper.py
2026-06-17T08:43:36 current_working_directory /home/admin/codex-work/TksToKintone
2026-06-17T08:43:36 parent_pid 0
2026-06-17T08:43:36 installer_path /tmp/tmpzrz8aniz/missing-setup.exe
2026-06-17T08:43:36 app_exe_path /tmp/tmpzrz8aniz/tks-to-kintone.exe
2026-06-17T08:43:36 waiting parent process
2026-06-17T08:43:36 parent process exited
2026-06-17T08:43:36 installer exists false
2026-06-17T08:43:36 インストーラが見つかりません: /tmp/tmpzrz8aniz/missing-setup.exe
2026-06-17T09:28:26 helper started
2026-06-17T09:28:26 helper_executable_path /home/admin/codex-work/TksToKintone/app/update_helper.py
2026-06-17T09:28:26 current_working_directory /home/admin/codex-work/TksToKintone
2026-06-17T09:28:26 parent_pid 0
2026-06-17T09:28:26 installer_path /tmp/tmp82zt810i/tks-to-kintone-setup.exe
2026-06-17T09:28:26 app_exe_path /tmp/tmp82zt810i/tks-to-kintone.exe
2026-06-17T09:28:26 waiting parent process
2026-06-17T09:28:26 parent process exited
2026-06-17T09:28:26 installer exists true
2026-06-17T09:28:26 installer start
2026-06-17T09:28:26 installer args: (通常起動)
2026-06-17T09:28:26 installer exit code 1
2026-06-17T09:28:26 インストーラが異常終了したため再起動しません。
2026-06-17T09:28:26 helper started
2026-06-17T09:28:26 helper_executable_path /home/admin/codex-work/TksToKintone/app/update_helper.py
2026-06-17T09:28:26 current_working_directory /home/admin/codex-work/TksToKintone
2026-06-17T09:28:26 parent_pid 0
2026-06-17T09:28:26 installer_path /tmp/tmpbdip1eek/tks-to-kintone-setup.exe
2026-06-17T09:28:26 app_exe_path /tmp/tmpbdip1eek/tks-to-kintone.exe
2026-06-17T09:28:26 waiting parent process
2026-06-17T09:28:26 parent process exited
2026-06-17T09:28:26 installer exists true
2026-06-17T09:28:26 installer start
2026-06-17T09:28:26 installer args: (通常起動)
2026-06-17T09:28:26 installer exit code 0
2026-06-17T09:28:26 app restart: /tmp/tmpbdip1eek/tks-to-kintone.exe
2026-06-17T09:28:26 helper finished
2026-06-17T09:28:26 helper started
2026-06-17T09:28:26 helper_executable_path /home/admin/codex-work/TksToKintone/app/update_helper.py
2026-06-17T09:28:26 current_working_directory /home/admin/codex-work/TksToKintone
2026-06-17T09:28:26 parent_pid 0
2026-06-17T09:28:26 installer_path /tmp/tmpmj4l8foy/missing-setup.exe
2026-06-17T09:28:26 app_exe_path /tmp/tmpmj4l8foy/tks-to-kintone.exe
2026-06-17T09:28:26 waiting parent process
2026-06-17T09:28:26 parent process exited
2026-06-17T09:28:26 installer exists false
2026-06-17T09:28:26 インストーラが見つかりません: /tmp/tmpmj4l8foy/missing-setup.exe
2026-06-17T10:09:02 helper started
2026-06-17T10:09:02 helper_executable_path /home/admin/codex-work/TksToKintone/app/update_helper.py
2026-06-17T10:09:02 current_working_directory /home/admin/codex-work/TksToKintone
2026-06-17T10:09:02 parent_pid 0
2026-06-17T10:09:02 installer_path /tmp/tmpvcalpi9d/tks-to-kintone-setup.exe
2026-06-17T10:09:02 app_exe_path /tmp/tmpvcalpi9d/tks-to-kintone.exe
2026-06-17T10:09:02 waiting parent process
2026-06-17T10:09:02 parent process exited
2026-06-17T10:09:02 installer exists true
2026-06-17T10:09:02 installer start
2026-06-17T10:09:02 installer args: (通常起動)
2026-06-17T10:09:02 installer exit code 1
2026-06-17T10:09:02 インストーラが異常終了したため再起動しません。
2026-06-17T10:09:02 helper started
2026-06-17T10:09:02 helper_executable_path /home/admin/codex-work/TksToKintone/app/update_helper.py
2026-06-17T10:09:02 current_working_directory /home/admin/codex-work/TksToKintone
2026-06-17T10:09:02 parent_pid 0
2026-06-17T10:09:02 installer_path /tmp/tmpba02p548/tks-to-kintone-setup.exe
2026-06-17T10:09:02 app_exe_path /tmp/tmpba02p548/tks-to-kintone.exe
2026-06-17T10:09:02 waiting parent process
2026-06-17T10:09:02 parent process exited
2026-06-17T10:09:02 installer exists true
2026-06-17T10:09:02 installer start
2026-06-17T10:09:02 installer args: (通常起動)
2026-06-17T10:09:02 installer exit code 0
2026-06-17T10:09:02 app restart: /tmp/tmpba02p548/tks-to-kintone.exe
2026-06-17T10:09:02 helper finished
2026-06-17T10:09:02 helper started
2026-06-17T10:09:02 helper_executable_path /home/admin/codex-work/TksToKintone/app/update_helper.py
2026-06-17T10:09:02 current_working_directory /home/admin/codex-work/TksToKintone
2026-06-17T10:09:02 parent_pid 0
2026-06-17T10:09:02 installer_path /tmp/tmpxoj9964p/missing-setup.exe
2026-06-17T10:09:02 app_exe_path /tmp/tmpxoj9964p/tks-to-kintone.exe
2026-06-17T10:09:02 waiting parent process
2026-06-17T10:09:02 parent process exited
2026-06-17T10:09:02 installer exists false
2026-06-17T10:09:02 インストーラが見つかりません: /tmp/tmpxoj9964p/missing-setup.exe
2026-06-17T12:01:13 helper started
2026-06-17T12:01:13 helper_executable_path /home/admin/codex-work/TksToKintone/app/update_helper.py
2026-06-17T12:01:13 current_working_directory /home/admin/codex-work/TksToKintone
2026-06-17T12:01:13 parent_pid 0
2026-06-17T12:01:13 installer_path /tmp/tmp902jxp0l/tks-to-kintone-setup.exe
2026-06-17T12:01:13 app_exe_path /tmp/tmp902jxp0l/tks-to-kintone.exe
2026-06-17T12:01:13 waiting parent process
2026-06-17T12:01:13 parent process exited
2026-06-17T12:01:13 installer exists true
2026-06-17T12:01:13 installer start
2026-06-17T12:01:13 installer args: (通常起動)
2026-06-17T12:01:13 installer exit code 1
2026-06-17T12:01:13 インストーラが異常終了したため再起動しません。
2026-06-17T12:01:13 helper started
2026-06-17T12:01:13 helper_executable_path /home/admin/codex-work/TksToKintone/app/update_helper.py
2026-06-17T12:01:13 current_working_directory /home/admin/codex-work/TksToKintone
2026-06-17T12:01:13 parent_pid 0
2026-06-17T12:01:13 installer_path /tmp/tmpdioiszw0/tks-to-kintone-setup.exe
2026-06-17T12:01:13 app_exe_path /tmp/tmpdioiszw0/tks-to-kintone.exe
2026-06-17T12:01:13 waiting parent process
2026-06-17T12:01:13 parent process exited
2026-06-17T12:01:13 installer exists true
2026-06-17T12:01:13 installer start
2026-06-17T12:01:13 installer args: (通常起動)
2026-06-17T12:01:13 installer exit code 0
2026-06-17T12:01:13 app restart: /tmp/tmpdioiszw0/tks-to-kintone.exe
2026-06-17T12:01:13 helper finished
2026-06-17T12:01:13 helper started
2026-06-17T12:01:13 helper_executable_path /home/admin/codex-work/TksToKintone/app/update_helper.py
2026-06-17T12:01:13 current_working_directory /home/admin/codex-work/TksToKintone
2026-06-17T12:01:13 parent_pid 0
2026-06-17T12:01:13 installer_path /tmp/tmpy87ah7r7/missing-setup.exe
2026-06-17T12:01:13 app_exe_path /tmp/tmpy87ah7r7/tks-to-kintone.exe
2026-06-17T12:01:13 waiting parent process
2026-06-17T12:01:13 parent process exited
2026-06-17T12:01:13 installer exists false
2026-06-17T12:01:13 インストーラが見つかりません: /tmp/tmpy87ah7r7/missing-setup.exe
2026-06-17T12:03:04 helper started
2026-06-17T12:03:04 helper_executable_path /home/admin/codex-work/TksToKintone/app/update_helper.py
2026-06-17T12:03:04 current_working_directory /home/admin/codex-work/TksToKintone
2026-06-17T12:03:04 parent_pid 0
2026-06-17T12:03:04 installer_path /tmp/tmp50hr_ysq/tks-to-kintone-setup.exe
2026-06-17T12:03:04 app_exe_path /tmp/tmp50hr_ysq/tks-to-kintone.exe
2026-06-17T12:03:04 waiting parent process
2026-06-17T12:03:04 parent process exited
2026-06-17T12:03:04 installer exists true
2026-06-17T12:03:04 installer start
2026-06-17T12:03:04 installer args: (通常起動)
2026-06-17T12:03:04 installer exit code 1
2026-06-17T12:03:04 インストーラが異常終了したため再起動しません。
2026-06-17T12:03:04 helper started
2026-06-17T12:03:04 helper_executable_path /home/admin/codex-work/TksToKintone/app/update_helper.py
2026-06-17T12:03:04 current_working_directory /home/admin/codex-work/TksToKintone
2026-06-17T12:03:04 parent_pid 0
2026-06-17T12:03:04 installer_path /tmp/tmp91ithr0i/tks-to-kintone-setup.exe
2026-06-17T12:03:04 app_exe_path /tmp/tmp91ithr0i/tks-to-kintone.exe
2026-06-17T12:03:04 waiting parent process
2026-06-17T12:03:04 parent process exited
2026-06-17T12:03:04 installer exists true
2026-06-17T12:03:04 installer start
2026-06-17T12:03:04 installer args: (通常起動)
2026-06-17T12:03:04 installer exit code 0
2026-06-17T12:03:04 app restart: /tmp/tmp91ithr0i/tks-to-kintone.exe
2026-06-17T12:03:04 helper finished
2026-06-17T12:03:04 helper started
2026-06-17T12:03:04 helper_executable_path /home/admin/codex-work/TksToKintone/app/update_helper.py
2026-06-17T12:03:04 current_working_directory /home/admin/codex-work/TksToKintone
2026-06-17T12:03:04 parent_pid 0
2026-06-17T12:03:04 installer_path /tmp/tmpwqxu4h56/missing-setup.exe
2026-06-17T12:03:04 app_exe_path /tmp/tmpwqxu4h56/tks-to-kintone.exe
2026-06-17T12:03:04 waiting parent process
2026-06-17T12:03:04 parent process exited
2026-06-17T12:03:04 installer exists false
2026-06-17T12:03:04 インストーラが見つかりません: /tmp/tmpwqxu4h56/missing-setup.exe
2026-06-17T12:04:33 helper started
2026-06-17T12:04:33 helper_executable_path /home/admin/codex-work/TksToKintone/app/update_helper.py
2026-06-17T12:04:33 current_working_directory /home/admin/codex-work/TksToKintone
2026-06-17T12:04:33 parent_pid 0
2026-06-17T12:04:33 installer_path /tmp/tmpwwnk5rd8/tks-to-kintone-setup.exe
2026-06-17T12:04:33 app_exe_path /tmp/tmpwwnk5rd8/tks-to-kintone.exe
2026-06-17T12:04:33 waiting parent process
2026-06-17T12:04:33 parent process exited
2026-06-17T12:04:33 installer exists true
2026-06-17T12:04:33 installer start
2026-06-17T12:04:33 installer args: (通常起動)
2026-06-17T12:04:33 installer exit code 1
2026-06-17T12:04:33 インストーラが異常終了したため再起動しません。
2026-06-17T12:04:33 helper started
2026-06-17T12:04:33 helper_executable_path /home/admin/codex-work/TksToKintone/app/update_helper.py
2026-06-17T12:04:33 current_working_directory /home/admin/codex-work/TksToKintone
2026-06-17T12:04:33 parent_pid 0
2026-06-17T12:04:33 installer_path /tmp/tmpf5xil_un/tks-to-kintone-setup.exe
2026-06-17T12:04:33 app_exe_path /tmp/tmpf5xil_un/tks-to-kintone.exe
2026-06-17T12:04:33 waiting parent process
2026-06-17T12:04:33 parent process exited
2026-06-17T12:04:33 installer exists true
2026-06-17T12:04:33 installer start
2026-06-17T12:04:33 installer args: (通常起動)
2026-06-17T12:04:33 installer exit code 0
2026-06-17T12:04:33 app restart: /tmp/tmpf5xil_un/tks-to-kintone.exe
2026-06-17T12:04:33 helper finished
2026-06-17T12:04:33 helper started
2026-06-17T12:04:33 helper_executable_path /home/admin/codex-work/TksToKintone/app/update_helper.py
2026-06-17T12:04:33 current_working_directory /home/admin/codex-work/TksToKintone
2026-06-17T12:04:33 parent_pid 0
2026-06-17T12:04:33 installer_path /tmp/tmpql_6od03/missing-setup.exe
2026-06-17T12:04:33 app_exe_path /tmp/tmpql_6od03/tks-to-kintone.exe
2026-06-17T12:04:33 waiting parent process
2026-06-17T12:04:33 parent process exited
2026-06-17T12:04:33 installer exists false
2026-06-17T12:04:33 インストーラが見つかりません: /tmp/tmpql_6od03/missing-setup.exe
2026-06-17T12:27:58 helper started
2026-06-17T12:27:58 helper_executable_path /home/admin/codex-work/TksToKintone/app/update_helper.py
2026-06-17T12:27:58 current_working_directory /home/admin/codex-work/TksToKintone
2026-06-17T12:27:58 parent_pid 0
2026-06-17T12:27:58 installer_path /tmp/tmpvg1d_zf4/tks-to-kintone-setup.exe
2026-06-17T12:27:58 app_exe_path /tmp/tmpvg1d_zf4/tks-to-kintone.exe
2026-06-17T12:27:58 waiting parent process
2026-06-17T12:27:58 parent process exited
2026-06-17T12:27:58 installer exists true
2026-06-17T12:27:58 installer start
2026-06-17T12:27:58 installer args: (通常起動)
2026-06-17T12:27:58 installer exit code 1
2026-06-17T12:27:58 インストーラが異常終了したため再起動しません。
2026-06-17T12:27:58 helper started
2026-06-17T12:27:58 helper_executable_path /home/admin/codex-work/TksToKintone/app/update_helper.py
2026-06-17T12:27:58 current_working_directory /home/admin/codex-work/TksToKintone
2026-06-17T12:27:58 parent_pid 0
2026-06-17T12:27:58 installer_path /tmp/tmpp7l13rpn/tks-to-kintone-setup.exe
2026-06-17T12:27:58 app_exe_path /tmp/tmpp7l13rpn/tks-to-kintone.exe
2026-06-17T12:27:58 waiting parent process
2026-06-17T12:27:58 parent process exited
2026-06-17T12:27:58 installer exists true
2026-06-17T12:27:58 installer start
2026-06-17T12:27:58 installer args: (通常起動)
2026-06-17T12:27:58 installer exit code 0
2026-06-17T12:27:58 app restart: /tmp/tmpp7l13rpn/tks-to-kintone.exe
2026-06-17T12:27:58 helper finished
2026-06-17T12:27:58 helper started
2026-06-17T12:27:58 helper_executable_path /home/admin/codex-work/TksToKintone/app/update_helper.py
2026-06-17T12:27:58 current_working_directory /home/admin/codex-work/TksToKintone
2026-06-17T12:27:58 parent_pid 0
2026-06-17T12:27:58 installer_path /tmp/tmp9i75f3nv/missing-setup.exe
2026-06-17T12:27:58 app_exe_path /tmp/tmp9i75f3nv/tks-to-kintone.exe
2026-06-17T12:27:58 waiting parent process
2026-06-17T12:27:58 parent process exited
2026-06-17T12:27:58 installer exists false
2026-06-17T12:27:58 インストーラが見つかりません: /tmp/tmp9i75f3nv/missing-setup.exe
2026-06-17T12:28:57 helper started
2026-06-17T12:28:57 helper_executable_path /home/admin/codex-work/TksToKintone/app/update_helper.py
2026-06-17T12:28:57 current_working_directory /home/admin/codex-work/TksToKintone
2026-06-17T12:28:57 parent_pid 0
2026-06-17T12:28:57 installer_path /tmp/tmpfgbc0lyi/tks-to-kintone-setup.exe
2026-06-17T12:28:57 app_exe_path /tmp/tmpfgbc0lyi/tks-to-kintone.exe
2026-06-17T12:28:57 waiting parent process
2026-06-17T12:28:57 parent process exited
2026-06-17T12:28:57 installer exists true
2026-06-17T12:28:57 installer start
2026-06-17T12:28:57 installer args: (通常起動)
2026-06-17T12:28:57 installer exit code 1
2026-06-17T12:28:57 インストーラが異常終了したため再起動しません。
2026-06-17T12:28:57 helper started
2026-06-17T12:28:57 helper_executable_path /home/admin/codex-work/TksToKintone/app/update_helper.py
2026-06-17T12:28:57 current_working_directory /home/admin/codex-work/TksToKintone
2026-06-17T12:28:57 parent_pid 0
2026-06-17T12:28:57 installer_path /tmp/tmp123css6v/tks-to-kintone-setup.exe
2026-06-17T12:28:57 app_exe_path /tmp/tmp123css6v/tks-to-kintone.exe
2026-06-17T12:28:57 waiting parent process
2026-06-17T12:28:57 parent process exited
2026-06-17T12:28:57 installer exists true
2026-06-17T12:28:57 installer start
2026-06-17T12:28:57 installer args: (通常起動)
2026-06-17T12:28:57 installer exit code 0
2026-06-17T12:28:57 app restart: /tmp/tmp123css6v/tks-to-kintone.exe
2026-06-17T12:28:57 helper finished
2026-06-17T12:28:57 helper started
2026-06-17T12:28:57 helper_executable_path /home/admin/codex-work/TksToKintone/app/update_helper.py
2026-06-17T12:28:57 current_working_directory /home/admin/codex-work/TksToKintone
2026-06-17T12:28:57 parent_pid 0
2026-06-17T12:28:57 installer_path /tmp/tmpgsms7vjk/missing-setup.exe
2026-06-17T12:28:57 app_exe_path /tmp/tmpgsms7vjk/tks-to-kintone.exe
2026-06-17T12:28:57 waiting parent process
2026-06-17T12:28:57 parent process exited
2026-06-17T12:28:57 installer exists false
2026-06-17T12:28:57 インストーラが見つかりません: /tmp/tmpgsms7vjk/missing-setup.exe
2026-06-17T13:50:05 helper started
2026-06-17T13:50:05 helper_executable_path /home/admin/codex-work/TksToKintone/app/update_helper.py
2026-06-17T13:50:05 current_working_directory /home/admin/codex-work/TksToKintone
2026-06-17T13:50:05 parent_pid 0
2026-06-17T13:50:05 installer_path /tmp/tmp1u8yntzv/tks-to-kintone-setup.exe
2026-06-17T13:50:05 app_exe_path /tmp/tmp1u8yntzv/tks-to-kintone.exe
2026-06-17T13:50:05 waiting parent process
2026-06-17T13:50:05 parent process exited
2026-06-17T13:50:05 installer exists true
2026-06-17T13:50:05 installer start
2026-06-17T13:50:05 installer args: (通常起動)
2026-06-17T13:50:05 installer exit code 1
2026-06-17T13:50:05 インストーラが異常終了したため再起動しません。
2026-06-17T13:50:05 helper started
2026-06-17T13:50:05 helper_executable_path /home/admin/codex-work/TksToKintone/app/update_helper.py
2026-06-17T13:50:05 current_working_directory /home/admin/codex-work/TksToKintone
2026-06-17T13:50:05 parent_pid 0
2026-06-17T13:50:05 installer_path /tmp/tmp6wdl829z/tks-to-kintone-setup.exe
2026-06-17T13:50:05 app_exe_path /tmp/tmp6wdl829z/tks-to-kintone.exe
2026-06-17T13:50:05 waiting parent process
2026-06-17T13:50:05 parent process exited
2026-06-17T13:50:05 installer exists true
2026-06-17T13:50:05 installer start
2026-06-17T13:50:05 installer args: (通常起動)
2026-06-17T13:50:05 installer exit code 0
2026-06-17T13:50:05 app restart: /tmp/tmp6wdl829z/tks-to-kintone.exe
2026-06-17T13:50:05 helper finished
2026-06-17T13:50:05 helper started
2026-06-17T13:50:05 helper_executable_path /home/admin/codex-work/TksToKintone/app/update_helper.py
2026-06-17T13:50:05 current_working_directory /home/admin/codex-work/TksToKintone
2026-06-17T13:50:05 parent_pid 0
2026-06-17T13:50:05 installer_path /tmp/tmp5z_e6apj/missing-setup.exe
2026-06-17T13:50:05 app_exe_path /tmp/tmp5z_e6apj/tks-to-kintone.exe
2026-06-17T13:50:05 waiting parent process
2026-06-17T13:50:05 parent process exited
2026-06-17T13:50:05 installer exists false
2026-06-17T13:50:05 インストーラが見つかりません: /tmp/tmp5z_e6apj/missing-setup.exe
2026-06-17T13:50:55 helper started
2026-06-17T13:50:55 helper_executable_path /home/admin/codex-work/TksToKintone/app/update_helper.py
2026-06-17T13:50:55 current_working_directory /home/admin/codex-work/TksToKintone
2026-06-17T13:50:55 parent_pid 0
2026-06-17T13:50:55 installer_path /tmp/tmpjbx6_0dj/tks-to-kintone-setup.exe
2026-06-17T13:50:55 app_exe_path /tmp/tmpjbx6_0dj/tks-to-kintone.exe
2026-06-17T13:50:55 waiting parent process
2026-06-17T13:50:55 parent process exited
2026-06-17T13:50:55 installer exists true
2026-06-17T13:50:55 installer start
2026-06-17T13:50:55 installer args: (通常起動)
2026-06-17T13:50:55 installer exit code 1
2026-06-17T13:50:55 インストーラが異常終了したため再起動しません。
2026-06-17T13:50:55 helper started
2026-06-17T13:50:55 helper_executable_path /home/admin/codex-work/TksToKintone/app/update_helper.py
2026-06-17T13:50:55 current_working_directory /home/admin/codex-work/TksToKintone
2026-06-17T13:50:55 parent_pid 0
2026-06-17T13:50:55 installer_path /tmp/tmpmtmh67ur/tks-to-kintone-setup.exe
2026-06-17T13:50:55 app_exe_path /tmp/tmpmtmh67ur/tks-to-kintone.exe
2026-06-17T13:50:55 waiting parent process
2026-06-17T13:50:55 parent process exited
2026-06-17T13:50:55 installer exists true
2026-06-17T13:50:55 installer start
2026-06-17T13:50:55 installer args: (通常起動)
2026-06-17T13:50:55 installer exit code 0
2026-06-17T13:50:55 app restart: /tmp/tmpmtmh67ur/tks-to-kintone.exe
2026-06-17T13:50:55 helper finished
2026-06-17T13:50:55 helper started
2026-06-17T13:50:55 helper_executable_path /home/admin/codex-work/TksToKintone/app/update_helper.py
2026-06-17T13:50:55 current_working_directory /home/admin/codex-work/TksToKintone
2026-06-17T13:50:55 parent_pid 0
2026-06-17T13:50:55 installer_path /tmp/tmp1nst32tt/missing-setup.exe
2026-06-17T13:50:55 app_exe_path /tmp/tmp1nst32tt/tks-to-kintone.exe
2026-06-17T13:50:55 waiting parent process
2026-06-17T13:50:55 parent process exited
2026-06-17T13:50:55 installer exists false
2026-06-17T13:50:55 インストーラが見つかりません: /tmp/tmp1nst32tt/missing-setup.exe
2026-06-17T14:21:24 helper started
2026-06-17T14:21:24 helper_executable_path /home/admin/codex-work/TksToKintone/app/update_helper.py
2026-06-17T14:21:24 current_working_directory /home/admin/codex-work/TksToKintone
2026-06-17T14:21:24 parent_pid 0
2026-06-17T14:21:24 installer_path /tmp/tmpywq0xthx/tks-to-kintone-setup.exe
2026-06-17T14:21:24 app_exe_path /tmp/tmpywq0xthx/tks-to-kintone.exe
2026-06-17T14:21:24 waiting parent process
2026-06-17T14:21:24 parent process exited
2026-06-17T14:21:24 installer exists true
2026-06-17T14:21:24 installer start
2026-06-17T14:21:24 installer args: (通常起動)
2026-06-17T14:21:24 installer exit code 1
2026-06-17T14:21:24 インストーラが異常終了したため再起動しません。
2026-06-17T14:21:24 helper started
2026-06-17T14:21:24 helper_executable_path /home/admin/codex-work/TksToKintone/app/update_helper.py
2026-06-17T14:21:24 current_working_directory /home/admin/codex-work/TksToKintone
2026-06-17T14:21:24 parent_pid 0
2026-06-17T14:21:24 installer_path /tmp/tmpr2ffeq4f/tks-to-kintone-setup.exe
2026-06-17T14:21:24 app_exe_path /tmp/tmpr2ffeq4f/tks-to-kintone.exe
2026-06-17T14:21:24 waiting parent process
2026-06-17T14:21:24 parent process exited
2026-06-17T14:21:24 installer exists true
2026-06-17T14:21:24 installer start
2026-06-17T14:21:24 installer args: (通常起動)
2026-06-17T14:21:24 installer exit code 0
2026-06-17T14:21:24 app restart: /tmp/tmpr2ffeq4f/tks-to-kintone.exe
2026-06-17T14:21:24 helper finished
2026-06-17T14:21:24 helper started
2026-06-17T14:21:24 helper_executable_path /home/admin/codex-work/TksToKintone/app/update_helper.py
2026-06-17T14:21:24 current_working_directory /home/admin/codex-work/TksToKintone
2026-06-17T14:21:24 parent_pid 0
2026-06-17T14:21:24 installer_path /tmp/tmpdukoan98/missing-setup.exe
2026-06-17T14:21:24 app_exe_path /tmp/tmpdukoan98/tks-to-kintone.exe
2026-06-17T14:21:24 waiting parent process
2026-06-17T14:21:24 parent process exited
2026-06-17T14:21:24 installer exists false
2026-06-17T14:21:24 インストーラが見つかりません: /tmp/tmpdukoan98/missing-setup.exe
2026-06-17T14:48:20 helper started
2026-06-17T14:48:20 helper_executable_path /home/admin/codex-work/TksToKintone/app/update_helper.py
2026-06-17T14:48:20 current_working_directory /home/admin/codex-work/TksToKintone
2026-06-17T14:48:20 parent_pid 0
2026-06-17T14:48:20 installer_path /tmp/tmprppfdp40/tks-to-kintone-setup.exe
2026-06-17T14:48:20 app_exe_path /tmp/tmprppfdp40/tks-to-kintone.exe
2026-06-17T14:48:20 waiting parent process
2026-06-17T14:48:20 parent process exited
2026-06-17T14:48:20 installer exists true
2026-06-17T14:48:20 installer start
2026-06-17T14:48:20 installer args: (通常起動)
2026-06-17T14:48:20 installer exit code 1
2026-06-17T14:48:20 インストーラが異常終了したため再起動しません。
2026-06-17T14:48:20 helper started
2026-06-17T14:48:20 helper_executable_path /home/admin/codex-work/TksToKintone/app/update_helper.py
2026-06-17T14:48:20 current_working_directory /home/admin/codex-work/TksToKintone
2026-06-17T14:48:20 parent_pid 0
2026-06-17T14:48:20 installer_path /tmp/tmpwyrk2y3m/tks-to-kintone-setup.exe
2026-06-17T14:48:20 app_exe_path /tmp/tmpwyrk2y3m/tks-to-kintone.exe
2026-06-17T14:48:20 waiting parent process
2026-06-17T14:48:20 parent process exited
2026-06-17T14:48:20 installer exists true
2026-06-17T14:48:20 installer start
2026-06-17T14:48:20 installer args: (通常起動)
2026-06-17T14:48:20 installer exit code 0
2026-06-17T14:48:20 app restart: /tmp/tmpwyrk2y3m/tks-to-kintone.exe
2026-06-17T14:48:20 helper finished
2026-06-17T14:48:20 helper started
2026-06-17T14:48:20 helper_executable_path /home/admin/codex-work/TksToKintone/app/update_helper.py
2026-06-17T14:48:20 current_working_directory /home/admin/codex-work/TksToKintone
2026-06-17T14:48:20 parent_pid 0
2026-06-17T14:48:20 installer_path /tmp/tmprqmimksw/missing-setup.exe
2026-06-17T14:48:20 app_exe_path /tmp/tmprqmimksw/tks-to-kintone.exe
2026-06-17T14:48:20 waiting parent process
2026-06-17T14:48:20 parent process exited
2026-06-17T14:48:20 installer exists false
2026-06-17T14:48:20 インストーラが見つかりません: /tmp/tmprqmimksw/missing-setup.exe
2026-06-17T15:00:00 helper started
2026-06-17T15:00:00 helper_executable_path /home/admin/codex-work/TksToKintone/app/update_helper.py
2026-06-17T15:00:00 current_working_directory /home/admin/codex-work/TksToKintone
2026-06-17T15:00:00 parent_pid 0
2026-06-17T15:00:00 installer_path /tmp/tmpuvpzf2w9/tks-to-kintone-setup.exe
2026-06-17T15:00:00 app_exe_path /tmp/tmpuvpzf2w9/tks-to-kintone.exe
2026-06-17T15:00:00 waiting parent process
2026-06-17T15:00:00 parent process exited
2026-06-17T15:00:00 installer exists true
2026-06-17T15:00:00 installer start
2026-06-17T15:00:00 installer args: (通常起動)
2026-06-17T15:00:00 installer exit code 1
2026-06-17T15:00:00 インストーラが異常終了したため再起動しません。
2026-06-17T15:00:00 helper started
2026-06-17T15:00:00 helper_executable_path /home/admin/codex-work/TksToKintone/app/update_helper.py
2026-06-17T15:00:00 current_working_directory /home/admin/codex-work/TksToKintone
2026-06-17T15:00:00 parent_pid 0
2026-06-17T15:00:00 installer_path /tmp/tmp4uef38k1/tks-to-kintone-setup.exe
2026-06-17T15:00:00 app_exe_path /tmp/tmp4uef38k1/tks-to-kintone.exe
2026-06-17T15:00:00 waiting parent process
2026-06-17T15:00:00 parent process exited
2026-06-17T15:00:00 installer exists true
2026-06-17T15:00:00 installer start
2026-06-17T15:00:00 installer args: (通常起動)
2026-06-17T15:00:00 installer exit code 0
2026-06-17T15:00:00 app restart: /tmp/tmp4uef38k1/tks-to-kintone.exe
2026-06-17T15:00:00 helper finished
2026-06-17T15:00:00 helper started
2026-06-17T15:00:00 helper_executable_path /home/admin/codex-work/TksToKintone/app/update_helper.py
2026-06-17T15:00:00 current_working_directory /home/admin/codex-work/TksToKintone
2026-06-17T15:00:00 parent_pid 0
2026-06-17T15:00:00 installer_path /tmp/tmptgkoduel/missing-setup.exe
2026-06-17T15:00:00 app_exe_path /tmp/tmptgkoduel/tks-to-kintone.exe
2026-06-17T15:00:00 waiting parent process
2026-06-17T15:00:00 parent process exited
2026-06-17T15:00:00 installer exists false
2026-06-17T15:00:00 インストーラが見つかりません: /tmp/tmptgkoduel/missing-setup.exe
2026-06-17T15:18:36 helper started
2026-06-17T15:18:36 helper_executable_path /home/admin/codex-work/TksToKintone/app/update_helper.py
2026-06-17T15:18:36 current_working_directory /home/admin/codex-work/TksToKintone
2026-06-17T15:18:36 parent_pid 0
2026-06-17T15:18:36 installer_path /tmp/tmptsrhe30s/tks-to-kintone-setup.exe
2026-06-17T15:18:36 app_exe_path /tmp/tmptsrhe30s/tks-to-kintone.exe
2026-06-17T15:18:36 waiting parent process
2026-06-17T15:18:36 parent process exited
2026-06-17T15:18:36 installer exists true
2026-06-17T15:18:36 installer start
2026-06-17T15:18:36 installer args: (通常起動)
2026-06-17T15:18:36 installer exit code 1
2026-06-17T15:18:36 インストーラが異常終了したため再起動しません。
2026-06-17T15:18:36 helper started
2026-06-17T15:18:36 helper_executable_path /home/admin/codex-work/TksToKintone/app/update_helper.py
2026-06-17T15:18:36 current_working_directory /home/admin/codex-work/TksToKintone
2026-06-17T15:18:36 parent_pid 0
2026-06-17T15:18:36 installer_path /tmp/tmpob_lk0mu/tks-to-kintone-setup.exe
2026-06-17T15:18:36 app_exe_path /tmp/tmpob_lk0mu/tks-to-kintone.exe
2026-06-17T15:18:36 waiting parent process
2026-06-17T15:18:36 parent process exited
2026-06-17T15:18:36 installer exists true
2026-06-17T15:18:36 installer start
2026-06-17T15:18:36 installer args: (通常起動)
2026-06-17T15:18:36 installer exit code 0
2026-06-17T15:18:36 app restart: /tmp/tmpob_lk0mu/tks-to-kintone.exe
2026-06-17T15:18:36 helper finished
2026-06-17T15:18:36 helper started
2026-06-17T15:18:36 helper_executable_path /home/admin/codex-work/TksToKintone/app/update_helper.py
2026-06-17T15:18:36 current_working_directory /home/admin/codex-work/TksToKintone
2026-06-17T15:18:36 parent_pid 0
2026-06-17T15:18:36 installer_path /tmp/tmp0dvdw3pl/missing-setup.exe
2026-06-17T15:18:36 app_exe_path /tmp/tmp0dvdw3pl/tks-to-kintone.exe
2026-06-17T15:18:36 waiting parent process
2026-06-17T15:18:36 parent process exited
2026-06-17T15:18:36 installer exists false
2026-06-17T15:18:36 インストーラが見つかりません: /tmp/tmp0dvdw3pl/missing-setup.exe
2026-06-17T15:36:12 helper started
2026-06-17T15:36:12 helper_executable_path /home/admin/codex-work/TksToKintone/app/update_helper.py
2026-06-17T15:36:12 current_working_directory /home/admin/codex-work/TksToKintone
2026-06-17T15:36:12 parent_pid 0
2026-06-17T15:36:12 installer_path /tmp/tmpcogrfp63/tks-to-kintone-setup.exe
2026-06-17T15:36:12 app_exe_path /tmp/tmpcogrfp63/tks-to-kintone.exe
2026-06-17T15:36:12 waiting parent process
2026-06-17T15:36:12 parent process exited
2026-06-17T15:36:12 installer exists true
2026-06-17T15:36:12 installer start
2026-06-17T15:36:12 installer args: (通常起動)
2026-06-17T15:36:12 installer exit code 1
2026-06-17T15:36:12 インストーラが異常終了したため再起動しません。
2026-06-17T15:36:12 helper started
2026-06-17T15:36:12 helper_executable_path /home/admin/codex-work/TksToKintone/app/update_helper.py
2026-06-17T15:36:12 current_working_directory /home/admin/codex-work/TksToKintone
2026-06-17T15:36:12 parent_pid 0
2026-06-17T15:36:12 installer_path /tmp/tmpkd9ed5hy/tks-to-kintone-setup.exe
2026-06-17T15:36:12 app_exe_path /tmp/tmpkd9ed5hy/tks-to-kintone.exe
2026-06-17T15:36:12 waiting parent process
2026-06-17T15:36:12 parent process exited
2026-06-17T15:36:12 installer exists true
2026-06-17T15:36:12 installer start
2026-06-17T15:36:12 installer args: (通常起動)
2026-06-17T15:36:12 installer exit code 0
2026-06-17T15:36:12 app restart: /tmp/tmpkd9ed5hy/tks-to-kintone.exe
2026-06-17T15:36:12 helper finished
2026-06-17T15:36:12 helper started
2026-06-17T15:36:12 helper_executable_path /home/admin/codex-work/TksToKintone/app/update_helper.py
2026-06-17T15:36:12 current_working_directory /home/admin/codex-work/TksToKintone
2026-06-17T15:36:12 parent_pid 0
2026-06-17T15:36:12 installer_path /tmp/tmpz430tcai/missing-setup.exe
2026-06-17T15:36:12 app_exe_path /tmp/tmpz430tcai/tks-to-kintone.exe
2026-06-17T15:36:12 waiting parent process
2026-06-17T15:36:12 parent process exited
2026-06-17T15:36:12 installer exists false
2026-06-17T15:36:12 インストーラが見つかりません: /tmp/tmpz430tcai/missing-setup.exe
2026-06-17T16:08:50 helper started
2026-06-17T16:08:50 helper_executable_path /home/admin/codex-work/TksToKintone/app/update_helper.py
2026-06-17T16:08:50 current_working_directory /home/admin/codex-work/TksToKintone
2026-06-17T16:08:50 parent_pid 0
2026-06-17T16:08:50 installer_path /tmp/tmpqv50wdwm/tks-to-kintone-setup.exe
2026-06-17T16:08:50 app_exe_path /tmp/tmpqv50wdwm/tks-to-kintone.exe
2026-06-17T16:08:50 waiting parent process
2026-06-17T16:08:50 parent process exited
2026-06-17T16:08:50 installer exists true
2026-06-17T16:08:50 installer start
2026-06-17T16:08:50 installer args: (通常起動)
2026-06-17T16:08:50 installer exit code 1
2026-06-17T16:08:50 インストーラが異常終了したため再起動しません。
2026-06-17T16:08:50 helper started
2026-06-17T16:08:50 helper_executable_path /home/admin/codex-work/TksToKintone/app/update_helper.py
2026-06-17T16:08:50 current_working_directory /home/admin/codex-work/TksToKintone
2026-06-17T16:08:50 parent_pid 0
2026-06-17T16:08:50 installer_path /tmp/tmp6ly48yqw/tks-to-kintone-setup.exe
2026-06-17T16:08:50 app_exe_path /tmp/tmp6ly48yqw/tks-to-kintone.exe
2026-06-17T16:08:50 waiting parent process
2026-06-17T16:08:50 parent process exited
2026-06-17T16:08:50 installer exists true
2026-06-17T16:08:50 installer start
2026-06-17T16:08:50 installer args: (通常起動)
2026-06-17T16:08:50 installer exit code 0
2026-06-17T16:08:50 app restart: /tmp/tmp6ly48yqw/tks-to-kintone.exe
2026-06-17T16:08:50 helper finished
2026-06-17T16:08:50 helper started
2026-06-17T16:08:50 helper_executable_path /home/admin/codex-work/TksToKintone/app/update_helper.py
2026-06-17T16:08:50 current_working_directory /home/admin/codex-work/TksToKintone
2026-06-17T16:08:50 parent_pid 0
2026-06-17T16:08:50 installer_path /tmp/tmpkkezj5pq/missing-setup.exe
2026-06-17T16:08:50 app_exe_path /tmp/tmpkkezj5pq/tks-to-kintone.exe
2026-06-17T16:08:50 waiting parent process
2026-06-17T16:08:50 parent process exited
2026-06-17T16:08:50 installer exists false
2026-06-17T16:08:50 インストーラが見つかりません: /tmp/tmpkkezj5pq/missing-setup.exe
2026-06-18T08:39:25 helper started
2026-06-18T08:39:25 helper_executable_path /home/admin/codex-work/TksToKintone/app/update_helper.py
2026-06-18T08:39:25 current_working_directory /home/admin/codex-work/TksToKintone
2026-06-18T08:39:25 parent_pid 0
2026-06-18T08:39:25 installer_path /tmp/tmpswvufiaz/tks-to-kintone-setup.exe
2026-06-18T08:39:25 app_exe_path /tmp/tmpswvufiaz/tks-to-kintone.exe
2026-06-18T08:39:25 waiting parent process
2026-06-18T08:39:25 parent process exited
2026-06-18T08:39:25 installer exists true
2026-06-18T08:39:25 installer start
2026-06-18T08:39:25 installer args: (通常起動)
2026-06-18T08:39:25 installer exit code 1
2026-06-18T08:39:25 インストーラが異常終了したため再起動しません。
2026-06-18T08:39:25 helper started
2026-06-18T08:39:25 helper_executable_path /home/admin/codex-work/TksToKintone/app/update_helper.py
2026-06-18T08:39:25 current_working_directory /home/admin/codex-work/TksToKintone
2026-06-18T08:39:25 parent_pid 0
2026-06-18T08:39:25 installer_path /tmp/tmpys3u2znn/tks-to-kintone-setup.exe
2026-06-18T08:39:25 app_exe_path /tmp/tmpys3u2znn/tks-to-kintone.exe
2026-06-18T08:39:25 waiting parent process
2026-06-18T08:39:25 parent process exited
2026-06-18T08:39:25 installer exists true
2026-06-18T08:39:25 installer start
2026-06-18T08:39:25 installer args: (通常起動)
2026-06-18T08:39:25 installer exit code 0
2026-06-18T08:39:25 app restart: /tmp/tmpys3u2znn/tks-to-kintone.exe
2026-06-18T08:39:25 helper finished
2026-06-18T08:39:25 helper started
2026-06-18T08:39:25 helper_executable_path /home/admin/codex-work/TksToKintone/app/update_helper.py
2026-06-18T08:39:25 current_working_directory /home/admin/codex-work/TksToKintone
2026-06-18T08:39:25 parent_pid 0
2026-06-18T08:39:25 installer_path /tmp/tmpnu1n62xl/missing-setup.exe
2026-06-18T08:39:25 app_exe_path /tmp/tmpnu1n62xl/tks-to-kintone.exe
2026-06-18T08:39:25 waiting parent process
2026-06-18T08:39:25 parent process exited
2026-06-18T08:39:25 installer exists false
2026-06-18T08:39:25 インストーラが見つかりません: /tmp/tmpnu1n62xl/missing-setup.exe
2026-06-18T09:02:35 helper started
2026-06-18T09:02:35 helper_executable_path /home/admin/codex-work/TksToKintone/app/update_helper.py
2026-06-18T09:02:35 current_working_directory /home/admin/codex-work/TksToKintone
2026-06-18T09:02:35 parent_pid 0
2026-06-18T09:02:35 installer_path /tmp/tmp03jy0ggu/tks-to-kintone-setup.exe
2026-06-18T09:02:35 app_exe_path /tmp/tmp03jy0ggu/tks-to-kintone.exe
2026-06-18T09:02:35 waiting parent process
2026-06-18T09:02:35 parent process exited
2026-06-18T09:02:35 installer exists true
2026-06-18T09:02:35 installer start
2026-06-18T09:02:35 installer args: (通常起動)
2026-06-18T09:02:35 installer exit code 1
2026-06-18T09:02:35 インストーラが異常終了したため再起動しません。
2026-06-18T09:02:35 helper started
2026-06-18T09:02:35 helper_executable_path /home/admin/codex-work/TksToKintone/app/update_helper.py
2026-06-18T09:02:35 current_working_directory /home/admin/codex-work/TksToKintone
2026-06-18T09:02:35 parent_pid 0
2026-06-18T09:02:35 installer_path /tmp/tmpi4tz_543/tks-to-kintone-setup.exe
2026-06-18T09:02:35 app_exe_path /tmp/tmpi4tz_543/tks-to-kintone.exe
2026-06-18T09:02:35 waiting parent process
2026-06-18T09:02:35 parent process exited
2026-06-18T09:02:35 installer exists true
2026-06-18T09:02:35 installer start
2026-06-18T09:02:35 installer args: (通常起動)
2026-06-18T09:02:35 installer exit code 0
2026-06-18T09:02:35 app restart: /tmp/tmpi4tz_543/tks-to-kintone.exe
2026-06-18T09:02:35 helper finished
2026-06-18T09:02:35 helper started
2026-06-18T09:02:35 helper_executable_path /home/admin/codex-work/TksToKintone/app/update_helper.py
2026-06-18T09:02:35 current_working_directory /home/admin/codex-work/TksToKintone
2026-06-18T09:02:35 parent_pid 0
2026-06-18T09:02:35 installer_path /tmp/tmp03ssflqz/missing-setup.exe
2026-06-18T09:02:35 app_exe_path /tmp/tmp03ssflqz/tks-to-kintone.exe
2026-06-18T09:02:35 waiting parent process
2026-06-18T09:02:35 parent process exited
2026-06-18T09:02:35 installer exists false
2026-06-18T09:02:35 インストーラが見つかりません: /tmp/tmp03ssflqz/missing-setup.exe
2026-06-18T09:03:57 helper started
2026-06-18T09:03:57 helper_executable_path /home/admin/codex-work/TksToKintone/app/update_helper.py
2026-06-18T09:03:57 current_working_directory /home/admin/codex-work/TksToKintone
2026-06-18T09:03:57 parent_pid 0
2026-06-18T09:03:57 installer_path /tmp/tmpphaqdfs2/tks-to-kintone-setup.exe
2026-06-18T09:03:57 app_exe_path /tmp/tmpphaqdfs2/tks-to-kintone.exe
2026-06-18T09:03:57 waiting parent process
2026-06-18T09:03:57 parent process exited
2026-06-18T09:03:57 installer exists true
2026-06-18T09:03:57 installer start
2026-06-18T09:03:57 installer args: (通常起動)
2026-06-18T09:03:57 installer exit code 1
2026-06-18T09:03:57 インストーラが異常終了したため再起動しません。
2026-06-18T09:03:57 helper started
2026-06-18T09:03:57 helper_executable_path /home/admin/codex-work/TksToKintone/app/update_helper.py
2026-06-18T09:03:57 current_working_directory /home/admin/codex-work/TksToKintone
2026-06-18T09:03:57 parent_pid 0
2026-06-18T09:03:57 installer_path /tmp/tmph3oss72s/tks-to-kintone-setup.exe
2026-06-18T09:03:57 app_exe_path /tmp/tmph3oss72s/tks-to-kintone.exe
2026-06-18T09:03:57 waiting parent process
2026-06-18T09:03:57 parent process exited
2026-06-18T09:03:57 installer exists true
2026-06-18T09:03:57 installer start
2026-06-18T09:03:57 installer args: (通常起動)
2026-06-18T09:03:57 installer exit code 0
2026-06-18T09:03:57 app restart: /tmp/tmph3oss72s/tks-to-kintone.exe
2026-06-18T09:03:57 helper finished
2026-06-18T09:03:57 helper started
2026-06-18T09:03:57 helper_executable_path /home/admin/codex-work/TksToKintone/app/update_helper.py
2026-06-18T09:03:57 current_working_directory /home/admin/codex-work/TksToKintone
2026-06-18T09:03:57 parent_pid 0
2026-06-18T09:03:57 installer_path /tmp/tmpqx218x27/missing-setup.exe
2026-06-18T09:03:57 app_exe_path /tmp/tmpqx218x27/tks-to-kintone.exe
2026-06-18T09:03:57 waiting parent process
2026-06-18T09:03:57 parent process exited
2026-06-18T09:03:57 installer exists false
2026-06-18T09:03:57 インストーラが見つかりません: /tmp/tmpqx218x27/missing-setup.exe
2026-06-18T09:24:18 helper started
2026-06-18T09:24:18 helper_executable_path /home/admin/codex-work/TksToKintone/app/update_helper.py
2026-06-18T09:24:18 current_working_directory /home/admin/codex-work/TksToKintone
2026-06-18T09:24:18 parent_pid 0
2026-06-18T09:24:18 installer_path /tmp/tmpdy_gg6mx/tks-to-kintone-setup.exe
2026-06-18T09:24:18 app_exe_path /tmp/tmpdy_gg6mx/tks-to-kintone.exe
2026-06-18T09:24:18 waiting parent process
2026-06-18T09:24:18 parent process exited
2026-06-18T09:24:18 installer exists true
2026-06-18T09:24:18 installer start
2026-06-18T09:24:18 installer args: (通常起動)
2026-06-18T09:24:18 installer exit code 1
2026-06-18T09:24:18 インストーラが異常終了したため再起動しません。
2026-06-18T09:24:18 helper started
2026-06-18T09:24:18 helper_executable_path /home/admin/codex-work/TksToKintone/app/update_helper.py
2026-06-18T09:24:18 current_working_directory /home/admin/codex-work/TksToKintone
2026-06-18T09:24:18 parent_pid 0
2026-06-18T09:24:18 installer_path /tmp/tmp86q4epeh/tks-to-kintone-setup.exe
2026-06-18T09:24:18 app_exe_path /tmp/tmp86q4epeh/tks-to-kintone.exe
2026-06-18T09:24:18 waiting parent process
2026-06-18T09:24:18 parent process exited
2026-06-18T09:24:18 installer exists true
2026-06-18T09:24:18 installer start
2026-06-18T09:24:18 installer args: (通常起動)
2026-06-18T09:24:18 installer exit code 0
2026-06-18T09:24:18 app restart: /tmp/tmp86q4epeh/tks-to-kintone.exe
2026-06-18T09:24:18 helper finished
2026-06-18T09:24:18 helper started
2026-06-18T09:24:18 helper_executable_path /home/admin/codex-work/TksToKintone/app/update_helper.py
2026-06-18T09:24:18 current_working_directory /home/admin/codex-work/TksToKintone
2026-06-18T09:24:18 parent_pid 0
2026-06-18T09:24:18 installer_path /tmp/tmpswuj4c32/missing-setup.exe
2026-06-18T09:24:18 app_exe_path /tmp/tmpswuj4c32/tks-to-kintone.exe
2026-06-18T09:24:18 waiting parent process
2026-06-18T09:24:18 parent process exited
2026-06-18T09:24:18 installer exists false
2026-06-18T09:24:18 インストーラが見つかりません: /tmp/tmpswuj4c32/missing-setup.exe
2026-06-18T09:36:06 helper started
2026-06-18T09:36:06 helper_executable_path /home/admin/codex-work/TksToKintone/app/update_helper.py
2026-06-18T09:36:06 current_working_directory /home/admin/codex-work/TksToKintone
2026-06-18T09:36:06 parent_pid 0
2026-06-18T09:36:06 installer_path /tmp/tmpp2yz_1w_/tks-to-kintone-setup.exe
2026-06-18T09:36:06 app_exe_path /tmp/tmpp2yz_1w_/tks-to-kintone.exe
2026-06-18T09:36:06 waiting parent process
2026-06-18T09:36:06 parent process exited
2026-06-18T09:36:06 installer exists true
2026-06-18T09:36:06 installer start
2026-06-18T09:36:06 installer args: (通常起動)
2026-06-18T09:36:06 installer exit code 1
2026-06-18T09:36:06 インストーラが異常終了したため再起動しません。
2026-06-18T09:36:06 helper started
2026-06-18T09:36:06 helper_executable_path /home/admin/codex-work/TksToKintone/app/update_helper.py
2026-06-18T09:36:06 current_working_directory /home/admin/codex-work/TksToKintone
2026-06-18T09:36:06 parent_pid 0
2026-06-18T09:36:06 installer_path /tmp/tmp5tn6n2zh/tks-to-kintone-setup.exe
2026-06-18T09:36:06 app_exe_path /tmp/tmp5tn6n2zh/tks-to-kintone.exe
2026-06-18T09:36:06 waiting parent process
2026-06-18T09:36:06 parent process exited
2026-06-18T09:36:06 installer exists true
2026-06-18T09:36:06 installer start
2026-06-18T09:36:06 installer args: (通常起動)
2026-06-18T09:36:06 installer exit code 0
2026-06-18T09:36:06 app restart: /tmp/tmp5tn6n2zh/tks-to-kintone.exe
2026-06-18T09:36:06 helper finished
2026-06-18T09:36:06 helper started
2026-06-18T09:36:06 helper_executable_path /home/admin/codex-work/TksToKintone/app/update_helper.py
2026-06-18T09:36:06 current_working_directory /home/admin/codex-work/TksToKintone
2026-06-18T09:36:06 parent_pid 0
2026-06-18T09:36:06 installer_path /tmp/tmpgjbfl884/missing-setup.exe
2026-06-18T09:36:06 app_exe_path /tmp/tmpgjbfl884/tks-to-kintone.exe
2026-06-18T09:36:06 waiting parent process
2026-06-18T09:36:06 parent process exited
2026-06-18T09:36:06 installer exists false
2026-06-18T09:36:06 インストーラが見つかりません: /tmp/tmpgjbfl884/missing-setup.exe
2026-06-18T09:52:23 helper started
2026-06-18T09:52:23 helper_executable_path /home/admin/codex-work/TksToKintone/app/update_helper.py
2026-06-18T09:52:23 current_working_directory /home/admin/codex-work/TksToKintone
2026-06-18T09:52:23 parent_pid 0
2026-06-18T09:52:23 installer_path /tmp/tmpmum1bxd9/tks-to-kintone-setup.exe
2026-06-18T09:52:23 app_exe_path /tmp/tmpmum1bxd9/tks-to-kintone.exe
2026-06-18T09:52:23 waiting parent process
2026-06-18T09:52:23 parent process exited
2026-06-18T09:52:23 installer exists true
2026-06-18T09:52:23 installer start
2026-06-18T09:52:23 installer args: (通常起動)
2026-06-18T09:52:23 installer exit code 1
2026-06-18T09:52:23 インストーラが異常終了したため再起動しません。
2026-06-18T09:52:23 helper started
2026-06-18T09:52:23 helper_executable_path /home/admin/codex-work/TksToKintone/app/update_helper.py
2026-06-18T09:52:23 current_working_directory /home/admin/codex-work/TksToKintone
2026-06-18T09:52:23 parent_pid 0
2026-06-18T09:52:23 installer_path /tmp/tmpk5ygy3ts/tks-to-kintone-setup.exe
2026-06-18T09:52:23 app_exe_path /tmp/tmpk5ygy3ts/tks-to-kintone.exe
2026-06-18T09:52:23 waiting parent process
2026-06-18T09:52:23 parent process exited
2026-06-18T09:52:23 installer exists true
2026-06-18T09:52:23 installer start
2026-06-18T09:52:23 installer args: (通常起動)
2026-06-18T09:52:23 installer exit code 0
2026-06-18T09:52:23 app restart: /tmp/tmpk5ygy3ts/tks-to-kintone.exe
2026-06-18T09:52:23 helper finished
2026-06-18T09:52:23 helper started
2026-06-18T09:52:23 helper_executable_path /home/admin/codex-work/TksToKintone/app/update_helper.py
2026-06-18T09:52:23 current_working_directory /home/admin/codex-work/TksToKintone
2026-06-18T09:52:23 parent_pid 0
2026-06-18T09:52:23 installer_path /tmp/tmpur8np3f6/missing-setup.exe
2026-06-18T09:52:23 app_exe_path /tmp/tmpur8np3f6/tks-to-kintone.exe
2026-06-18T09:52:23 waiting parent process
2026-06-18T09:52:23 parent process exited
2026-06-18T09:52:23 installer exists false
2026-06-18T09:52:23 インストーラが見つかりません: /tmp/tmpur8np3f6/missing-setup.exe
2026-06-18T10:07:27 helper started
2026-06-18T10:07:27 helper_executable_path /home/admin/codex-work/TksToKintone/app/update_helper.py
2026-06-18T10:07:27 current_working_directory /home/admin/codex-work/TksToKintone
2026-06-18T10:07:27 parent_pid 0
2026-06-18T10:07:27 installer_path /tmp/tmpyilg9bot/tks-to-kintone-setup.exe
2026-06-18T10:07:27 app_exe_path /tmp/tmpyilg9bot/tks-to-kintone.exe
2026-06-18T10:07:27 waiting parent process
2026-06-18T10:07:27 parent process exited
2026-06-18T10:07:27 installer exists true
2026-06-18T10:07:27 installer start
2026-06-18T10:07:27 installer args: (通常起動)
2026-06-18T10:07:27 installer exit code 1
2026-06-18T10:07:27 インストーラが異常終了したため再起動しません。
2026-06-18T10:07:27 helper started
2026-06-18T10:07:27 helper_executable_path /home/admin/codex-work/TksToKintone/app/update_helper.py
2026-06-18T10:07:27 current_working_directory /home/admin/codex-work/TksToKintone
2026-06-18T10:07:27 parent_pid 0
2026-06-18T10:07:27 installer_path /tmp/tmpa1z99au1/tks-to-kintone-setup.exe
2026-06-18T10:07:27 app_exe_path /tmp/tmpa1z99au1/tks-to-kintone.exe
2026-06-18T10:07:27 waiting parent process
2026-06-18T10:07:27 parent process exited
2026-06-18T10:07:27 installer exists true
2026-06-18T10:07:27 installer start
2026-06-18T10:07:27 installer args: (通常起動)
2026-06-18T10:07:27 installer exit code 0
2026-06-18T10:07:27 app restart: /tmp/tmpa1z99au1/tks-to-kintone.exe
2026-06-18T10:07:27 helper finished
2026-06-18T10:07:27 helper started
2026-06-18T10:07:27 helper_executable_path /home/admin/codex-work/TksToKintone/app/update_helper.py
2026-06-18T10:07:27 current_working_directory /home/admin/codex-work/TksToKintone
2026-06-18T10:07:27 parent_pid 0
2026-06-18T10:07:27 installer_path /tmp/tmp3g9lel81/missing-setup.exe
2026-06-18T10:07:27 app_exe_path /tmp/tmp3g9lel81/tks-to-kintone.exe
2026-06-18T10:07:27 waiting parent process
2026-06-18T10:07:27 parent process exited
2026-06-18T10:07:27 installer exists false
2026-06-18T10:07:27 インストーラが見つかりません: /tmp/tmp3g9lel81/missing-setup.exe
2026-06-18T10:38:18 helper started
2026-06-18T10:38:18 helper_executable_path /home/admin/codex-work/TksToKintone/app/update_helper.py
2026-06-18T10:38:18 current_working_directory /home/admin/codex-work/TksToKintone
2026-06-18T10:38:18 parent_pid 0
2026-06-18T10:38:18 installer_path /tmp/tmpel1uig0v/tks-to-kintone-setup.exe
2026-06-18T10:38:18 app_exe_path /tmp/tmpel1uig0v/tks-to-kintone.exe
2026-06-18T10:38:18 waiting parent process
2026-06-18T10:38:18 parent process exited
2026-06-18T10:38:18 installer exists true
2026-06-18T10:38:18 installer start
2026-06-18T10:38:18 installer args: (通常起動)
2026-06-18T10:38:18 installer exit code 1
2026-06-18T10:38:18 インストーラが異常終了したため再起動しません。
2026-06-18T10:38:18 helper started
2026-06-18T10:38:18 helper_executable_path /home/admin/codex-work/TksToKintone/app/update_helper.py
2026-06-18T10:38:18 current_working_directory /home/admin/codex-work/TksToKintone
2026-06-18T10:38:18 parent_pid 0
2026-06-18T10:38:18 installer_path /tmp/tmpz4924xa4/tks-to-kintone-setup.exe
2026-06-18T10:38:18 app_exe_path /tmp/tmpz4924xa4/tks-to-kintone.exe
2026-06-18T10:38:18 waiting parent process
2026-06-18T10:38:18 parent process exited
2026-06-18T10:38:18 installer exists true
2026-06-18T10:38:18 installer start
2026-06-18T10:38:18 installer args: (通常起動)
2026-06-18T10:38:18 installer exit code 0
2026-06-18T10:38:18 app restart: /tmp/tmpz4924xa4/tks-to-kintone.exe
2026-06-18T10:38:18 helper finished
2026-06-18T10:38:18 helper started
2026-06-18T10:38:18 helper_executable_path /home/admin/codex-work/TksToKintone/app/update_helper.py
2026-06-18T10:38:18 current_working_directory /home/admin/codex-work/TksToKintone
2026-06-18T10:38:18 parent_pid 0
2026-06-18T10:38:18 installer_path /tmp/tmpal5rdcnb/missing-setup.exe
2026-06-18T10:38:18 app_exe_path /tmp/tmpal5rdcnb/tks-to-kintone.exe
2026-06-18T10:38:18 waiting parent process
2026-06-18T10:38:18 parent process exited
2026-06-18T10:38:18 installer exists false
2026-06-18T10:38:18 インストーラが見つかりません: /tmp/tmpal5rdcnb/missing-setup.exe
2026-06-18T10:51:44 helper started
2026-06-18T10:51:44 helper_executable_path /home/admin/codex-work/TksToKintone/app/update_helper.py
2026-06-18T10:51:44 current_working_directory /home/admin/codex-work/TksToKintone
2026-06-18T10:51:44 parent_pid 0
2026-06-18T10:51:44 installer_path /tmp/tmputklze99/tks-to-kintone-setup.exe
2026-06-18T10:51:44 app_exe_path /tmp/tmputklze99/tks-to-kintone.exe
2026-06-18T10:51:44 waiting parent process
2026-06-18T10:51:44 parent process exited
2026-06-18T10:51:44 installer exists true
2026-06-18T10:51:44 installer start
2026-06-18T10:51:44 installer args: (通常起動)
2026-06-18T10:51:44 installer exit code 1
2026-06-18T10:51:44 インストーラが異常終了したため再起動しません。
2026-06-18T10:51:44 helper started
2026-06-18T10:51:44 helper_executable_path /home/admin/codex-work/TksToKintone/app/update_helper.py
2026-06-18T10:51:44 current_working_directory /home/admin/codex-work/TksToKintone
2026-06-18T10:51:44 parent_pid 0
2026-06-18T10:51:44 installer_path /tmp/tmp2e7spv4c/tks-to-kintone-setup.exe
2026-06-18T10:51:44 app_exe_path /tmp/tmp2e7spv4c/tks-to-kintone.exe
2026-06-18T10:51:44 waiting parent process
2026-06-18T10:51:44 parent process exited
2026-06-18T10:51:44 installer exists true
2026-06-18T10:51:44 installer start
2026-06-18T10:51:44 installer args: (通常起動)
2026-06-18T10:51:44 installer exit code 0
2026-06-18T10:51:44 app restart: /tmp/tmp2e7spv4c/tks-to-kintone.exe
2026-06-18T10:51:44 helper finished
2026-06-18T10:51:44 helper started
2026-06-18T10:51:44 helper_executable_path /home/admin/codex-work/TksToKintone/app/update_helper.py
2026-06-18T10:51:44 current_working_directory /home/admin/codex-work/TksToKintone
2026-06-18T10:51:44 parent_pid 0
2026-06-18T10:51:44 installer_path /tmp/tmpuhyces02/missing-setup.exe
2026-06-18T10:51:44 app_exe_path /tmp/tmpuhyces02/tks-to-kintone.exe
2026-06-18T10:51:44 waiting parent process
2026-06-18T10:51:44 parent process exited
2026-06-18T10:51:44 installer exists false
2026-06-18T10:51:44 インストーラが見つかりません: /tmp/tmpuhyces02/missing-setup.exe
2026-06-18T13:42:22 helper started
2026-06-18T13:42:22 helper_executable_path /home/admin/codex-work/TksToKintone/app/update_helper.py
2026-06-18T13:42:22 current_working_directory /home/admin/codex-work/TksToKintone
2026-06-18T13:42:22 parent_pid 0
2026-06-18T13:42:22 installer_path /tmp/tmp4yd78h14/tks-to-kintone-setup.exe
2026-06-18T13:42:22 app_exe_path /tmp/tmp4yd78h14/tks-to-kintone.exe
2026-06-18T13:42:22 waiting parent process
2026-06-18T13:42:22 parent process exited
2026-06-18T13:42:22 installer exists true
2026-06-18T13:42:22 installer start
2026-06-18T13:42:22 installer args: (通常起動)
2026-06-18T13:42:22 installer exit code 1
2026-06-18T13:42:22 インストーラが異常終了したため再起動しません。
2026-06-18T13:42:22 helper started
2026-06-18T13:42:22 helper_executable_path /home/admin/codex-work/TksToKintone/app/update_helper.py
2026-06-18T13:42:22 current_working_directory /home/admin/codex-work/TksToKintone
2026-06-18T13:42:22 parent_pid 0
2026-06-18T13:42:22 installer_path /tmp/tmp3es2rms9/tks-to-kintone-setup.exe
2026-06-18T13:42:22 app_exe_path /tmp/tmp3es2rms9/tks-to-kintone.exe
2026-06-18T13:42:22 waiting parent process
2026-06-18T13:42:22 parent process exited
2026-06-18T13:42:22 installer exists true
2026-06-18T13:42:22 installer start
2026-06-18T13:42:22 installer args: (通常起動)
2026-06-18T13:42:22 installer exit code 0
2026-06-18T13:42:22 app restart: /tmp/tmp3es2rms9/tks-to-kintone.exe
2026-06-18T13:42:22 helper finished
2026-06-18T13:42:22 helper started
2026-06-18T13:42:22 helper_executable_path /home/admin/codex-work/TksToKintone/app/update_helper.py
2026-06-18T13:42:22 current_working_directory /home/admin/codex-work/TksToKintone
2026-06-18T13:42:22 parent_pid 0
2026-06-18T13:42:22 installer_path /tmp/tmp3yz99cu1/missing-setup.exe
2026-06-18T13:42:22 app_exe_path /tmp/tmp3yz99cu1/tks-to-kintone.exe
2026-06-18T13:42:22 waiting parent process
2026-06-18T13:42:22 parent process exited
2026-06-18T13:42:22 installer exists false
2026-06-18T13:42:22 インストーラが見つかりません: /tmp/tmp3yz99cu1/missing-setup.exe
2026-06-18T13:43:13 helper started
2026-06-18T13:43:13 helper_executable_path /home/admin/codex-work/TksToKintone/app/update_helper.py
2026-06-18T13:43:13 current_working_directory /home/admin/codex-work/TksToKintone
2026-06-18T13:43:13 parent_pid 0
2026-06-18T13:43:13 installer_path /tmp/tmpaqu82a9u/tks-to-kintone-setup.exe
2026-06-18T13:43:13 app_exe_path /tmp/tmpaqu82a9u/tks-to-kintone.exe
2026-06-18T13:43:13 waiting parent process
2026-06-18T13:43:13 parent process exited
2026-06-18T13:43:13 installer exists true
2026-06-18T13:43:13 installer start
2026-06-18T13:43:13 installer args: (通常起動)
2026-06-18T13:43:13 installer exit code 1
2026-06-18T13:43:13 インストーラが異常終了したため再起動しません。
2026-06-18T13:43:13 helper started
2026-06-18T13:43:13 helper_executable_path /home/admin/codex-work/TksToKintone/app/update_helper.py
2026-06-18T13:43:13 current_working_directory /home/admin/codex-work/TksToKintone
2026-06-18T13:43:13 parent_pid 0
2026-06-18T13:43:13 installer_path /tmp/tmpv999z0k4/tks-to-kintone-setup.exe
2026-06-18T13:43:13 app_exe_path /tmp/tmpv999z0k4/tks-to-kintone.exe
2026-06-18T13:43:13 waiting parent process
2026-06-18T13:43:13 parent process exited
2026-06-18T13:43:13 installer exists true
2026-06-18T13:43:13 installer start
2026-06-18T13:43:13 installer args: (通常起動)
2026-06-18T13:43:13 installer exit code 0
2026-06-18T13:43:13 app restart: /tmp/tmpv999z0k4/tks-to-kintone.exe
2026-06-18T13:43:13 helper finished
2026-06-18T13:43:13 helper started
2026-06-18T13:43:13 helper_executable_path /home/admin/codex-work/TksToKintone/app/update_helper.py
2026-06-18T13:43:13 current_working_directory /home/admin/codex-work/TksToKintone
2026-06-18T13:43:13 parent_pid 0
2026-06-18T13:43:13 installer_path /tmp/tmpaja68wa3/missing-setup.exe
2026-06-18T13:43:13 app_exe_path /tmp/tmpaja68wa3/tks-to-kintone.exe
2026-06-18T13:43:13 waiting parent process
2026-06-18T13:43:13 parent process exited
2026-06-18T13:43:13 installer exists false
2026-06-18T13:43:13 インストーラが見つかりません: /tmp/tmpaja68wa3/missing-setup.exe
2026-06-18T13:48:12 helper started
2026-06-18T13:48:12 helper_executable_path /home/admin/codex-work/TksToKintone/app/update_helper.py
2026-06-18T13:48:12 current_working_directory /home/admin/codex-work/TksToKintone
2026-06-18T13:48:12 parent_pid 0
2026-06-18T13:48:12 installer_path /tmp/tmp8cq2sw39/tks-to-kintone-setup.exe
2026-06-18T13:48:12 app_exe_path /tmp/tmp8cq2sw39/tks-to-kintone.exe
2026-06-18T13:48:12 waiting parent process
2026-06-18T13:48:12 parent process exited
2026-06-18T13:48:12 installer exists true
2026-06-18T13:48:12 installer start
2026-06-18T13:48:12 installer args: (通常起動)
2026-06-18T13:48:12 installer exit code 1
2026-06-18T13:48:12 インストーラが異常終了したため再起動しません。
2026-06-18T13:48:12 helper started
2026-06-18T13:48:12 helper_executable_path /home/admin/codex-work/TksToKintone/app/update_helper.py
2026-06-18T13:48:12 current_working_directory /home/admin/codex-work/TksToKintone
2026-06-18T13:48:12 parent_pid 0
2026-06-18T13:48:12 installer_path /tmp/tmp7hyvsmkd/tks-to-kintone-setup.exe
2026-06-18T13:48:12 app_exe_path /tmp/tmp7hyvsmkd/tks-to-kintone.exe
2026-06-18T13:48:12 waiting parent process
2026-06-18T13:48:12 parent process exited
2026-06-18T13:48:12 installer exists true
2026-06-18T13:48:12 installer start
2026-06-18T13:48:12 installer args: (通常起動)
2026-06-18T13:48:12 installer exit code 0
2026-06-18T13:48:12 app restart: /tmp/tmp7hyvsmkd/tks-to-kintone.exe
2026-06-18T13:48:12 helper finished
2026-06-18T13:48:12 helper started
2026-06-18T13:48:12 helper_executable_path /home/admin/codex-work/TksToKintone/app/update_helper.py
2026-06-18T13:48:12 current_working_directory /home/admin/codex-work/TksToKintone
2026-06-18T13:48:12 parent_pid 0
2026-06-18T13:48:12 installer_path /tmp/tmptkrrlwms/missing-setup.exe
2026-06-18T13:48:12 app_exe_path /tmp/tmptkrrlwms/tks-to-kintone.exe
2026-06-18T13:48:12 waiting parent process
2026-06-18T13:48:12 parent process exited
2026-06-18T13:48:12 installer exists false
2026-06-18T13:48:12 インストーラが見つかりません: /tmp/tmptkrrlwms/missing-setup.exe
2026-06-18T13:48:20 helper started
2026-06-18T13:48:20 helper_executable_path /home/admin/codex-work/TksToKintone/app/update_helper.py
2026-06-18T13:48:20 current_working_directory /home/admin/codex-work/TksToKintone
2026-06-18T13:48:20 parent_pid 0
2026-06-18T13:48:20 installer_path /tmp/tmp_4dhbr29/tks-to-kintone-setup.exe
2026-06-18T13:48:20 app_exe_path /tmp/tmp_4dhbr29/tks-to-kintone.exe
2026-06-18T13:48:20 waiting parent process
2026-06-18T13:48:20 parent process exited
2026-06-18T13:48:20 installer exists true
2026-06-18T13:48:20 installer start
2026-06-18T13:48:20 installer args: (通常起動)
2026-06-18T13:48:20 installer exit code 1
2026-06-18T13:48:20 インストーラが異常終了したため再起動しません。
2026-06-18T13:48:20 helper started
2026-06-18T13:48:20 helper_executable_path /home/admin/codex-work/TksToKintone/app/update_helper.py
2026-06-18T13:48:20 current_working_directory /home/admin/codex-work/TksToKintone
2026-06-18T13:48:20 parent_pid 0
2026-06-18T13:48:20 installer_path /tmp/tmpjf0o7k5u/tks-to-kintone-setup.exe
2026-06-18T13:48:20 app_exe_path /tmp/tmpjf0o7k5u/tks-to-kintone.exe
2026-06-18T13:48:20 waiting parent process
2026-06-18T13:48:20 parent process exited
2026-06-18T13:48:20 installer exists true
2026-06-18T13:48:20 installer start
2026-06-18T13:48:20 installer args: (通常起動)
2026-06-18T13:48:20 installer exit code 0
2026-06-18T13:48:20 app restart: /tmp/tmpjf0o7k5u/tks-to-kintone.exe
2026-06-18T13:48:20 helper finished
2026-06-18T13:48:20 helper started
2026-06-18T13:48:20 helper_executable_path /home/admin/codex-work/TksToKintone/app/update_helper.py
2026-06-18T13:48:20 current_working_directory /home/admin/codex-work/TksToKintone
2026-06-18T13:48:20 parent_pid 0
2026-06-18T13:48:20 installer_path /tmp/tmpajh68w19/missing-setup.exe
2026-06-18T13:48:20 app_exe_path /tmp/tmpajh68w19/tks-to-kintone.exe
2026-06-18T13:48:20 waiting parent process
2026-06-18T13:48:20 parent process exited
2026-06-18T13:48:20 installer exists false
2026-06-18T13:48:20 インストーラが見つかりません: /tmp/tmpajh68w19/missing-setup.exe
2026-06-19T10:58:23 helper started
2026-06-19T10:58:23 helper_executable_path /home/admin/codex-work/TksToKintone/app/update_helper.py
2026-06-19T10:58:23 current_working_directory /home/admin/codex-work/TksToKintone
2026-06-19T10:58:23 parent_pid 0
2026-06-19T10:58:23 installer_path /tmp/tmp6i35uqyl/tks-to-kintone-setup.exe
2026-06-19T10:58:23 app_exe_path /tmp/tmp6i35uqyl/tks-to-kintone.exe
2026-06-19T10:58:23 waiting parent process
2026-06-19T10:58:23 parent process exited
2026-06-19T10:58:23 installer exists true
2026-06-19T10:58:23 installer start
2026-06-19T10:58:23 installer args: (通常起動)
2026-06-19T10:58:23 installer exit code 1
2026-06-19T10:58:23 インストーラが異常終了したため再起動しません。
2026-06-19T10:58:23 helper started
2026-06-19T10:58:23 helper_executable_path /home/admin/codex-work/TksToKintone/app/update_helper.py
2026-06-19T10:58:23 current_working_directory /home/admin/codex-work/TksToKintone
2026-06-19T10:58:23 parent_pid 0
2026-06-19T10:58:23 installer_path /tmp/tmp2tgwhpe7/tks-to-kintone-setup.exe
2026-06-19T10:58:23 app_exe_path /tmp/tmp2tgwhpe7/tks-to-kintone.exe
2026-06-19T10:58:23 waiting parent process
2026-06-19T10:58:23 parent process exited
2026-06-19T10:58:23 installer exists true
2026-06-19T10:58:23 installer start
2026-06-19T10:58:23 installer args: (通常起動)
2026-06-19T10:58:23 installer exit code 0
2026-06-19T10:58:23 app restart: /tmp/tmp2tgwhpe7/tks-to-kintone.exe
2026-06-19T10:58:23 helper finished
2026-06-19T10:58:23 helper started
2026-06-19T10:58:23 helper_executable_path /home/admin/codex-work/TksToKintone/app/update_helper.py
2026-06-19T10:58:23 current_working_directory /home/admin/codex-work/TksToKintone
2026-06-19T10:58:23 parent_pid 0
2026-06-19T10:58:23 installer_path /tmp/tmpkj7sqy4b/missing-setup.exe
2026-06-19T10:58:23 app_exe_path /tmp/tmpkj7sqy4b/tks-to-kintone.exe
2026-06-19T10:58:23 waiting parent process
2026-06-19T10:58:23 parent process exited
2026-06-19T10:58:23 installer exists false
2026-06-19T10:58:23 インストーラが見つかりません: /tmp/tmpkj7sqy4b/missing-setup.exe
2026-06-19T11:01:03 helper started
2026-06-19T11:01:03 helper_executable_path /home/admin/codex-work/TksToKintone/app/update_helper.py
2026-06-19T11:01:03 current_working_directory /home/admin/codex-work/TksToKintone
2026-06-19T11:01:03 parent_pid 0
2026-06-19T11:01:03 installer_path /tmp/tmpvqi__ukd/tks-to-kintone-setup.exe
2026-06-19T11:01:03 app_exe_path /tmp/tmpvqi__ukd/tks-to-kintone.exe
2026-06-19T11:01:03 waiting parent process
2026-06-19T11:01:03 parent process exited
2026-06-19T11:01:03 installer exists true
2026-06-19T11:01:03 installer start
2026-06-19T11:01:03 installer args: (通常起動)
2026-06-19T11:01:03 installer exit code 1
2026-06-19T11:01:03 インストーラが異常終了したため再起動しません。
2026-06-19T11:01:03 helper started
2026-06-19T11:01:03 helper_executable_path /home/admin/codex-work/TksToKintone/app/update_helper.py
2026-06-19T11:01:03 current_working_directory /home/admin/codex-work/TksToKintone
2026-06-19T11:01:03 parent_pid 0
2026-06-19T11:01:03 installer_path /tmp/tmpn90odmep/tks-to-kintone-setup.exe
2026-06-19T11:01:03 app_exe_path /tmp/tmpn90odmep/tks-to-kintone.exe
2026-06-19T11:01:03 waiting parent process
2026-06-19T11:01:03 parent process exited
2026-06-19T11:01:03 installer exists true
2026-06-19T11:01:03 installer start
2026-06-19T11:01:03 installer args: (通常起動)
2026-06-19T11:01:03 installer exit code 0
2026-06-19T11:01:03 app restart: /tmp/tmpn90odmep/tks-to-kintone.exe
2026-06-19T11:01:03 helper finished
2026-06-19T11:01:03 helper started
2026-06-19T11:01:03 helper_executable_path /home/admin/codex-work/TksToKintone/app/update_helper.py
2026-06-19T11:01:03 current_working_directory /home/admin/codex-work/TksToKintone
2026-06-19T11:01:03 parent_pid 0
2026-06-19T11:01:03 installer_path /tmp/tmph8q69_l0/missing-setup.exe
2026-06-19T11:01:03 app_exe_path /tmp/tmph8q69_l0/tks-to-kintone.exe
2026-06-19T11:01:03 waiting parent process
2026-06-19T11:01:03 parent process exited
2026-06-19T11:01:03 installer exists false
2026-06-19T11:01:03 インストーラが見つかりません: /tmp/tmph8q69_l0/missing-setup.exe
2026-06-19T11:03:30 helper started
2026-06-19T11:03:30 helper_executable_path /home/admin/codex-work/TksToKintone/app/update_helper.py
2026-06-19T11:03:30 current_working_directory /home/admin/codex-work/TksToKintone
2026-06-19T11:03:30 parent_pid 0
2026-06-19T11:03:30 installer_path /tmp/tmpv0bq3rym/tks-to-kintone-setup.exe
2026-06-19T11:03:30 app_exe_path /tmp/tmpv0bq3rym/tks-to-kintone.exe
2026-06-19T11:03:30 waiting parent process
2026-06-19T11:03:30 parent process exited
2026-06-19T11:03:30 installer exists true
2026-06-19T11:03:30 installer start
2026-06-19T11:03:30 installer args: (通常起動)
2026-06-19T11:03:30 installer exit code 1
2026-06-19T11:03:30 インストーラが異常終了したため再起動しません。
2026-06-19T11:03:30 helper started
2026-06-19T11:03:30 helper_executable_path /home/admin/codex-work/TksToKintone/app/update_helper.py
2026-06-19T11:03:30 current_working_directory /home/admin/codex-work/TksToKintone
2026-06-19T11:03:30 parent_pid 0
2026-06-19T11:03:30 installer_path /tmp/tmptwsfpnjz/tks-to-kintone-setup.exe
2026-06-19T11:03:30 app_exe_path /tmp/tmptwsfpnjz/tks-to-kintone.exe
2026-06-19T11:03:30 waiting parent process
2026-06-19T11:03:30 parent process exited
2026-06-19T11:03:30 installer exists true
2026-06-19T11:03:30 installer start
2026-06-19T11:03:30 installer args: (通常起動)
2026-06-19T11:03:30 installer exit code 0
2026-06-19T11:03:30 app restart: /tmp/tmptwsfpnjz/tks-to-kintone.exe
2026-06-19T11:03:30 helper finished
2026-06-19T11:03:30 helper started
2026-06-19T11:03:30 helper_executable_path /home/admin/codex-work/TksToKintone/app/update_helper.py
2026-06-19T11:03:30 current_working_directory /home/admin/codex-work/TksToKintone
2026-06-19T11:03:30 parent_pid 0
2026-06-19T11:03:30 installer_path /tmp/tmpf96l8xd7/missing-setup.exe
2026-06-19T11:03:30 app_exe_path /tmp/tmpf96l8xd7/tks-to-kintone.exe
2026-06-19T11:03:30 waiting parent process
2026-06-19T11:03:30 parent process exited
2026-06-19T11:03:30 installer exists false
2026-06-19T11:03:30 インストーラが見つかりません: /tmp/tmpf96l8xd7/missing-setup.exe
2026-06-19T11:38:43 helper started
2026-06-19T11:38:43 helper_executable_path /home/admin/codex-work/TksToKintone/app/update_helper.py
2026-06-19T11:38:43 current_working_directory /home/admin/codex-work/TksToKintone
2026-06-19T11:38:43 parent_pid 0
2026-06-19T11:38:43 installer_path /tmp/tmpbdja8dnc/tks-to-kintone-setup.exe
2026-06-19T11:38:43 app_exe_path /tmp/tmpbdja8dnc/tks-to-kintone.exe
2026-06-19T11:38:43 waiting parent process
2026-06-19T11:38:43 parent process exited
2026-06-19T11:38:43 installer exists true
2026-06-19T11:38:43 installer start
2026-06-19T11:38:43 installer args: (通常起動)
2026-06-19T11:38:43 installer exit code 1
2026-06-19T11:38:43 インストーラが異常終了したため再起動しません。
2026-06-19T11:38:43 helper started
2026-06-19T11:38:43 helper_executable_path /home/admin/codex-work/TksToKintone/app/update_helper.py
2026-06-19T11:38:43 current_working_directory /home/admin/codex-work/TksToKintone
2026-06-19T11:38:43 parent_pid 0
2026-06-19T11:38:43 installer_path /tmp/tmpculef2vc/tks-to-kintone-setup.exe
2026-06-19T11:38:43 app_exe_path /tmp/tmpculef2vc/tks-to-kintone.exe
2026-06-19T11:38:43 waiting parent process
2026-06-19T11:38:43 parent process exited
2026-06-19T11:38:43 installer exists true
2026-06-19T11:38:43 installer start
2026-06-19T11:38:43 installer args: (通常起動)
2026-06-19T11:38:43 installer exit code 0
2026-06-19T11:38:43 app restart: /tmp/tmpculef2vc/tks-to-kintone.exe
2026-06-19T11:38:43 helper finished
2026-06-19T11:38:43 helper started
2026-06-19T11:38:43 helper_executable_path /home/admin/codex-work/TksToKintone/app/update_helper.py
2026-06-19T11:38:43 current_working_directory /home/admin/codex-work/TksToKintone
2026-06-19T11:38:43 parent_pid 0
2026-06-19T11:38:43 installer_path /tmp/tmpjj3fwz2r/missing-setup.exe
2026-06-19T11:38:43 app_exe_path /tmp/tmpjj3fwz2r/tks-to-kintone.exe
2026-06-19T11:38:43 waiting parent process
2026-06-19T11:38:43 parent process exited
2026-06-19T11:38:43 installer exists false
2026-06-19T11:38:43 インストーラが見つかりません: /tmp/tmpjj3fwz2r/missing-setup.exe
2026-06-19T11:39:53 helper started
2026-06-19T11:39:53 helper_executable_path /home/admin/codex-work/TksToKintone/app/update_helper.py
2026-06-19T11:39:53 current_working_directory /home/admin/codex-work/TksToKintone
2026-06-19T11:39:53 parent_pid 0
2026-06-19T11:39:53 installer_path /tmp/tmprb0pqh_p/tks-to-kintone-setup.exe
2026-06-19T11:39:53 app_exe_path /tmp/tmprb0pqh_p/tks-to-kintone.exe
2026-06-19T11:39:53 waiting parent process
2026-06-19T11:39:53 parent process exited
2026-06-19T11:39:53 installer exists true
2026-06-19T11:39:53 installer start
2026-06-19T11:39:53 installer args: (通常起動)
2026-06-19T11:39:53 installer exit code 1
2026-06-19T11:39:53 インストーラが異常終了したため再起動しません。
2026-06-19T11:39:53 helper started
2026-06-19T11:39:53 helper_executable_path /home/admin/codex-work/TksToKintone/app/update_helper.py
2026-06-19T11:39:53 current_working_directory /home/admin/codex-work/TksToKintone
2026-06-19T11:39:53 parent_pid 0
2026-06-19T11:39:53 installer_path /tmp/tmpv26a6z7g/tks-to-kintone-setup.exe
2026-06-19T11:39:53 app_exe_path /tmp/tmpv26a6z7g/tks-to-kintone.exe
2026-06-19T11:39:53 waiting parent process
2026-06-19T11:39:53 parent process exited
2026-06-19T11:39:53 installer exists true
2026-06-19T11:39:53 installer start
2026-06-19T11:39:53 installer args: (通常起動)
2026-06-19T11:39:53 installer exit code 0
2026-06-19T11:39:53 app restart: /tmp/tmpv26a6z7g/tks-to-kintone.exe
2026-06-19T11:39:53 helper finished
2026-06-19T11:39:53 helper started
2026-06-19T11:39:53 helper_executable_path /home/admin/codex-work/TksToKintone/app/update_helper.py
2026-06-19T11:39:53 current_working_directory /home/admin/codex-work/TksToKintone
2026-06-19T11:39:53 parent_pid 0
2026-06-19T11:39:53 installer_path /tmp/tmpjg0ui6gh/missing-setup.exe
2026-06-19T11:39:53 app_exe_path /tmp/tmpjg0ui6gh/tks-to-kintone.exe
2026-06-19T11:39:53 waiting parent process
2026-06-19T11:39:53 parent process exited
2026-06-19T11:39:53 installer exists false
2026-06-19T11:39:53 インストーラが見つかりません: /tmp/tmpjg0ui6gh/missing-setup.exe
2026-06-19T11:41:46 helper started
2026-06-19T11:41:46 helper_executable_path /home/admin/codex-work/TksToKintone/app/update_helper.py
2026-06-19T11:41:46 current_working_directory /home/admin/codex-work/TksToKintone
2026-06-19T11:41:46 parent_pid 0
2026-06-19T11:41:46 installer_path /tmp/tmp7s4n65vz/tks-to-kintone-setup.exe
2026-06-19T11:41:46 app_exe_path /tmp/tmp7s4n65vz/tks-to-kintone.exe
2026-06-19T11:41:46 waiting parent process
2026-06-19T11:41:46 parent process exited
2026-06-19T11:41:46 installer exists true
2026-06-19T11:41:46 installer start
2026-06-19T11:41:46 installer args: (通常起動)
2026-06-19T11:41:46 installer exit code 1
2026-06-19T11:41:46 インストーラが異常終了したため再起動しません。
2026-06-19T11:41:46 helper started
2026-06-19T11:41:46 helper_executable_path /home/admin/codex-work/TksToKintone/app/update_helper.py
2026-06-19T11:41:46 current_working_directory /home/admin/codex-work/TksToKintone
2026-06-19T11:41:46 parent_pid 0
2026-06-19T11:41:46 installer_path /tmp/tmppuvci9hu/tks-to-kintone-setup.exe
2026-06-19T11:41:46 app_exe_path /tmp/tmppuvci9hu/tks-to-kintone.exe
2026-06-19T11:41:46 waiting parent process
2026-06-19T11:41:46 parent process exited
2026-06-19T11:41:46 installer exists true
2026-06-19T11:41:46 installer start
2026-06-19T11:41:46 installer args: (通常起動)
2026-06-19T11:41:46 installer exit code 0
2026-06-19T11:41:46 app restart: /tmp/tmppuvci9hu/tks-to-kintone.exe
2026-06-19T11:41:46 helper finished
2026-06-19T11:41:46 helper started
2026-06-19T11:41:46 helper_executable_path /home/admin/codex-work/TksToKintone/app/update_helper.py
2026-06-19T11:41:46 current_working_directory /home/admin/codex-work/TksToKintone
2026-06-19T11:41:46 parent_pid 0
2026-06-19T11:41:46 installer_path /tmp/tmpjwn56k_e/missing-setup.exe
2026-06-19T11:41:46 app_exe_path /tmp/tmpjwn56k_e/tks-to-kintone.exe
2026-06-19T11:41:46 waiting parent process
2026-06-19T11:41:46 parent process exited
2026-06-19T11:41:46 installer exists false
2026-06-19T11:41:46 インストーラが見つかりません: /tmp/tmpjwn56k_e/missing-setup.exe
2026-06-19T11:54:17 helper started
2026-06-19T11:54:17 helper_executable_path /home/admin/codex-work/TksToKintone/app/update_helper.py
2026-06-19T11:54:17 current_working_directory /home/admin/codex-work/TksToKintone
2026-06-19T11:54:17 parent_pid 0
2026-06-19T11:54:17 installer_path /tmp/tmpu9ut6kcj/tks-to-kintone-setup.exe
2026-06-19T11:54:17 app_exe_path /tmp/tmpu9ut6kcj/tks-to-kintone.exe
2026-06-19T11:54:17 waiting parent process
2026-06-19T11:54:17 parent process exited
2026-06-19T11:54:17 installer exists true
2026-06-19T11:54:17 installer start
2026-06-19T11:54:17 installer args: (通常起動)
2026-06-19T11:54:17 installer exit code 1
2026-06-19T11:54:17 インストーラが異常終了したため再起動しません。
2026-06-19T11:54:17 helper started
2026-06-19T11:54:17 helper_executable_path /home/admin/codex-work/TksToKintone/app/update_helper.py
2026-06-19T11:54:17 current_working_directory /home/admin/codex-work/TksToKintone
2026-06-19T11:54:17 parent_pid 0
2026-06-19T11:54:17 installer_path /tmp/tmpvu5c8nfz/tks-to-kintone-setup.exe
2026-06-19T11:54:17 app_exe_path /tmp/tmpvu5c8nfz/tks-to-kintone.exe
2026-06-19T11:54:17 waiting parent process
2026-06-19T11:54:17 parent process exited
2026-06-19T11:54:17 installer exists true
2026-06-19T11:54:17 installer start
2026-06-19T11:54:17 installer args: (通常起動)
2026-06-19T11:54:17 installer exit code 0
2026-06-19T11:54:17 app restart: /tmp/tmpvu5c8nfz/tks-to-kintone.exe
2026-06-19T11:54:17 helper finished
2026-06-19T11:54:17 helper started
2026-06-19T11:54:17 helper_executable_path /home/admin/codex-work/TksToKintone/app/update_helper.py
2026-06-19T11:54:17 current_working_directory /home/admin/codex-work/TksToKintone
2026-06-19T11:54:17 parent_pid 0
2026-06-19T11:54:17 installer_path /tmp/tmp0nzsinpz/missing-setup.exe
2026-06-19T11:54:17 app_exe_path /tmp/tmp0nzsinpz/tks-to-kintone.exe
2026-06-19T11:54:17 waiting parent process
2026-06-19T11:54:17 parent process exited
2026-06-19T11:54:17 installer exists false
2026-06-19T11:54:17 インストーラが見つかりません: /tmp/tmp0nzsinpz/missing-setup.exe
2026-06-19T12:39:51 helper started
2026-06-19T12:39:51 helper_executable_path /home/admin/codex-work/TksToKintone/app/update_helper.py
2026-06-19T12:39:51 current_working_directory /home/admin/codex-work/TksToKintone
2026-06-19T12:39:51 parent_pid 0
2026-06-19T12:39:51 installer_path /tmp/tmp5tzvrpnv/tks-to-kintone-setup.exe
2026-06-19T12:39:51 app_exe_path /tmp/tmp5tzvrpnv/tks-to-kintone.exe
2026-06-19T12:39:51 waiting parent process
2026-06-19T12:39:51 parent process exited
2026-06-19T12:39:51 installer exists true
2026-06-19T12:39:51 installer start
2026-06-19T12:39:51 installer args: (通常起動)
2026-06-19T12:39:51 installer exit code 1
2026-06-19T12:39:51 インストーラが異常終了したため再起動しません。
2026-06-19T12:39:51 helper started
2026-06-19T12:39:51 helper_executable_path /home/admin/codex-work/TksToKintone/app/update_helper.py
2026-06-19T12:39:51 current_working_directory /home/admin/codex-work/TksToKintone
2026-06-19T12:39:51 parent_pid 0
2026-06-19T12:39:51 installer_path /tmp/tmptc_r5s7y/tks-to-kintone-setup.exe
2026-06-19T12:39:51 app_exe_path /tmp/tmptc_r5s7y/tks-to-kintone.exe
2026-06-19T12:39:51 waiting parent process
2026-06-19T12:39:51 parent process exited
2026-06-19T12:39:51 installer exists true
2026-06-19T12:39:51 installer start
2026-06-19T12:39:51 installer args: (通常起動)
2026-06-19T12:39:51 installer exit code 0
2026-06-19T12:39:51 app restart: /tmp/tmptc_r5s7y/tks-to-kintone.exe
2026-06-19T12:39:51 helper finished
2026-06-19T12:39:51 helper started
2026-06-19T12:39:51 helper_executable_path /home/admin/codex-work/TksToKintone/app/update_helper.py
2026-06-19T12:39:51 current_working_directory /home/admin/codex-work/TksToKintone
2026-06-19T12:39:51 parent_pid 0
2026-06-19T12:39:51 installer_path /tmp/tmp2pcor0ib/missing-setup.exe
2026-06-19T12:39:51 app_exe_path /tmp/tmp2pcor0ib/tks-to-kintone.exe
2026-06-19T12:39:51 waiting parent process
2026-06-19T12:39:51 parent process exited
2026-06-19T12:39:51 installer exists false
2026-06-19T12:39:51 インストーラが見つかりません: /tmp/tmp2pcor0ib/missing-setup.exe
2026-06-19T12:40:20 helper started
2026-06-19T12:40:20 helper_executable_path /home/admin/codex-work/TksToKintone/app/update_helper.py
2026-06-19T12:40:20 current_working_directory /home/admin/codex-work/TksToKintone
2026-06-19T12:40:20 parent_pid 0
2026-06-19T12:40:20 installer_path /tmp/tmpe_pq9rpa/tks-to-kintone-setup.exe
2026-06-19T12:40:20 app_exe_path /tmp/tmpe_pq9rpa/tks-to-kintone.exe
2026-06-19T12:40:20 waiting parent process
2026-06-19T12:40:20 parent process exited
2026-06-19T12:40:20 installer exists true
2026-06-19T12:40:20 installer start
2026-06-19T12:40:20 installer args: (通常起動)
2026-06-19T12:40:20 installer exit code 1
2026-06-19T12:40:20 インストーラが異常終了したため再起動しません。
2026-06-19T12:40:20 helper started
2026-06-19T12:40:20 helper_executable_path /home/admin/codex-work/TksToKintone/app/update_helper.py
2026-06-19T12:40:20 current_working_directory /home/admin/codex-work/TksToKintone
2026-06-19T12:40:20 parent_pid 0
2026-06-19T12:40:20 installer_path /tmp/tmpahz8chmp/tks-to-kintone-setup.exe
2026-06-19T12:40:20 app_exe_path /tmp/tmpahz8chmp/tks-to-kintone.exe
2026-06-19T12:40:20 waiting parent process
2026-06-19T12:40:20 parent process exited
2026-06-19T12:40:20 installer exists true
2026-06-19T12:40:20 installer start
2026-06-19T12:40:20 installer args: (通常起動)
2026-06-19T12:40:20 installer exit code 0
2026-06-19T12:40:20 app restart: /tmp/tmpahz8chmp/tks-to-kintone.exe
2026-06-19T12:40:20 helper finished
2026-06-19T12:40:20 helper started
2026-06-19T12:40:20 helper_executable_path /home/admin/codex-work/TksToKintone/app/update_helper.py
2026-06-19T12:40:20 current_working_directory /home/admin/codex-work/TksToKintone
2026-06-19T12:40:20 parent_pid 0
2026-06-19T12:40:20 installer_path /tmp/tmpqlx4kllh/missing-setup.exe
2026-06-19T12:40:20 app_exe_path /tmp/tmpqlx4kllh/tks-to-kintone.exe
2026-06-19T12:40:20 waiting parent process
2026-06-19T12:40:20 parent process exited
2026-06-19T12:40:20 installer exists false
2026-06-19T12:40:20 インストーラが見つかりません: /tmp/tmpqlx4kllh/missing-setup.exe
2026-06-19T12:57:52 helper started
2026-06-19T12:57:52 helper_executable_path /home/admin/codex-work/TksToKintone/app/update_helper.py
2026-06-19T12:57:52 current_working_directory /home/admin/codex-work/TksToKintone
2026-06-19T12:57:52 parent_pid 0
2026-06-19T12:57:52 installer_path /tmp/tmp47m5228o/tks-to-kintone-setup.exe
2026-06-19T12:57:52 app_exe_path /tmp/tmp47m5228o/tks-to-kintone.exe
2026-06-19T12:57:52 waiting parent process
2026-06-19T12:57:52 parent process exited
2026-06-19T12:57:52 installer exists true
2026-06-19T12:57:52 installer start
2026-06-19T12:57:52 installer args: (通常起動)
2026-06-19T12:57:52 installer exit code 1
2026-06-19T12:57:52 インストーラが異常終了したため再起動しません。
2026-06-19T12:57:52 helper started
2026-06-19T12:57:52 helper_executable_path /home/admin/codex-work/TksToKintone/app/update_helper.py
2026-06-19T12:57:52 current_working_directory /home/admin/codex-work/TksToKintone
2026-06-19T12:57:52 parent_pid 0
2026-06-19T12:57:52 installer_path /tmp/tmpk705u7de/tks-to-kintone-setup.exe
2026-06-19T12:57:52 app_exe_path /tmp/tmpk705u7de/tks-to-kintone.exe
2026-06-19T12:57:52 waiting parent process
2026-06-19T12:57:52 parent process exited
2026-06-19T12:57:52 installer exists true
2026-06-19T12:57:52 installer start
2026-06-19T12:57:52 installer args: (通常起動)
2026-06-19T12:57:52 installer exit code 0
2026-06-19T12:57:52 app restart: /tmp/tmpk705u7de/tks-to-kintone.exe
2026-06-19T12:57:52 helper finished
2026-06-19T12:57:52 helper started
2026-06-19T12:57:52 helper_executable_path /home/admin/codex-work/TksToKintone/app/update_helper.py
2026-06-19T12:57:52 current_working_directory /home/admin/codex-work/TksToKintone
2026-06-19T12:57:52 parent_pid 0
2026-06-19T12:57:52 installer_path /tmp/tmp88lz1a2k/missing-setup.exe
2026-06-19T12:57:52 app_exe_path /tmp/tmp88lz1a2k/tks-to-kintone.exe
2026-06-19T12:57:52 waiting parent process
2026-06-19T12:57:52 parent process exited
2026-06-19T12:57:52 installer exists false
2026-06-19T12:57:52 インストーラが見つかりません: /tmp/tmp88lz1a2k/missing-setup.exe
2026-06-19T13:02:33 helper started
2026-06-19T13:02:33 helper_executable_path /home/admin/codex-work/TksToKintone/app/update_helper.py
2026-06-19T13:02:33 current_working_directory /home/admin/codex-work/TksToKintone
2026-06-19T13:02:33 parent_pid 0
2026-06-19T13:02:33 installer_path /tmp/tmpy_ucce42/tks-to-kintone-setup.exe
2026-06-19T13:02:33 app_exe_path /tmp/tmpy_ucce42/tks-to-kintone.exe
2026-06-19T13:02:33 waiting parent process
2026-06-19T13:02:33 parent process exited
2026-06-19T13:02:33 installer exists true
2026-06-19T13:02:33 installer start
2026-06-19T13:02:33 installer args: (通常起動)
2026-06-19T13:02:33 installer exit code 1
2026-06-19T13:02:33 インストーラが異常終了したため再起動しません。
2026-06-19T13:02:33 helper started
2026-06-19T13:02:33 helper_executable_path /home/admin/codex-work/TksToKintone/app/update_helper.py
2026-06-19T13:02:33 current_working_directory /home/admin/codex-work/TksToKintone
2026-06-19T13:02:33 parent_pid 0
2026-06-19T13:02:33 installer_path /tmp/tmp9mrad7u2/tks-to-kintone-setup.exe
2026-06-19T13:02:33 app_exe_path /tmp/tmp9mrad7u2/tks-to-kintone.exe
2026-06-19T13:02:33 waiting parent process
2026-06-19T13:02:33 parent process exited
2026-06-19T13:02:33 installer exists true
2026-06-19T13:02:33 installer start
2026-06-19T13:02:33 installer args: (通常起動)
2026-06-19T13:02:33 installer exit code 0
2026-06-19T13:02:33 app restart: /tmp/tmp9mrad7u2/tks-to-kintone.exe
2026-06-19T13:02:33 helper finished
2026-06-19T13:02:33 helper started
2026-06-19T13:02:33 helper_executable_path /home/admin/codex-work/TksToKintone/app/update_helper.py
2026-06-19T13:02:33 current_working_directory /home/admin/codex-work/TksToKintone
2026-06-19T13:02:33 parent_pid 0
2026-06-19T13:02:33 installer_path /tmp/tmp2grvqnzk/missing-setup.exe
2026-06-19T13:02:33 app_exe_path /tmp/tmp2grvqnzk/tks-to-kintone.exe
2026-06-19T13:02:33 waiting parent process
2026-06-19T13:02:33 parent process exited
2026-06-19T13:02:33 installer exists false
2026-06-19T13:02:33 インストーラが見つかりません: /tmp/tmp2grvqnzk/missing-setup.exe
2026-06-19T13:02:55 helper started
2026-06-19T13:02:55 helper_executable_path /home/admin/codex-work/TksToKintone/app/update_helper.py
2026-06-19T13:02:55 current_working_directory /home/admin/codex-work/TksToKintone
2026-06-19T13:02:55 parent_pid 0
2026-06-19T13:02:55 installer_path /tmp/tmpi9yp0qez/tks-to-kintone-setup.exe
2026-06-19T13:02:55 app_exe_path /tmp/tmpi9yp0qez/tks-to-kintone.exe
2026-06-19T13:02:55 waiting parent process
2026-06-19T13:02:55 parent process exited
2026-06-19T13:02:55 installer exists true
2026-06-19T13:02:55 installer start
2026-06-19T13:02:55 installer args: (通常起動)
2026-06-19T13:02:55 installer exit code 1
2026-06-19T13:02:55 インストーラが異常終了したため再起動しません。
2026-06-19T13:02:55 helper started
2026-06-19T13:02:55 helper_executable_path /home/admin/codex-work/TksToKintone/app/update_helper.py
2026-06-19T13:02:55 current_working_directory /home/admin/codex-work/TksToKintone
2026-06-19T13:02:55 parent_pid 0
2026-06-19T13:02:55 installer_path /tmp/tmpxt09ugi5/tks-to-kintone-setup.exe
2026-06-19T13:02:55 app_exe_path /tmp/tmpxt09ugi5/tks-to-kintone.exe
2026-06-19T13:02:55 waiting parent process
2026-06-19T13:02:55 parent process exited
2026-06-19T13:02:55 installer exists true
2026-06-19T13:02:55 installer start
2026-06-19T13:02:55 installer args: (通常起動)
2026-06-19T13:02:55 installer exit code 0
2026-06-19T13:02:55 app restart: /tmp/tmpxt09ugi5/tks-to-kintone.exe
2026-06-19T13:02:55 helper finished
2026-06-19T13:02:55 helper started
2026-06-19T13:02:55 helper_executable_path /home/admin/codex-work/TksToKintone/app/update_helper.py
2026-06-19T13:02:55 current_working_directory /home/admin/codex-work/TksToKintone
2026-06-19T13:02:55 parent_pid 0
2026-06-19T13:02:55 installer_path /tmp/tmpv9b7zjr4/missing-setup.exe
2026-06-19T13:02:55 app_exe_path /tmp/tmpv9b7zjr4/tks-to-kintone.exe
2026-06-19T13:02:55 waiting parent process
2026-06-19T13:02:55 parent process exited
2026-06-19T13:02:55 installer exists false
2026-06-19T13:02:55 インストーラが見つかりません: /tmp/tmpv9b7zjr4/missing-setup.exe
2026-06-19T13:45:43 helper started
2026-06-19T13:45:43 helper_executable_path /home/admin/codex-work/TksToKintone/app/update_helper.py
2026-06-19T13:45:43 current_working_directory /home/admin/codex-work/TksToKintone
2026-06-19T13:45:43 parent_pid 0
2026-06-19T13:45:43 installer_path /tmp/tmpmmepatp5/tks-to-kintone-setup.exe
2026-06-19T13:45:43 app_exe_path /tmp/tmpmmepatp5/tks-to-kintone.exe
2026-06-19T13:45:43 waiting parent process
2026-06-19T13:45:43 parent process exited
2026-06-19T13:45:43 installer exists true
2026-06-19T13:45:43 installer start
2026-06-19T13:45:43 installer args: (通常起動)
2026-06-19T13:45:43 installer exit code 1
2026-06-19T13:45:43 インストーラが異常終了したため再起動しません。
2026-06-19T13:45:43 helper started
2026-06-19T13:45:43 helper_executable_path /home/admin/codex-work/TksToKintone/app/update_helper.py
2026-06-19T13:45:43 current_working_directory /home/admin/codex-work/TksToKintone
2026-06-19T13:45:43 parent_pid 0
2026-06-19T13:45:43 installer_path /tmp/tmpq15jeotu/tks-to-kintone-setup.exe
2026-06-19T13:45:43 app_exe_path /tmp/tmpq15jeotu/tks-to-kintone.exe
2026-06-19T13:45:43 waiting parent process
2026-06-19T13:45:43 parent process exited
2026-06-19T13:45:43 installer exists true
2026-06-19T13:45:43 installer start
2026-06-19T13:45:43 installer args: (通常起動)
2026-06-19T13:45:43 installer exit code 0
2026-06-19T13:45:43 app restart: /tmp/tmpq15jeotu/tks-to-kintone.exe
2026-06-19T13:45:43 helper finished
2026-06-19T13:45:43 helper started
2026-06-19T13:45:43 helper_executable_path /home/admin/codex-work/TksToKintone/app/update_helper.py
2026-06-19T13:45:43 current_working_directory /home/admin/codex-work/TksToKintone
2026-06-19T13:45:43 parent_pid 0
2026-06-19T13:45:43 installer_path /tmp/tmp92updg4i/missing-setup.exe
2026-06-19T13:45:43 app_exe_path /tmp/tmp92updg4i/tks-to-kintone.exe
2026-06-19T13:45:43 waiting parent process
2026-06-19T13:45:43 parent process exited
2026-06-19T13:45:43 installer exists false
2026-06-19T13:45:43 インストーラが見つかりません: /tmp/tmp92updg4i/missing-setup.exe
2026-06-22T08:29:09 helper started
2026-06-22T08:29:09 helper_executable_path /home/admin/codex-work/TksToKintone/app/update_helper.py
2026-06-22T08:29:09 current_working_directory /home/admin/codex-work/TksToKintone
2026-06-22T08:29:09 parent_pid 0
2026-06-22T08:29:09 installer_path /tmp/tmpeux920s1/tks-to-kintone-setup.exe
2026-06-22T08:29:09 app_exe_path /tmp/tmpeux920s1/tks-to-kintone.exe
2026-06-22T08:29:09 waiting parent process
2026-06-22T08:29:09 parent process exited
2026-06-22T08:29:09 installer exists true
2026-06-22T08:29:09 installer start
2026-06-22T08:29:09 installer args: (通常起動)
2026-06-22T08:29:09 installer exit code 1
2026-06-22T08:29:09 インストーラが異常終了したため再起動しません。
2026-06-22T08:29:09 helper started
2026-06-22T08:29:09 helper_executable_path /home/admin/codex-work/TksToKintone/app/update_helper.py
2026-06-22T08:29:09 current_working_directory /home/admin/codex-work/TksToKintone
2026-06-22T08:29:09 parent_pid 0
2026-06-22T08:29:09 installer_path /tmp/tmpe9ls8cib/tks-to-kintone-setup.exe
2026-06-22T08:29:09 app_exe_path /tmp/tmpe9ls8cib/tks-to-kintone.exe
2026-06-22T08:29:09 waiting parent process
2026-06-22T08:29:09 parent process exited
2026-06-22T08:29:09 installer exists true
2026-06-22T08:29:09 installer start
2026-06-22T08:29:09 installer args: (通常起動)
2026-06-22T08:29:09 installer exit code 0
2026-06-22T08:29:09 app restart: /tmp/tmpe9ls8cib/tks-to-kintone.exe
2026-06-22T08:29:09 helper finished
2026-06-22T08:29:09 helper started
2026-06-22T08:29:09 helper_executable_path /home/admin/codex-work/TksToKintone/app/update_helper.py
2026-06-22T08:29:09 current_working_directory /home/admin/codex-work/TksToKintone
2026-06-22T08:29:09 parent_pid 0
2026-06-22T08:29:09 installer_path /tmp/tmpge2ygar7/missing-setup.exe
2026-06-22T08:29:09 app_exe_path /tmp/tmpge2ygar7/tks-to-kintone.exe
2026-06-22T08:29:09 waiting parent process
2026-06-22T08:29:09 parent process exited
2026-06-22T08:29:09 installer exists false
2026-06-22T08:29:09 インストーラが見つかりません: /tmp/tmpge2ygar7/missing-setup.exe
2026-06-22T09:54:45 helper started
2026-06-22T09:54:45 helper_executable_path /home/admin/codex-work/TksToKintone/app/update_helper.py
2026-06-22T09:54:45 current_working_directory /home/admin/codex-work/TksToKintone
2026-06-22T09:54:45 parent_pid 0
2026-06-22T09:54:45 installer_path /tmp/tmp91y894ei/tks-to-kintone-setup.exe
2026-06-22T09:54:45 app_exe_path /tmp/tmp91y894ei/tks-to-kintone.exe
2026-06-22T09:54:45 waiting parent process
2026-06-22T09:54:45 parent process exited
2026-06-22T09:54:45 installer exists true
2026-06-22T09:54:45 installer start
2026-06-22T09:54:45 installer args: (通常起動)
2026-06-22T09:54:45 installer exit code 1
2026-06-22T09:54:45 インストーラが異常終了したため再起動しません。
2026-06-22T09:54:45 helper started
2026-06-22T09:54:45 helper_executable_path /home/admin/codex-work/TksToKintone/app/update_helper.py
2026-06-22T09:54:45 current_working_directory /home/admin/codex-work/TksToKintone
2026-06-22T09:54:45 parent_pid 0
2026-06-22T09:54:45 installer_path /tmp/tmpflsloggz/tks-to-kintone-setup.exe
2026-06-22T09:54:45 app_exe_path /tmp/tmpflsloggz/tks-to-kintone.exe
2026-06-22T09:54:45 waiting parent process
2026-06-22T09:54:45 parent process exited
2026-06-22T09:54:45 installer exists true
2026-06-22T09:54:45 installer start
2026-06-22T09:54:45 installer args: (通常起動)
2026-06-22T09:54:45 installer exit code 0
2026-06-22T09:54:45 app restart: /tmp/tmpflsloggz/tks-to-kintone.exe
2026-06-22T09:54:45 helper finished
2026-06-22T09:54:45 helper started
2026-06-22T09:54:45 helper_executable_path /home/admin/codex-work/TksToKintone/app/update_helper.py
2026-06-22T09:54:45 current_working_directory /home/admin/codex-work/TksToKintone
2026-06-22T09:54:45 parent_pid 0
2026-06-22T09:54:45 installer_path /tmp/tmpolsxu74n/missing-setup.exe
2026-06-22T09:54:45 app_exe_path /tmp/tmpolsxu74n/tks-to-kintone.exe
2026-06-22T09:54:45 waiting parent process
2026-06-22T09:54:45 parent process exited
2026-06-22T09:54:45 installer exists false
2026-06-22T09:54:45 インストーラが見つかりません: /tmp/tmpolsxu74n/missing-setup.exe
2026-06-22T10:19:09 helper started
2026-06-22T10:19:09 helper_executable_path /home/admin/codex-work/TksToKintone/app/update_helper.py
2026-06-22T10:19:09 current_working_directory /home/admin/codex-work/TksToKintone
2026-06-22T10:19:09 parent_pid 0
2026-06-22T10:19:09 installer_path /tmp/tmp_1u07lhm/tks-to-kintone-setup.exe
2026-06-22T10:19:09 app_exe_path /tmp/tmp_1u07lhm/tks-to-kintone.exe
2026-06-22T10:19:09 waiting parent process
2026-06-22T10:19:09 parent process exited
2026-06-22T10:19:09 installer exists true
2026-06-22T10:19:09 installer start
2026-06-22T10:19:09 installer args: (通常起動)
2026-06-22T10:19:09 installer exit code 1
2026-06-22T10:19:09 インストーラが異常終了したため再起動しません。
2026-06-22T10:19:09 helper started
2026-06-22T10:19:09 helper_executable_path /home/admin/codex-work/TksToKintone/app/update_helper.py
2026-06-22T10:19:09 current_working_directory /home/admin/codex-work/TksToKintone
2026-06-22T10:19:09 parent_pid 0
2026-06-22T10:19:09 installer_path /tmp/tmpqcz0062p/tks-to-kintone-setup.exe
2026-06-22T10:19:09 app_exe_path /tmp/tmpqcz0062p/tks-to-kintone.exe
2026-06-22T10:19:09 waiting parent process
2026-06-22T10:19:09 parent process exited
2026-06-22T10:19:09 installer exists true
2026-06-22T10:19:09 installer start
2026-06-22T10:19:09 installer args: (通常起動)
2026-06-22T10:19:09 installer exit code 0
2026-06-22T10:19:09 app restart: /tmp/tmpqcz0062p/tks-to-kintone.exe
2026-06-22T10:19:09 helper finished
2026-06-22T10:19:09 helper started
2026-06-22T10:19:09 helper_executable_path /home/admin/codex-work/TksToKintone/app/update_helper.py
2026-06-22T10:19:09 current_working_directory /home/admin/codex-work/TksToKintone
2026-06-22T10:19:09 parent_pid 0
2026-06-22T10:19:09 installer_path /tmp/tmp0izhi2kz/missing-setup.exe
2026-06-22T10:19:09 app_exe_path /tmp/tmp0izhi2kz/tks-to-kintone.exe
2026-06-22T10:19:09 waiting parent process
2026-06-22T10:19:09 parent process exited
2026-06-22T10:19:09 installer exists false
2026-06-22T10:19:09 インストーラが見つかりません: /tmp/tmp0izhi2kz/missing-setup.exe
2026-06-22T10:23:49 helper started
2026-06-22T10:23:49 helper_executable_path /home/admin/codex-work/TksToKintone/app/update_helper.py
2026-06-22T10:23:49 current_working_directory /home/admin/codex-work/TksToKintone
2026-06-22T10:23:49 parent_pid 0
2026-06-22T10:23:49 installer_path /tmp/tmpg0nt3fof/tks-to-kintone-setup.exe
2026-06-22T10:23:49 app_exe_path /tmp/tmpg0nt3fof/tks-to-kintone.exe
2026-06-22T10:23:49 waiting parent process
2026-06-22T10:23:49 parent process exited
2026-06-22T10:23:49 installer exists true
2026-06-22T10:23:49 installer start
2026-06-22T10:23:49 installer args: (通常起動)
2026-06-22T10:23:49 installer exit code 1
2026-06-22T10:23:49 インストーラが異常終了したため再起動しません。
2026-06-22T10:23:49 helper started
2026-06-22T10:23:49 helper_executable_path /home/admin/codex-work/TksToKintone/app/update_helper.py
2026-06-22T10:23:49 current_working_directory /home/admin/codex-work/TksToKintone
2026-06-22T10:23:49 parent_pid 0
2026-06-22T10:23:49 installer_path /tmp/tmp0rbyozk0/tks-to-kintone-setup.exe
2026-06-22T10:23:49 app_exe_path /tmp/tmp0rbyozk0/tks-to-kintone.exe
2026-06-22T10:23:49 waiting parent process
2026-06-22T10:23:49 parent process exited
2026-06-22T10:23:49 installer exists true
2026-06-22T10:23:49 installer start
2026-06-22T10:23:49 installer args: (通常起動)
2026-06-22T10:23:49 installer exit code 0
2026-06-22T10:23:49 app restart: /tmp/tmp0rbyozk0/tks-to-kintone.exe
2026-06-22T10:23:49 helper finished
2026-06-22T10:23:49 helper started
2026-06-22T10:23:49 helper_executable_path /home/admin/codex-work/TksToKintone/app/update_helper.py
2026-06-22T10:23:49 current_working_directory /home/admin/codex-work/TksToKintone
2026-06-22T10:23:49 parent_pid 0
2026-06-22T10:23:49 installer_path /tmp/tmpfrhprf9d/missing-setup.exe
2026-06-22T10:23:49 app_exe_path /tmp/tmpfrhprf9d/tks-to-kintone.exe
2026-06-22T10:23:49 waiting parent process
2026-06-22T10:23:49 parent process exited
2026-06-22T10:23:49 installer exists false
2026-06-22T10:23:49 インストーラが見つかりません: /tmp/tmpfrhprf9d/missing-setup.exe
2026-06-22T14:11:18 helper started
2026-06-22T14:11:18 helper_executable_path /home/admin/codex-work/TksToKintone/app/update_helper.py
2026-06-22T14:11:18 current_working_directory /home/admin/codex-work/TksToKintone
2026-06-22T14:11:18 parent_pid 0
2026-06-22T14:11:18 installer_path /tmp/tmpl6iux33p/tks-to-kintone-setup.exe
2026-06-22T14:11:18 app_exe_path /tmp/tmpl6iux33p/tks-to-kintone.exe
2026-06-22T14:11:18 waiting parent process
2026-06-22T14:11:18 parent process exited
2026-06-22T14:11:18 installer exists true
2026-06-22T14:11:18 installer start
2026-06-22T14:11:18 installer args: (通常起動)
2026-06-22T14:11:18 installer exit code 1
2026-06-22T14:11:18 インストーラが異常終了したため再起動しません。
2026-06-22T14:11:18 helper started
2026-06-22T14:11:18 helper_executable_path /home/admin/codex-work/TksToKintone/app/update_helper.py
2026-06-22T14:11:18 current_working_directory /home/admin/codex-work/TksToKintone
2026-06-22T14:11:18 parent_pid 0
2026-06-22T14:11:18 installer_path /tmp/tmpqclo6rpj/tks-to-kintone-setup.exe
2026-06-22T14:11:18 app_exe_path /tmp/tmpqclo6rpj/tks-to-kintone.exe
2026-06-22T14:11:18 waiting parent process
2026-06-22T14:11:18 parent process exited
2026-06-22T14:11:18 installer exists true
2026-06-22T14:11:18 installer start
2026-06-22T14:11:18 installer args: (通常起動)
2026-06-22T14:11:18 installer exit code 0
2026-06-22T14:11:18 app restart: /tmp/tmpqclo6rpj/tks-to-kintone.exe
2026-06-22T14:11:18 helper finished
2026-06-22T14:11:18 helper started
2026-06-22T14:11:18 helper_executable_path /home/admin/codex-work/TksToKintone/app/update_helper.py
2026-06-22T14:11:18 current_working_directory /home/admin/codex-work/TksToKintone
2026-06-22T14:11:18 parent_pid 0
2026-06-22T14:11:18 installer_path /tmp/tmpx7v9iqn4/missing-setup.exe
2026-06-22T14:11:18 app_exe_path /tmp/tmpx7v9iqn4/tks-to-kintone.exe
2026-06-22T14:11:18 waiting parent process
2026-06-22T14:11:18 parent process exited
2026-06-22T14:11:18 installer exists false
2026-06-22T14:11:18 インストーラが見つかりません: /tmp/tmpx7v9iqn4/missing-setup.exe
2026-06-22T14:47:52 helper started
2026-06-22T14:47:52 helper_executable_path /home/admin/codex-work/TksToKintone/app/update_helper.py
2026-06-22T14:47:52 current_working_directory /home/admin/codex-work/TksToKintone
2026-06-22T14:47:52 parent_pid 0
2026-06-22T14:47:52 installer_path /tmp/tmp6_s19n10/tks-to-kintone-setup.exe
2026-06-22T14:47:52 app_exe_path /tmp/tmp6_s19n10/tks-to-kintone.exe
2026-06-22T14:47:52 waiting parent process
2026-06-22T14:47:52 parent process exited
2026-06-22T14:47:52 installer exists true
2026-06-22T14:47:52 installer start
2026-06-22T14:47:52 installer args: (通常起動)
2026-06-22T14:47:52 installer exit code 1
2026-06-22T14:47:52 インストーラが異常終了したため再起動しません。
2026-06-22T14:47:52 helper started
2026-06-22T14:47:52 helper_executable_path /home/admin/codex-work/TksToKintone/app/update_helper.py
2026-06-22T14:47:52 current_working_directory /home/admin/codex-work/TksToKintone
2026-06-22T14:47:52 parent_pid 0
2026-06-22T14:47:52 installer_path /tmp/tmp84lo5z7n/tks-to-kintone-setup.exe
2026-06-22T14:47:52 app_exe_path /tmp/tmp84lo5z7n/tks-to-kintone.exe
2026-06-22T14:47:52 waiting parent process
2026-06-22T14:47:52 parent process exited
2026-06-22T14:47:52 installer exists true
2026-06-22T14:47:52 installer start
2026-06-22T14:47:52 installer args: (通常起動)
2026-06-22T14:47:52 installer exit code 0
2026-06-22T14:47:52 app restart: /tmp/tmp84lo5z7n/tks-to-kintone.exe
2026-06-22T14:47:52 helper finished
2026-06-22T14:47:52 helper started
2026-06-22T14:47:52 helper_executable_path /home/admin/codex-work/TksToKintone/app/update_helper.py
2026-06-22T14:47:52 current_working_directory /home/admin/codex-work/TksToKintone
2026-06-22T14:47:52 parent_pid 0
2026-06-22T14:47:52 installer_path /tmp/tmpprg644ez/missing-setup.exe
2026-06-22T14:47:52 app_exe_path /tmp/tmpprg644ez/tks-to-kintone.exe
2026-06-22T14:47:52 waiting parent process
2026-06-22T14:47:52 parent process exited
2026-06-22T14:47:52 installer exists false
2026-06-22T14:47:52 インストーラが見つかりません: /tmp/tmpprg644ez/missing-setup.exe
2026-06-22T15:52:36 helper started
2026-06-22T15:52:36 helper_executable_path /home/admin/codex-work/TksToKintone/app/update_helper.py
2026-06-22T15:52:36 current_working_directory /home/admin/codex-work/TksToKintone
2026-06-22T15:52:36 parent_pid 0
2026-06-22T15:52:36 installer_path /tmp/tmplmqj29g1/tks-to-kintone-setup.exe
2026-06-22T15:52:36 app_exe_path /tmp/tmplmqj29g1/tks-to-kintone.exe
2026-06-22T15:52:36 waiting parent process
2026-06-22T15:52:36 parent process exited
2026-06-22T15:52:36 installer exists true
2026-06-22T15:52:36 installer start
2026-06-22T15:52:36 installer args: (通常起動)
2026-06-22T15:52:36 installer exit code 1
2026-06-22T15:52:36 インストーラが異常終了したため再起動しません。
2026-06-22T15:52:36 helper started
2026-06-22T15:52:36 helper_executable_path /home/admin/codex-work/TksToKintone/app/update_helper.py
2026-06-22T15:52:36 current_working_directory /home/admin/codex-work/TksToKintone
2026-06-22T15:52:36 parent_pid 0
2026-06-22T15:52:36 installer_path /tmp/tmp006b0z2n/tks-to-kintone-setup.exe
2026-06-22T15:52:36 app_exe_path /tmp/tmp006b0z2n/tks-to-kintone.exe
2026-06-22T15:52:36 waiting parent process
2026-06-22T15:52:36 parent process exited
2026-06-22T15:52:36 installer exists true
2026-06-22T15:52:36 installer start
2026-06-22T15:52:36 installer args: (通常起動)
2026-06-22T15:52:36 installer exit code 0
2026-06-22T15:52:36 app restart: /tmp/tmp006b0z2n/tks-to-kintone.exe
2026-06-22T15:52:36 helper finished
2026-06-22T15:52:36 helper started
2026-06-22T15:52:36 helper_executable_path /home/admin/codex-work/TksToKintone/app/update_helper.py
2026-06-22T15:52:36 current_working_directory /home/admin/codex-work/TksToKintone
2026-06-22T15:52:36 parent_pid 0
2026-06-22T15:52:36 installer_path /tmp/tmpr4858s76/missing-setup.exe
2026-06-22T15:52:36 app_exe_path /tmp/tmpr4858s76/tks-to-kintone.exe
2026-06-22T15:52:36 waiting parent process
2026-06-22T15:52:36 parent process exited
2026-06-22T15:52:36 installer exists false
2026-06-22T15:52:36 インストーラが見つかりません: /tmp/tmpr4858s76/missing-setup.exe
2026-06-22T16:15:09 helper started
2026-06-22T16:15:09 helper_executable_path /home/admin/codex-work/TksToKintone/app/update_helper.py
2026-06-22T16:15:09 current_working_directory /home/admin/codex-work/TksToKintone
2026-06-22T16:15:09 parent_pid 0
2026-06-22T16:15:09 installer_path /tmp/tmp92ijxd7h/tks-to-kintone-setup.exe
2026-06-22T16:15:09 app_exe_path /tmp/tmp92ijxd7h/tks-to-kintone.exe
2026-06-22T16:15:09 waiting parent process
2026-06-22T16:15:09 parent process exited
2026-06-22T16:15:09 installer exists true
2026-06-22T16:15:09 installer start
2026-06-22T16:15:09 installer args: (通常起動)
2026-06-22T16:15:09 installer exit code 1
2026-06-22T16:15:09 インストーラが異常終了したため再起動しません。
2026-06-22T16:15:09 helper started
2026-06-22T16:15:09 helper_executable_path /home/admin/codex-work/TksToKintone/app/update_helper.py
2026-06-22T16:15:09 current_working_directory /home/admin/codex-work/TksToKintone
2026-06-22T16:15:09 parent_pid 0
2026-06-22T16:15:09 installer_path /tmp/tmpojs2apcd/tks-to-kintone-setup.exe
2026-06-22T16:15:09 app_exe_path /tmp/tmpojs2apcd/tks-to-kintone.exe
2026-06-22T16:15:09 waiting parent process
2026-06-22T16:15:09 parent process exited
2026-06-22T16:15:09 installer exists true
2026-06-22T16:15:09 installer start
2026-06-22T16:15:09 installer args: (通常起動)
2026-06-22T16:15:09 installer exit code 0
2026-06-22T16:15:09 app restart: /tmp/tmpojs2apcd/tks-to-kintone.exe
2026-06-22T16:15:09 helper finished
2026-06-22T16:15:09 helper started
2026-06-22T16:15:09 helper_executable_path /home/admin/codex-work/TksToKintone/app/update_helper.py
2026-06-22T16:15:09 current_working_directory /home/admin/codex-work/TksToKintone
2026-06-22T16:15:09 parent_pid 0
2026-06-22T16:15:09 installer_path /tmp/tmpq0hvwy86/missing-setup.exe
2026-06-22T16:15:09 app_exe_path /tmp/tmpq0hvwy86/tks-to-kintone.exe
2026-06-22T16:15:09 waiting parent process
2026-06-22T16:15:09 parent process exited
2026-06-22T16:15:09 installer exists false
2026-06-22T16:15:09 インストーラが見つかりません: /tmp/tmpq0hvwy86/missing-setup.exe
2026-06-25T08:10:50 helper started
2026-06-25T08:10:50 helper_executable_path /home/admin/codex-work/TksToKintone/app/update_helper.py
2026-06-25T08:10:50 current_working_directory /home/admin/codex-work/TksToKintone
2026-06-25T08:10:50 parent_pid 0
2026-06-25T08:10:50 installer_path /tmp/tmpl4dg68r0/tks-to-kintone-setup.exe
2026-06-25T08:10:50 app_exe_path /tmp/tmpl4dg68r0/tks-to-kintone.exe
2026-06-25T08:10:50 waiting parent process
2026-06-25T08:10:50 parent process exited
2026-06-25T08:10:50 installer exists true
2026-06-25T08:10:50 installer start
2026-06-25T08:10:50 installer args: (通常起動)
2026-06-25T08:10:50 installer exit code 1
2026-06-25T08:10:50 インストーラが異常終了したため再起動しません。
2026-06-25T08:10:50 helper started
2026-06-25T08:10:50 helper_executable_path /home/admin/codex-work/TksToKintone/app/update_helper.py
2026-06-25T08:10:50 current_working_directory /home/admin/codex-work/TksToKintone
2026-06-25T08:10:50 parent_pid 0
2026-06-25T08:10:50 installer_path /tmp/tmpby4uzy2j/tks-to-kintone-setup.exe
2026-06-25T08:10:50 app_exe_path /tmp/tmpby4uzy2j/tks-to-kintone.exe
2026-06-25T08:10:50 waiting parent process
2026-06-25T08:10:50 parent process exited
2026-06-25T08:10:50 installer exists true
2026-06-25T08:10:50 installer start
2026-06-25T08:10:50 installer args: (通常起動)
2026-06-25T08:10:50 installer exit code 0
2026-06-25T08:10:50 app restart: /tmp/tmpby4uzy2j/tks-to-kintone.exe
2026-06-25T08:10:50 helper finished
2026-06-25T08:10:50 helper started
2026-06-25T08:10:50 helper_executable_path /home/admin/codex-work/TksToKintone/app/update_helper.py
2026-06-25T08:10:50 current_working_directory /home/admin/codex-work/TksToKintone
2026-06-25T08:10:50 parent_pid 0
2026-06-25T08:10:50 installer_path /tmp/tmp178dgfox/missing-setup.exe
2026-06-25T08:10:50 app_exe_path /tmp/tmp178dgfox/tks-to-kintone.exe
2026-06-25T08:10:50 waiting parent process
2026-06-25T08:10:50 parent process exited
2026-06-25T08:10:50 installer exists false
2026-06-25T08:10:50 インストーラが見つかりません: /tmp/tmp178dgfox/missing-setup.exe
2026-06-25T08:35:07 helper started
2026-06-25T08:35:07 helper_executable_path /home/admin/codex-work/TksToKintone/app/update_helper.py
2026-06-25T08:35:07 current_working_directory /home/admin/codex-work/TksToKintone
2026-06-25T08:35:07 parent_pid 0
2026-06-25T08:35:07 installer_path /tmp/tmpekkcjeqh/tks-to-kintone-setup.exe
2026-06-25T08:35:07 app_exe_path /tmp/tmpekkcjeqh/tks-to-kintone.exe
2026-06-25T08:35:07 waiting parent process
2026-06-25T08:35:07 parent process exited
2026-06-25T08:35:07 installer exists true
2026-06-25T08:35:07 installer start
2026-06-25T08:35:07 installer args: (通常起動)
2026-06-25T08:35:07 installer exit code 1
2026-06-25T08:35:07 インストーラが異常終了したため再起動しません。
2026-06-25T08:35:07 helper started
2026-06-25T08:35:07 helper_executable_path /home/admin/codex-work/TksToKintone/app/update_helper.py
2026-06-25T08:35:07 current_working_directory /home/admin/codex-work/TksToKintone
2026-06-25T08:35:07 parent_pid 0
2026-06-25T08:35:07 installer_path /tmp/tmpabho5bv0/tks-to-kintone-setup.exe
2026-06-25T08:35:07 app_exe_path /tmp/tmpabho5bv0/tks-to-kintone.exe
2026-06-25T08:35:07 waiting parent process
2026-06-25T08:35:07 parent process exited
2026-06-25T08:35:07 installer exists true
2026-06-25T08:35:07 installer start
2026-06-25T08:35:07 installer args: (通常起動)
2026-06-25T08:35:07 installer exit code 0
2026-06-25T08:35:07 app restart: /tmp/tmpabho5bv0/tks-to-kintone.exe
2026-06-25T08:35:07 helper finished
2026-06-25T08:35:07 helper started
2026-06-25T08:35:07 helper_executable_path /home/admin/codex-work/TksToKintone/app/update_helper.py
2026-06-25T08:35:07 current_working_directory /home/admin/codex-work/TksToKintone
2026-06-25T08:35:07 parent_pid 0
2026-06-25T08:35:07 installer_path /tmp/tmpiym8qtb0/missing-setup.exe
2026-06-25T08:35:07 app_exe_path /tmp/tmpiym8qtb0/tks-to-kintone.exe
2026-06-25T08:35:07 waiting parent process
2026-06-25T08:35:07 parent process exited
2026-06-25T08:35:07 installer exists false
2026-06-25T08:35:07 インストーラが見つかりません: /tmp/tmpiym8qtb0/missing-setup.exe
2026-06-25T09:01:22 helper started
2026-06-25T09:01:22 helper_executable_path /home/admin/codex-work/TksToKintone/app/update_helper.py
2026-06-25T09:01:22 current_working_directory /home/admin/codex-work/TksToKintone
2026-06-25T09:01:22 parent_pid 0
2026-06-25T09:01:22 installer_path /tmp/tmptbaonlzy/tks-to-kintone-setup.exe
2026-06-25T09:01:22 app_exe_path /tmp/tmptbaonlzy/tks-to-kintone.exe
2026-06-25T09:01:22 waiting parent process
2026-06-25T09:01:22 parent process exited
2026-06-25T09:01:22 installer exists true
2026-06-25T09:01:22 installer start
2026-06-25T09:01:22 installer args: (通常起動)
2026-06-25T09:01:22 installer exit code 1
2026-06-25T09:01:22 インストーラが異常終了したため再起動しません。
2026-06-25T09:01:22 helper started
2026-06-25T09:01:22 helper_executable_path /home/admin/codex-work/TksToKintone/app/update_helper.py
2026-06-25T09:01:22 current_working_directory /home/admin/codex-work/TksToKintone
2026-06-25T09:01:22 parent_pid 0
2026-06-25T09:01:22 installer_path /tmp/tmp08m3lxl4/tks-to-kintone-setup.exe
2026-06-25T09:01:22 app_exe_path /tmp/tmp08m3lxl4/tks-to-kintone.exe
2026-06-25T09:01:22 waiting parent process
2026-06-25T09:01:22 parent process exited
2026-06-25T09:01:22 installer exists true
2026-06-25T09:01:22 installer start
2026-06-25T09:01:22 installer args: (通常起動)
2026-06-25T09:01:22 installer exit code 0
2026-06-25T09:01:22 app restart: /tmp/tmp08m3lxl4/tks-to-kintone.exe
2026-06-25T09:01:22 helper finished
2026-06-25T09:01:22 helper started
2026-06-25T09:01:22 helper_executable_path /home/admin/codex-work/TksToKintone/app/update_helper.py
2026-06-25T09:01:22 current_working_directory /home/admin/codex-work/TksToKintone
2026-06-25T09:01:22 parent_pid 0
2026-06-25T09:01:22 installer_path /tmp/tmpucpvilhx/missing-setup.exe
2026-06-25T09:01:22 app_exe_path /tmp/tmpucpvilhx/tks-to-kintone.exe
2026-06-25T09:01:22 waiting parent process
2026-06-25T09:01:22 parent process exited
2026-06-25T09:01:22 installer exists false
2026-06-25T09:01:22 インストーラが見つかりません: /tmp/tmpucpvilhx/missing-setup.exe
2026-06-25T09:35:00 helper started
2026-06-25T09:35:00 helper_executable_path /home/admin/codex-work/TksToKintone/app/update_helper.py
2026-06-25T09:35:00 current_working_directory /home/admin/codex-work/TksToKintone
2026-06-25T09:35:00 parent_pid 0
2026-06-25T09:35:00 installer_path /tmp/tmp558xdbme/tks-to-kintone-setup.exe
2026-06-25T09:35:00 app_exe_path /tmp/tmp558xdbme/tks-to-kintone.exe
2026-06-25T09:35:00 waiting parent process
2026-06-25T09:35:00 parent process exited
2026-06-25T09:35:00 installer exists true
2026-06-25T09:35:00 installer start
2026-06-25T09:35:00 installer args: (通常起動)
2026-06-25T09:35:00 installer exit code 1
2026-06-25T09:35:00 インストーラが異常終了したため再起動しません。
2026-06-25T09:35:00 helper started
2026-06-25T09:35:00 helper_executable_path /home/admin/codex-work/TksToKintone/app/update_helper.py
2026-06-25T09:35:00 current_working_directory /home/admin/codex-work/TksToKintone
2026-06-25T09:35:00 parent_pid 0
2026-06-25T09:35:00 installer_path /tmp/tmpthqu2j1a/tks-to-kintone-setup.exe
2026-06-25T09:35:00 app_exe_path /tmp/tmpthqu2j1a/tks-to-kintone.exe
2026-06-25T09:35:00 waiting parent process
2026-06-25T09:35:00 parent process exited
2026-06-25T09:35:00 installer exists true
2026-06-25T09:35:00 installer start
2026-06-25T09:35:00 installer args: (通常起動)
2026-06-25T09:35:00 installer exit code 0
2026-06-25T09:35:00 app restart: /tmp/tmpthqu2j1a/tks-to-kintone.exe
2026-06-25T09:35:00 helper finished
2026-06-25T09:35:00 helper started
2026-06-25T09:35:00 helper_executable_path /home/admin/codex-work/TksToKintone/app/update_helper.py
2026-06-25T09:35:00 current_working_directory /home/admin/codex-work/TksToKintone
2026-06-25T09:35:00 parent_pid 0
2026-06-25T09:35:00 installer_path /tmp/tmpjgpk0196/missing-setup.exe
2026-06-25T09:35:00 app_exe_path /tmp/tmpjgpk0196/tks-to-kintone.exe
2026-06-25T09:35:00 waiting parent process
2026-06-25T09:35:00 parent process exited
2026-06-25T09:35:00 installer exists false
2026-06-25T09:35:00 インストーラが見つかりません: /tmp/tmpjgpk0196/missing-setup.exe
2026-06-25T09:36:11 helper started
2026-06-25T09:36:11 helper_executable_path /home/admin/codex-work/TksToKintone/app/update_helper.py
2026-06-25T09:36:11 current_working_directory /home/admin/codex-work/TksToKintone
2026-06-25T09:36:11 parent_pid 0
2026-06-25T09:36:11 installer_path /tmp/tmpydx566v5/tks-to-kintone-setup.exe
2026-06-25T09:36:11 app_exe_path /tmp/tmpydx566v5/tks-to-kintone.exe
2026-06-25T09:36:11 waiting parent process
2026-06-25T09:36:11 parent process exited
2026-06-25T09:36:11 installer exists true
2026-06-25T09:36:11 installer start
2026-06-25T09:36:11 installer args: (通常起動)
2026-06-25T09:36:11 installer exit code 1
2026-06-25T09:36:11 インストーラが異常終了したため再起動しません。
2026-06-25T09:36:11 helper started
2026-06-25T09:36:11 helper_executable_path /home/admin/codex-work/TksToKintone/app/update_helper.py
2026-06-25T09:36:11 current_working_directory /home/admin/codex-work/TksToKintone
2026-06-25T09:36:11 parent_pid 0
2026-06-25T09:36:11 installer_path /tmp/tmpsye6bnkx/tks-to-kintone-setup.exe
2026-06-25T09:36:11 app_exe_path /tmp/tmpsye6bnkx/tks-to-kintone.exe
2026-06-25T09:36:11 waiting parent process
2026-06-25T09:36:11 parent process exited
2026-06-25T09:36:11 installer exists true
2026-06-25T09:36:11 installer start
2026-06-25T09:36:11 installer args: (通常起動)
2026-06-25T09:36:11 installer exit code 0
2026-06-25T09:36:11 app restart: /tmp/tmpsye6bnkx/tks-to-kintone.exe
2026-06-25T09:36:11 helper finished
2026-06-25T09:36:11 helper started
2026-06-25T09:36:11 helper_executable_path /home/admin/codex-work/TksToKintone/app/update_helper.py
2026-06-25T09:36:11 current_working_directory /home/admin/codex-work/TksToKintone
2026-06-25T09:36:11 parent_pid 0
2026-06-25T09:36:11 installer_path /tmp/tmp6msrzk1i/missing-setup.exe
2026-06-25T09:36:11 app_exe_path /tmp/tmp6msrzk1i/tks-to-kintone.exe
2026-06-25T09:36:11 waiting parent process
2026-06-25T09:36:11 parent process exited
2026-06-25T09:36:11 installer exists false
2026-06-25T09:36:11 インストーラが見つかりません: /tmp/tmp6msrzk1i/missing-setup.exe
2026-06-25T09:58:08 helper started
2026-06-25T09:58:08 helper_executable_path /home/admin/codex-work/TksToKintone/app/update_helper.py
2026-06-25T09:58:08 current_working_directory /home/admin/codex-work/TksToKintone
2026-06-25T09:58:08 parent_pid 0
2026-06-25T09:58:08 installer_path /tmp/tmppbwjo63g/tks-to-kintone-setup.exe
2026-06-25T09:58:08 app_exe_path /tmp/tmppbwjo63g/tks-to-kintone.exe
2026-06-25T09:58:08 waiting parent process
2026-06-25T09:58:08 parent process exited
2026-06-25T09:58:08 installer exists true
2026-06-25T09:58:08 installer start
2026-06-25T09:58:08 installer args: (通常起動)
2026-06-25T09:58:08 installer exit code 1
2026-06-25T09:58:08 インストーラが異常終了したため再起動しません。
2026-06-25T09:58:08 helper started
2026-06-25T09:58:08 helper_executable_path /home/admin/codex-work/TksToKintone/app/update_helper.py
2026-06-25T09:58:08 current_working_directory /home/admin/codex-work/TksToKintone
2026-06-25T09:58:08 parent_pid 0
2026-06-25T09:58:08 installer_path /tmp/tmppfoy4xgh/tks-to-kintone-setup.exe
2026-06-25T09:58:08 app_exe_path /tmp/tmppfoy4xgh/tks-to-kintone.exe
2026-06-25T09:58:08 waiting parent process
2026-06-25T09:58:08 parent process exited
2026-06-25T09:58:08 installer exists true
2026-06-25T09:58:08 installer start
2026-06-25T09:58:08 installer args: (通常起動)
2026-06-25T09:58:08 installer exit code 0
2026-06-25T09:58:08 app restart: /tmp/tmppfoy4xgh/tks-to-kintone.exe
2026-06-25T09:58:08 helper finished
2026-06-25T09:58:08 helper started
2026-06-25T09:58:08 helper_executable_path /home/admin/codex-work/TksToKintone/app/update_helper.py
2026-06-25T09:58:08 current_working_directory /home/admin/codex-work/TksToKintone
2026-06-25T09:58:08 parent_pid 0
2026-06-25T09:58:08 installer_path /tmp/tmp2jgft1q4/missing-setup.exe
2026-06-25T09:58:08 app_exe_path /tmp/tmp2jgft1q4/tks-to-kintone.exe
2026-06-25T09:58:08 waiting parent process
2026-06-25T09:58:08 parent process exited
2026-06-25T09:58:08 installer exists false
2026-06-25T09:58:08 インストーラが見つかりません: /tmp/tmp2jgft1q4/missing-setup.exe
2026-06-25T09:59:14 helper started
2026-06-25T09:59:14 helper_executable_path /home/admin/codex-work/TksToKintone/app/update_helper.py
2026-06-25T09:59:14 current_working_directory /home/admin/codex-work/TksToKintone
2026-06-25T09:59:14 parent_pid 0
2026-06-25T09:59:14 installer_path /tmp/tmpiop4it7q/tks-to-kintone-setup.exe
2026-06-25T09:59:14 app_exe_path /tmp/tmpiop4it7q/tks-to-kintone.exe
2026-06-25T09:59:14 waiting parent process
2026-06-25T09:59:14 parent process exited
2026-06-25T09:59:14 installer exists true
2026-06-25T09:59:14 installer start
2026-06-25T09:59:14 installer args: (通常起動)
2026-06-25T09:59:14 installer exit code 1
2026-06-25T09:59:14 インストーラが異常終了したため再起動しません。
2026-06-25T09:59:14 helper started
2026-06-25T09:59:14 helper_executable_path /home/admin/codex-work/TksToKintone/app/update_helper.py
2026-06-25T09:59:14 current_working_directory /home/admin/codex-work/TksToKintone
2026-06-25T09:59:14 parent_pid 0
2026-06-25T09:59:14 installer_path /tmp/tmp3dswp9wl/tks-to-kintone-setup.exe
2026-06-25T09:59:14 app_exe_path /tmp/tmp3dswp9wl/tks-to-kintone.exe
2026-06-25T09:59:14 waiting parent process
2026-06-25T09:59:14 parent process exited
2026-06-25T09:59:14 installer exists true
2026-06-25T09:59:14 installer start
2026-06-25T09:59:14 installer args: (通常起動)
2026-06-25T09:59:14 installer exit code 0
2026-06-25T09:59:14 app restart: /tmp/tmp3dswp9wl/tks-to-kintone.exe
2026-06-25T09:59:14 helper finished
2026-06-25T09:59:14 helper started
2026-06-25T09:59:14 helper_executable_path /home/admin/codex-work/TksToKintone/app/update_helper.py
2026-06-25T09:59:14 current_working_directory /home/admin/codex-work/TksToKintone
2026-06-25T09:59:14 parent_pid 0
2026-06-25T09:59:14 installer_path /tmp/tmpuk46xho7/missing-setup.exe
2026-06-25T09:59:14 app_exe_path /tmp/tmpuk46xho7/tks-to-kintone.exe
2026-06-25T09:59:14 waiting parent process
2026-06-25T09:59:14 parent process exited
2026-06-25T09:59:14 installer exists false
2026-06-25T09:59:14 インストーラが見つかりません: /tmp/tmpuk46xho7/missing-setup.exe
2026-06-25T10:16:03 helper started
2026-06-25T10:16:03 helper_executable_path /home/admin/codex-work/TksToKintone/app/update_helper.py
2026-06-25T10:16:03 current_working_directory /home/admin/codex-work/TksToKintone
2026-06-25T10:16:03 parent_pid 0
2026-06-25T10:16:03 installer_path /tmp/tmp03885_xr/tks-to-kintone-setup.exe
2026-06-25T10:16:03 app_exe_path /tmp/tmp03885_xr/tks-to-kintone.exe
2026-06-25T10:16:03 waiting parent process
2026-06-25T10:16:03 parent process exited
2026-06-25T10:16:03 installer exists true
2026-06-25T10:16:03 installer start
2026-06-25T10:16:03 installer args: (通常起動)
2026-06-25T10:16:03 installer exit code 1
2026-06-25T10:16:03 インストーラが異常終了したため再起動しません。
2026-06-25T10:16:03 helper started
2026-06-25T10:16:03 helper_executable_path /home/admin/codex-work/TksToKintone/app/update_helper.py
2026-06-25T10:16:03 current_working_directory /home/admin/codex-work/TksToKintone
2026-06-25T10:16:03 parent_pid 0
2026-06-25T10:16:03 installer_path /tmp/tmpxcwal88y/tks-to-kintone-setup.exe
2026-06-25T10:16:03 app_exe_path /tmp/tmpxcwal88y/tks-to-kintone.exe
2026-06-25T10:16:03 waiting parent process
2026-06-25T10:16:03 parent process exited
2026-06-25T10:16:03 installer exists true
2026-06-25T10:16:03 installer start
2026-06-25T10:16:03 installer args: (通常起動)
2026-06-25T10:16:03 installer exit code 0
2026-06-25T10:16:03 app restart: /tmp/tmpxcwal88y/tks-to-kintone.exe
2026-06-25T10:16:03 helper finished
2026-06-25T10:16:03 helper started
2026-06-25T10:16:03 helper_executable_path /home/admin/codex-work/TksToKintone/app/update_helper.py
2026-06-25T10:16:03 current_working_directory /home/admin/codex-work/TksToKintone
2026-06-25T10:16:03 parent_pid 0
2026-06-25T10:16:03 installer_path /tmp/tmpzx8_9g9h/missing-setup.exe
2026-06-25T10:16:03 app_exe_path /tmp/tmpzx8_9g9h/tks-to-kintone.exe
2026-06-25T10:16:03 waiting parent process
2026-06-25T10:16:03 parent process exited
2026-06-25T10:16:03 installer exists false
2026-06-25T10:16:03 インストーラが見つかりません: /tmp/tmpzx8_9g9h/missing-setup.exe
2026-06-25T10:26:45 helper started
2026-06-25T10:26:45 helper_executable_path /home/admin/codex-work/TksToKintone/app/update_helper.py
2026-06-25T10:26:45 current_working_directory /home/admin/codex-work/TksToKintone
2026-06-25T10:26:45 parent_pid 0
2026-06-25T10:26:45 installer_path /tmp/tmprar32odg/tks-to-kintone-setup.exe
2026-06-25T10:26:45 app_exe_path /tmp/tmprar32odg/tks-to-kintone.exe
2026-06-25T10:26:45 waiting parent process
2026-06-25T10:26:45 parent process exited
2026-06-25T10:26:45 installer exists true
2026-06-25T10:26:45 installer start
2026-06-25T10:26:45 installer args: (通常起動)
2026-06-25T10:26:45 installer exit code 1
2026-06-25T10:26:45 インストーラが異常終了したため再起動しません。
2026-06-25T10:26:45 helper started
2026-06-25T10:26:45 helper_executable_path /home/admin/codex-work/TksToKintone/app/update_helper.py
2026-06-25T10:26:45 current_working_directory /home/admin/codex-work/TksToKintone
2026-06-25T10:26:45 parent_pid 0
2026-06-25T10:26:45 installer_path /tmp/tmpwuy9gk8h/tks-to-kintone-setup.exe
2026-06-25T10:26:45 app_exe_path /tmp/tmpwuy9gk8h/tks-to-kintone.exe
2026-06-25T10:26:45 waiting parent process
2026-06-25T10:26:45 parent process exited
2026-06-25T10:26:45 installer exists true
2026-06-25T10:26:45 installer start
2026-06-25T10:26:45 installer args: (通常起動)
2026-06-25T10:26:45 installer exit code 0
2026-06-25T10:26:45 app restart: /tmp/tmpwuy9gk8h/tks-to-kintone.exe
2026-06-25T10:26:45 helper finished
2026-06-25T10:26:45 helper started
2026-06-25T10:26:45 helper_executable_path /home/admin/codex-work/TksToKintone/app/update_helper.py
2026-06-25T10:26:45 current_working_directory /home/admin/codex-work/TksToKintone
2026-06-25T10:26:45 parent_pid 0
2026-06-25T10:26:45 installer_path /tmp/tmpbibxftpe/missing-setup.exe
2026-06-25T10:26:45 app_exe_path /tmp/tmpbibxftpe/tks-to-kintone.exe
2026-06-25T10:26:45 waiting parent process
2026-06-25T10:26:45 parent process exited
2026-06-25T10:26:45 installer exists false
2026-06-25T10:26:45 インストーラが見つかりません: /tmp/tmpbibxftpe/missing-setup.exe
2026-06-25T10:27:48 helper started
2026-06-25T10:27:48 helper_executable_path /home/admin/codex-work/TksToKintone/app/update_helper.py
2026-06-25T10:27:48 current_working_directory /home/admin/codex-work/TksToKintone
2026-06-25T10:27:48 parent_pid 0
2026-06-25T10:27:48 installer_path /tmp/tmp4fucxjtm/tks-to-kintone-setup.exe
2026-06-25T10:27:48 app_exe_path /tmp/tmp4fucxjtm/tks-to-kintone.exe
2026-06-25T10:27:48 waiting parent process
2026-06-25T10:27:48 parent process exited
2026-06-25T10:27:48 installer exists true
2026-06-25T10:27:48 installer start
2026-06-25T10:27:48 installer args: (通常起動)
2026-06-25T10:27:48 installer exit code 1
2026-06-25T10:27:48 インストーラが異常終了したため再起動しません。
2026-06-25T10:27:48 helper started
2026-06-25T10:27:48 helper_executable_path /home/admin/codex-work/TksToKintone/app/update_helper.py
2026-06-25T10:27:48 current_working_directory /home/admin/codex-work/TksToKintone
2026-06-25T10:27:48 parent_pid 0
2026-06-25T10:27:48 installer_path /tmp/tmpgh3_si1_/tks-to-kintone-setup.exe
2026-06-25T10:27:48 app_exe_path /tmp/tmpgh3_si1_/tks-to-kintone.exe
2026-06-25T10:27:48 waiting parent process
2026-06-25T10:27:48 parent process exited
2026-06-25T10:27:48 installer exists true
2026-06-25T10:27:48 installer start
2026-06-25T10:27:48 installer args: (通常起動)
2026-06-25T10:27:48 installer exit code 0
2026-06-25T10:27:48 app restart: /tmp/tmpgh3_si1_/tks-to-kintone.exe
2026-06-25T10:27:48 helper finished
2026-06-25T10:27:48 helper started
2026-06-25T10:27:48 helper_executable_path /home/admin/codex-work/TksToKintone/app/update_helper.py
2026-06-25T10:27:48 current_working_directory /home/admin/codex-work/TksToKintone
2026-06-25T10:27:48 parent_pid 0
2026-06-25T10:27:48 installer_path /tmp/tmpotmugfjl/missing-setup.exe
2026-06-25T10:27:48 app_exe_path /tmp/tmpotmugfjl/tks-to-kintone.exe
2026-06-25T10:27:48 waiting parent process
2026-06-25T10:27:48 parent process exited
2026-06-25T10:27:48 installer exists false
2026-06-25T10:27:48 インストーラが見つかりません: /tmp/tmpotmugfjl/missing-setup.exe
2026-06-25T10:36:33 helper started
2026-06-25T10:36:33 helper_executable_path /home/admin/codex-work/TksToKintone/app/update_helper.py
2026-06-25T10:36:33 current_working_directory /home/admin/codex-work/TksToKintone
2026-06-25T10:36:33 parent_pid 0
2026-06-25T10:36:33 installer_path /tmp/tmpxnzfqwr5/tks-to-kintone-setup.exe
2026-06-25T10:36:33 app_exe_path /tmp/tmpxnzfqwr5/tks-to-kintone.exe
2026-06-25T10:36:33 waiting parent process
2026-06-25T10:36:33 parent process exited
2026-06-25T10:36:33 installer exists true
2026-06-25T10:36:33 installer start
2026-06-25T10:36:33 installer args: (通常起動)
2026-06-25T10:36:33 installer exit code 1
2026-06-25T10:36:33 インストーラが異常終了したため再起動しません。
2026-06-25T10:36:33 helper started
2026-06-25T10:36:33 helper_executable_path /home/admin/codex-work/TksToKintone/app/update_helper.py
2026-06-25T10:36:33 current_working_directory /home/admin/codex-work/TksToKintone
2026-06-25T10:36:33 parent_pid 0
2026-06-25T10:36:33 installer_path /tmp/tmp253ubc0x/tks-to-kintone-setup.exe
2026-06-25T10:36:33 app_exe_path /tmp/tmp253ubc0x/tks-to-kintone.exe
2026-06-25T10:36:33 waiting parent process
2026-06-25T10:36:33 parent process exited
2026-06-25T10:36:33 installer exists true
2026-06-25T10:36:33 installer start
2026-06-25T10:36:33 installer args: (通常起動)
2026-06-25T10:36:33 installer exit code 0
2026-06-25T10:36:33 app restart: /tmp/tmp253ubc0x/tks-to-kintone.exe
2026-06-25T10:36:33 helper finished
2026-06-25T10:36:33 helper started
2026-06-25T10:36:33 helper_executable_path /home/admin/codex-work/TksToKintone/app/update_helper.py
2026-06-25T10:36:33 current_working_directory /home/admin/codex-work/TksToKintone
2026-06-25T10:36:33 parent_pid 0
2026-06-25T10:36:33 installer_path /tmp/tmpo2ft6u05/missing-setup.exe
2026-06-25T10:36:33 app_exe_path /tmp/tmpo2ft6u05/tks-to-kintone.exe
2026-06-25T10:36:33 waiting parent process
2026-06-25T10:36:33 parent process exited
2026-06-25T10:36:33 installer exists false
2026-06-25T10:36:33 インストーラが見つかりません: /tmp/tmpo2ft6u05/missing-setup.exe
2026-06-25T13:57:24 helper started
2026-06-25T13:57:24 helper_executable_path /home/admin/codex-work/TksToKintone/app/update_helper.py
2026-06-25T13:57:24 current_working_directory /home/admin/codex-work/TksToKintone
2026-06-25T13:57:24 parent_pid 0
2026-06-25T13:57:24 installer_path /tmp/tmp2omhy7zv/tks-to-kintone-setup.exe
2026-06-25T13:57:24 app_exe_path /tmp/tmp2omhy7zv/tks-to-kintone.exe
2026-06-25T13:57:24 waiting parent process
2026-06-25T13:57:24 parent process exited
2026-06-25T13:57:24 installer exists true
2026-06-25T13:57:24 installer start
2026-06-25T13:57:24 installer args: (通常起動)
2026-06-25T13:57:24 installer exit code 1
2026-06-25T13:57:24 インストーラが異常終了したため再起動しません。
2026-06-25T13:57:24 helper started
2026-06-25T13:57:24 helper_executable_path /home/admin/codex-work/TksToKintone/app/update_helper.py
2026-06-25T13:57:24 current_working_directory /home/admin/codex-work/TksToKintone
2026-06-25T13:57:24 parent_pid 0
2026-06-25T13:57:24 installer_path /tmp/tmpbxdky774/tks-to-kintone-setup.exe
2026-06-25T13:57:24 app_exe_path /tmp/tmpbxdky774/tks-to-kintone.exe
2026-06-25T13:57:24 waiting parent process
2026-06-25T13:57:24 parent process exited
2026-06-25T13:57:24 installer exists true
2026-06-25T13:57:24 installer start
2026-06-25T13:57:24 installer args: (通常起動)
2026-06-25T13:57:24 installer exit code 0
2026-06-25T13:57:24 app restart: /tmp/tmpbxdky774/tks-to-kintone.exe
2026-06-25T13:57:24 helper finished
2026-06-25T13:57:24 helper started
2026-06-25T13:57:24 helper_executable_path /home/admin/codex-work/TksToKintone/app/update_helper.py
2026-06-25T13:57:24 current_working_directory /home/admin/codex-work/TksToKintone
2026-06-25T13:57:24 parent_pid 0
2026-06-25T13:57:24 installer_path /tmp/tmpyhmdyf6t/missing-setup.exe
2026-06-25T13:57:24 app_exe_path /tmp/tmpyhmdyf6t/tks-to-kintone.exe
2026-06-25T13:57:24 waiting parent process
2026-06-25T13:57:24 parent process exited
2026-06-25T13:57:24 installer exists false
2026-06-25T13:57:24 インストーラが見つかりません: /tmp/tmpyhmdyf6t/missing-setup.exe
2026-06-25T14:17:14 helper started
2026-06-25T14:17:14 helper_executable_path /home/admin/codex-work/TksToKintone/app/update_helper.py
2026-06-25T14:17:14 current_working_directory /home/admin/codex-work/TksToKintone
2026-06-25T14:17:14 parent_pid 0
2026-06-25T14:17:14 installer_path /tmp/tmpld5upxtl/tks-to-kintone-setup.exe
2026-06-25T14:17:14 app_exe_path /tmp/tmpld5upxtl/tks-to-kintone.exe
2026-06-25T14:17:14 waiting parent process
2026-06-25T14:17:14 parent process exited
2026-06-25T14:17:14 installer exists true
2026-06-25T14:17:14 installer start
2026-06-25T14:17:14 installer args: (通常起動)
2026-06-25T14:17:14 installer exit code 1
2026-06-25T14:17:14 インストーラが異常終了したため再起動しません。
2026-06-25T14:17:14 helper started
2026-06-25T14:17:14 helper_executable_path /home/admin/codex-work/TksToKintone/app/update_helper.py
2026-06-25T14:17:14 current_working_directory /home/admin/codex-work/TksToKintone
2026-06-25T14:17:14 parent_pid 0
2026-06-25T14:17:14 installer_path /tmp/tmpzfo1c8nf/tks-to-kintone-setup.exe
2026-06-25T14:17:14 app_exe_path /tmp/tmpzfo1c8nf/tks-to-kintone.exe
2026-06-25T14:17:14 waiting parent process
2026-06-25T14:17:14 parent process exited
2026-06-25T14:17:14 installer exists true
2026-06-25T14:17:14 installer start
2026-06-25T14:17:14 installer args: (通常起動)
2026-06-25T14:17:14 installer exit code 0
2026-06-25T14:17:14 app restart: /tmp/tmpzfo1c8nf/tks-to-kintone.exe
2026-06-25T14:17:14 helper finished
2026-06-25T14:17:14 helper started
2026-06-25T14:17:14 helper_executable_path /home/admin/codex-work/TksToKintone/app/update_helper.py
2026-06-25T14:17:14 current_working_directory /home/admin/codex-work/TksToKintone
2026-06-25T14:17:14 parent_pid 0
2026-06-25T14:17:14 installer_path /tmp/tmpvloxkdom/missing-setup.exe
2026-06-25T14:17:14 app_exe_path /tmp/tmpvloxkdom/tks-to-kintone.exe
2026-06-25T14:17:14 waiting parent process
2026-06-25T14:17:14 parent process exited
2026-06-25T14:17:14 installer exists false
2026-06-25T14:17:14 インストーラが見つかりません: /tmp/tmpvloxkdom/missing-setup.exe
2026-06-25T15:00:04 helper started
2026-06-25T15:00:04 helper_executable_path /home/admin/codex-work/TksToKintone/app/update_helper.py
2026-06-25T15:00:04 current_working_directory /home/admin/codex-work/TksToKintone
2026-06-25T15:00:04 parent_pid 0
2026-06-25T15:00:04 installer_path /tmp/tmpztfofezp/tks-to-kintone-setup.exe
2026-06-25T15:00:04 app_exe_path /tmp/tmpztfofezp/tks-to-kintone.exe
2026-06-25T15:00:04 waiting parent process
2026-06-25T15:00:04 parent process exited
2026-06-25T15:00:04 installer exists true
2026-06-25T15:00:04 installer start
2026-06-25T15:00:04 installer args: (通常起動)
2026-06-25T15:00:04 installer exit code 1
2026-06-25T15:00:04 インストーラが異常終了したため再起動しません。
2026-06-25T15:00:04 helper started
2026-06-25T15:00:04 helper_executable_path /home/admin/codex-work/TksToKintone/app/update_helper.py
2026-06-25T15:00:04 current_working_directory /home/admin/codex-work/TksToKintone
2026-06-25T15:00:04 parent_pid 0
2026-06-25T15:00:04 installer_path /tmp/tmpr99fnfyk/tks-to-kintone-setup.exe
2026-06-25T15:00:04 app_exe_path /tmp/tmpr99fnfyk/tks-to-kintone.exe
2026-06-25T15:00:04 waiting parent process
2026-06-25T15:00:04 parent process exited
2026-06-25T15:00:04 installer exists true
2026-06-25T15:00:04 installer start
2026-06-25T15:00:04 installer args: (通常起動)
2026-06-25T15:00:04 installer exit code 0
2026-06-25T15:00:04 app restart: /tmp/tmpr99fnfyk/tks-to-kintone.exe
2026-06-25T15:00:04 helper finished
2026-06-25T15:00:04 helper started
2026-06-25T15:00:04 helper_executable_path /home/admin/codex-work/TksToKintone/app/update_helper.py
2026-06-25T15:00:04 current_working_directory /home/admin/codex-work/TksToKintone
2026-06-25T15:00:04 parent_pid 0
2026-06-25T15:00:04 installer_path /tmp/tmp77768zok/missing-setup.exe
2026-06-25T15:00:04 app_exe_path /tmp/tmp77768zok/tks-to-kintone.exe
2026-06-25T15:00:04 waiting parent process
2026-06-25T15:00:04 parent process exited
2026-06-25T15:00:04 installer exists false
2026-06-25T15:00:04 インストーラが見つかりません: /tmp/tmp77768zok/missing-setup.exe
2026-06-25T15:40:06 helper started
2026-06-25T15:40:06 helper_executable_path /home/admin/codex-work/TksToKintone/app/update_helper.py
2026-06-25T15:40:06 current_working_directory /home/admin/codex-work/TksToKintone
2026-06-25T15:40:06 parent_pid 0
2026-06-25T15:40:06 installer_path /tmp/tmpy8s02ltj/tks-to-kintone-setup.exe
2026-06-25T15:40:06 app_exe_path /tmp/tmpy8s02ltj/tks-to-kintone.exe
2026-06-25T15:40:06 waiting parent process
2026-06-25T15:40:06 parent process exited
2026-06-25T15:40:06 installer exists true
2026-06-25T15:40:06 installer start
2026-06-25T15:40:06 installer args: (通常起動)
2026-06-25T15:40:06 installer exit code 1
2026-06-25T15:40:06 インストーラが異常終了したため再起動しません。
2026-06-25T15:40:06 helper started
2026-06-25T15:40:06 helper_executable_path /home/admin/codex-work/TksToKintone/app/update_helper.py
2026-06-25T15:40:06 current_working_directory /home/admin/codex-work/TksToKintone
2026-06-25T15:40:06 parent_pid 0
2026-06-25T15:40:06 installer_path /tmp/tmpsxgnybkn/tks-to-kintone-setup.exe
2026-06-25T15:40:06 app_exe_path /tmp/tmpsxgnybkn/tks-to-kintone.exe
2026-06-25T15:40:06 waiting parent process
2026-06-25T15:40:06 parent process exited
2026-06-25T15:40:06 installer exists true
2026-06-25T15:40:06 installer start
2026-06-25T15:40:06 installer args: (通常起動)
2026-06-25T15:40:06 installer exit code 0
2026-06-25T15:40:06 app restart: /tmp/tmpsxgnybkn/tks-to-kintone.exe
2026-06-25T15:40:06 helper finished
2026-06-25T15:40:06 helper started
2026-06-25T15:40:06 helper_executable_path /home/admin/codex-work/TksToKintone/app/update_helper.py
2026-06-25T15:40:06 current_working_directory /home/admin/codex-work/TksToKintone
2026-06-25T15:40:06 parent_pid 0
2026-06-25T15:40:06 installer_path /tmp/tmped1sjczt/missing-setup.exe
2026-06-25T15:40:06 app_exe_path /tmp/tmped1sjczt/tks-to-kintone.exe
2026-06-25T15:40:06 waiting parent process
2026-06-25T15:40:06 parent process exited
2026-06-25T15:40:06 installer exists false
2026-06-25T15:40:06 インストーラが見つかりません: /tmp/tmped1sjczt/missing-setup.exe
2026-06-25T15:40:54 helper started
2026-06-25T15:40:54 helper_executable_path /home/admin/codex-work/TksToKintone/app/update_helper.py
2026-06-25T15:40:54 current_working_directory /home/admin/codex-work/TksToKintone
2026-06-25T15:40:54 parent_pid 0
2026-06-25T15:40:54 installer_path /tmp/tmp21n8oj21/tks-to-kintone-setup.exe
2026-06-25T15:40:54 app_exe_path /tmp/tmp21n8oj21/tks-to-kintone.exe
2026-06-25T15:40:54 waiting parent process
2026-06-25T15:40:54 parent process exited
2026-06-25T15:40:54 installer exists true
2026-06-25T15:40:54 installer start
2026-06-25T15:40:54 installer args: (通常起動)
2026-06-25T15:40:54 installer exit code 1
2026-06-25T15:40:54 インストーラが異常終了したため再起動しません。
2026-06-25T15:40:54 helper started
2026-06-25T15:40:54 helper_executable_path /home/admin/codex-work/TksToKintone/app/update_helper.py
2026-06-25T15:40:54 current_working_directory /home/admin/codex-work/TksToKintone
2026-06-25T15:40:54 parent_pid 0
2026-06-25T15:40:54 installer_path /tmp/tmpk6peulei/tks-to-kintone-setup.exe
2026-06-25T15:40:54 app_exe_path /tmp/tmpk6peulei/tks-to-kintone.exe
2026-06-25T15:40:54 waiting parent process
2026-06-25T15:40:54 parent process exited
2026-06-25T15:40:54 installer exists true
2026-06-25T15:40:54 installer start
2026-06-25T15:40:54 installer args: (通常起動)
2026-06-25T15:40:54 installer exit code 0
2026-06-25T15:40:54 app restart: /tmp/tmpk6peulei/tks-to-kintone.exe
2026-06-25T15:40:54 helper finished
2026-06-25T15:40:54 helper started
2026-06-25T15:40:54 helper_executable_path /home/admin/codex-work/TksToKintone/app/update_helper.py
2026-06-25T15:40:54 current_working_directory /home/admin/codex-work/TksToKintone
2026-06-25T15:40:54 parent_pid 0
2026-06-25T15:40:54 installer_path /tmp/tmpu19k2buk/missing-setup.exe
2026-06-25T15:40:54 app_exe_path /tmp/tmpu19k2buk/tks-to-kintone.exe
2026-06-25T15:40:54 waiting parent process
2026-06-25T15:40:54 parent process exited
2026-06-25T15:40:54 installer exists false
2026-06-25T15:40:54 インストーラが見つかりません: /tmp/tmpu19k2buk/missing-setup.exe
2026-06-25T15:47:55 helper started
2026-06-25T15:47:55 helper_executable_path /home/admin/codex-work/TksToKintone/app/update_helper.py
2026-06-25T15:47:55 current_working_directory /home/admin/codex-work/TksToKintone
2026-06-25T15:47:55 parent_pid 0
2026-06-25T15:47:55 installer_path /tmp/tmphiosin3w/tks-to-kintone-setup.exe
2026-06-25T15:47:55 app_exe_path /tmp/tmphiosin3w/tks-to-kintone.exe
2026-06-25T15:47:55 waiting parent process
2026-06-25T15:47:55 parent process exited
2026-06-25T15:47:55 installer exists true
2026-06-25T15:47:55 installer start
2026-06-25T15:47:55 installer args: (通常起動)
2026-06-25T15:47:55 installer exit code 1
2026-06-25T15:47:55 インストーラが異常終了したため再起動しません。
2026-06-25T15:47:55 helper started
2026-06-25T15:47:55 helper_executable_path /home/admin/codex-work/TksToKintone/app/update_helper.py
2026-06-25T15:47:55 current_working_directory /home/admin/codex-work/TksToKintone
2026-06-25T15:47:55 parent_pid 0
2026-06-25T15:47:55 installer_path /tmp/tmp310z5zb4/tks-to-kintone-setup.exe
2026-06-25T15:47:55 app_exe_path /tmp/tmp310z5zb4/tks-to-kintone.exe
2026-06-25T15:47:55 waiting parent process
2026-06-25T15:47:55 parent process exited
2026-06-25T15:47:55 installer exists true
2026-06-25T15:47:55 installer start
2026-06-25T15:47:55 installer args: (通常起動)
2026-06-25T15:47:55 installer exit code 0
2026-06-25T15:47:55 app restart: /tmp/tmp310z5zb4/tks-to-kintone.exe
2026-06-25T15:47:55 helper finished
2026-06-25T15:47:55 helper started
2026-06-25T15:47:55 helper_executable_path /home/admin/codex-work/TksToKintone/app/update_helper.py
2026-06-25T15:47:55 current_working_directory /home/admin/codex-work/TksToKintone
2026-06-25T15:47:55 parent_pid 0
2026-06-25T15:47:55 installer_path /tmp/tmpt1kiw_ai/missing-setup.exe
2026-06-25T15:47:55 app_exe_path /tmp/tmpt1kiw_ai/tks-to-kintone.exe
2026-06-25T15:47:55 waiting parent process
2026-06-25T15:47:55 parent process exited
2026-06-25T15:47:55 installer exists false
2026-06-25T15:47:55 インストーラが見つかりません: /tmp/tmpt1kiw_ai/missing-setup.exe
2026-06-25T16:05:46 helper started
2026-06-25T16:05:46 helper_executable_path /home/admin/codex-work/TksToKintone/app/update_helper.py
2026-06-25T16:05:46 current_working_directory /home/admin/codex-work/TksToKintone
2026-06-25T16:05:46 parent_pid 0
2026-06-25T16:05:46 installer_path /tmp/tmpgs6j__9j/tks-to-kintone-setup.exe
2026-06-25T16:05:46 app_exe_path /tmp/tmpgs6j__9j/tks-to-kintone.exe
2026-06-25T16:05:46 waiting parent process
2026-06-25T16:05:46 parent process exited
2026-06-25T16:05:46 installer exists true
2026-06-25T16:05:46 installer start
2026-06-25T16:05:46 installer args: (通常起動)
2026-06-25T16:05:46 installer exit code 1
2026-06-25T16:05:46 インストーラが異常終了したため再起動しません。
2026-06-25T16:05:46 helper started
2026-06-25T16:05:46 helper_executable_path /home/admin/codex-work/TksToKintone/app/update_helper.py
2026-06-25T16:05:46 current_working_directory /home/admin/codex-work/TksToKintone
2026-06-25T16:05:46 parent_pid 0
2026-06-25T16:05:46 installer_path /tmp/tmpdm1hnax6/tks-to-kintone-setup.exe
2026-06-25T16:05:46 app_exe_path /tmp/tmpdm1hnax6/tks-to-kintone.exe
2026-06-25T16:05:46 waiting parent process
2026-06-25T16:05:46 parent process exited
2026-06-25T16:05:46 installer exists true
2026-06-25T16:05:46 installer start
2026-06-25T16:05:46 installer args: (通常起動)
2026-06-25T16:05:46 installer exit code 0
2026-06-25T16:05:46 app restart: /tmp/tmpdm1hnax6/tks-to-kintone.exe
2026-06-25T16:05:46 helper finished
2026-06-25T16:05:46 helper started
2026-06-25T16:05:46 helper_executable_path /home/admin/codex-work/TksToKintone/app/update_helper.py
2026-06-25T16:05:46 current_working_directory /home/admin/codex-work/TksToKintone
2026-06-25T16:05:46 parent_pid 0
2026-06-25T16:05:46 installer_path /tmp/tmpl1z_3v63/missing-setup.exe
2026-06-25T16:05:46 app_exe_path /tmp/tmpl1z_3v63/tks-to-kintone.exe
2026-06-25T16:05:46 waiting parent process
2026-06-25T16:05:46 parent process exited
2026-06-25T16:05:46 installer exists false
2026-06-25T16:05:46 インストーラが見つかりません: /tmp/tmpl1z_3v63/missing-setup.exe
2026-06-25T16:06:41 helper started
2026-06-25T16:06:41 helper_executable_path /home/admin/codex-work/TksToKintone/app/update_helper.py
2026-06-25T16:06:41 current_working_directory /home/admin/codex-work/TksToKintone
2026-06-25T16:06:41 parent_pid 0
2026-06-25T16:06:41 installer_path /tmp/tmpul2mnww9/tks-to-kintone-setup.exe
2026-06-25T16:06:41 app_exe_path /tmp/tmpul2mnww9/tks-to-kintone.exe
2026-06-25T16:06:41 waiting parent process
2026-06-25T16:06:41 parent process exited
2026-06-25T16:06:41 installer exists true
2026-06-25T16:06:41 installer start
2026-06-25T16:06:41 installer args: (通常起動)
2026-06-25T16:06:41 installer exit code 1
2026-06-25T16:06:41 インストーラが異常終了したため再起動しません。
2026-06-25T16:06:41 helper started
2026-06-25T16:06:41 helper_executable_path /home/admin/codex-work/TksToKintone/app/update_helper.py
2026-06-25T16:06:41 current_working_directory /home/admin/codex-work/TksToKintone
2026-06-25T16:06:41 parent_pid 0
2026-06-25T16:06:41 installer_path /tmp/tmpxwv7bep6/tks-to-kintone-setup.exe
2026-06-25T16:06:41 app_exe_path /tmp/tmpxwv7bep6/tks-to-kintone.exe
2026-06-25T16:06:41 waiting parent process
2026-06-25T16:06:41 parent process exited
2026-06-25T16:06:41 installer exists true
2026-06-25T16:06:41 installer start
2026-06-25T16:06:41 installer args: (通常起動)
2026-06-25T16:06:41 installer exit code 0
2026-06-25T16:06:41 app restart: /tmp/tmpxwv7bep6/tks-to-kintone.exe
2026-06-25T16:06:41 helper finished
2026-06-25T16:06:41 helper started
2026-06-25T16:06:41 helper_executable_path /home/admin/codex-work/TksToKintone/app/update_helper.py
2026-06-25T16:06:41 current_working_directory /home/admin/codex-work/TksToKintone
2026-06-25T16:06:41 parent_pid 0
2026-06-25T16:06:41 installer_path /tmp/tmpu79ipdeb/missing-setup.exe
2026-06-25T16:06:41 app_exe_path /tmp/tmpu79ipdeb/tks-to-kintone.exe
2026-06-25T16:06:41 waiting parent process
2026-06-25T16:06:41 parent process exited
2026-06-25T16:06:41 installer exists false
2026-06-25T16:06:41 インストーラが見つかりません: /tmp/tmpu79ipdeb/missing-setup.exe
2026-06-25T16:07:21 helper started
2026-06-25T16:07:21 helper_executable_path /home/admin/codex-work/TksToKintone/app/update_helper.py
2026-06-25T16:07:21 current_working_directory /home/admin/codex-work/TksToKintone
2026-06-25T16:07:21 parent_pid 0
2026-06-25T16:07:21 installer_path /tmp/tmpp8c88uva/tks-to-kintone-setup.exe
2026-06-25T16:07:21 app_exe_path /tmp/tmpp8c88uva/tks-to-kintone.exe
2026-06-25T16:07:21 waiting parent process
2026-06-25T16:07:21 parent process exited
2026-06-25T16:07:21 installer exists true
2026-06-25T16:07:21 installer start
2026-06-25T16:07:21 installer args: (通常起動)
2026-06-25T16:07:21 installer exit code 1
2026-06-25T16:07:21 インストーラが異常終了したため再起動しません。
2026-06-25T16:07:21 helper started
2026-06-25T16:07:21 helper_executable_path /home/admin/codex-work/TksToKintone/app/update_helper.py
2026-06-25T16:07:21 current_working_directory /home/admin/codex-work/TksToKintone
2026-06-25T16:07:21 parent_pid 0
2026-06-25T16:07:21 installer_path /tmp/tmp78ere9pe/tks-to-kintone-setup.exe
2026-06-25T16:07:21 app_exe_path /tmp/tmp78ere9pe/tks-to-kintone.exe
2026-06-25T16:07:21 waiting parent process
2026-06-25T16:07:21 parent process exited
2026-06-25T16:07:21 installer exists true
2026-06-25T16:07:21 installer start
2026-06-25T16:07:21 installer args: (通常起動)
2026-06-25T16:07:21 installer exit code 0
2026-06-25T16:07:21 app restart: /tmp/tmp78ere9pe/tks-to-kintone.exe
2026-06-25T16:07:21 helper finished
2026-06-25T16:07:21 helper started
2026-06-25T16:07:21 helper_executable_path /home/admin/codex-work/TksToKintone/app/update_helper.py
2026-06-25T16:07:21 current_working_directory /home/admin/codex-work/TksToKintone
2026-06-25T16:07:21 parent_pid 0
2026-06-25T16:07:21 installer_path /tmp/tmpq3ljn9fi/missing-setup.exe
2026-06-25T16:07:21 app_exe_path /tmp/tmpq3ljn9fi/tks-to-kintone.exe
2026-06-25T16:07:21 waiting parent process
2026-06-25T16:07:21 parent process exited
2026-06-25T16:07:21 installer exists false
2026-06-25T16:07:21 インストーラが見つかりません: /tmp/tmpq3ljn9fi/missing-setup.exe
2026-06-26T10:33:14 helper started
2026-06-26T10:33:14 helper_executable_path /home/admin/codex-work/TksToKintone/app/update_helper.py
2026-06-26T10:33:14 current_working_directory /home/admin/codex-work/TksToKintone
2026-06-26T10:33:14 parent_pid 0
2026-06-26T10:33:14 installer_path /tmp/tmpyjxp9kpk/tks-to-kintone-setup.exe
2026-06-26T10:33:14 app_exe_path /tmp/tmpyjxp9kpk/tks-to-kintone.exe
2026-06-26T10:33:14 waiting parent process
2026-06-26T10:33:14 parent process exited
2026-06-26T10:33:14 installer exists true
2026-06-26T10:33:14 installer start
2026-06-26T10:33:14 installer args: (通常起動)
2026-06-26T10:33:14 installer exit code 1
2026-06-26T10:33:14 インストーラが異常終了したため再起動しません。
2026-06-26T10:33:14 helper started
2026-06-26T10:33:14 helper_executable_path /home/admin/codex-work/TksToKintone/app/update_helper.py
2026-06-26T10:33:14 current_working_directory /home/admin/codex-work/TksToKintone
2026-06-26T10:33:14 parent_pid 0
2026-06-26T10:33:14 installer_path /tmp/tmp9szw321r/tks-to-kintone-setup.exe
2026-06-26T10:33:14 app_exe_path /tmp/tmp9szw321r/tks-to-kintone.exe
2026-06-26T10:33:14 waiting parent process
2026-06-26T10:33:14 parent process exited
2026-06-26T10:33:14 installer exists true
2026-06-26T10:33:14 installer start
2026-06-26T10:33:14 installer args: (通常起動)
2026-06-26T10:33:14 installer exit code 0
2026-06-26T10:33:14 app restart: /tmp/tmp9szw321r/tks-to-kintone.exe
2026-06-26T10:33:14 helper finished
2026-06-26T10:33:14 helper started
2026-06-26T10:33:14 helper_executable_path /home/admin/codex-work/TksToKintone/app/update_helper.py
2026-06-26T10:33:14 current_working_directory /home/admin/codex-work/TksToKintone
2026-06-26T10:33:14 parent_pid 0
2026-06-26T10:33:14 installer_path /tmp/tmpfpwza72g/missing-setup.exe
2026-06-26T10:33:14 app_exe_path /tmp/tmpfpwza72g/tks-to-kintone.exe
2026-06-26T10:33:14 waiting parent process
2026-06-26T10:33:14 parent process exited
2026-06-26T10:33:14 installer exists false
2026-06-26T10:33:14 インストーラが見つかりません: /tmp/tmpfpwza72g/missing-setup.exe
2026-06-26T10:43:46 helper started
2026-06-26T10:43:46 helper_executable_path /home/admin/codex-work/TksToKintone/app/update_helper.py
2026-06-26T10:43:46 current_working_directory /home/admin/codex-work/TksToKintone
2026-06-26T10:43:46 parent_pid 0
2026-06-26T10:43:46 installer_path /tmp/tmpga10l95j/tks-to-kintone-setup.exe
2026-06-26T10:43:46 app_exe_path /tmp/tmpga10l95j/tks-to-kintone.exe
2026-06-26T10:43:46 waiting parent process
2026-06-26T10:43:46 parent process exited
2026-06-26T10:43:46 installer exists true
2026-06-26T10:43:46 installer start
2026-06-26T10:43:46 installer args: (通常起動)
2026-06-26T10:43:46 installer exit code 1
2026-06-26T10:43:46 インストーラが異常終了したため再起動しません。
2026-06-26T10:43:46 helper started
2026-06-26T10:43:46 helper_executable_path /home/admin/codex-work/TksToKintone/app/update_helper.py
2026-06-26T10:43:46 current_working_directory /home/admin/codex-work/TksToKintone
2026-06-26T10:43:46 parent_pid 0
2026-06-26T10:43:46 installer_path /tmp/tmpx859cxq1/tks-to-kintone-setup.exe
2026-06-26T10:43:46 app_exe_path /tmp/tmpx859cxq1/tks-to-kintone.exe
2026-06-26T10:43:46 waiting parent process
2026-06-26T10:43:46 parent process exited
2026-06-26T10:43:46 installer exists true
2026-06-26T10:43:46 installer start
2026-06-26T10:43:46 installer args: (通常起動)
2026-06-26T10:43:46 installer exit code 0
2026-06-26T10:43:46 app restart: /tmp/tmpx859cxq1/tks-to-kintone.exe
2026-06-26T10:43:46 helper finished
2026-06-26T10:43:46 helper started
2026-06-26T10:43:46 helper_executable_path /home/admin/codex-work/TksToKintone/app/update_helper.py
2026-06-26T10:43:46 current_working_directory /home/admin/codex-work/TksToKintone
2026-06-26T10:43:46 parent_pid 0
2026-06-26T10:43:46 installer_path /tmp/tmpvtbp_eps/missing-setup.exe
2026-06-26T10:43:46 app_exe_path /tmp/tmpvtbp_eps/tks-to-kintone.exe
2026-06-26T10:43:46 waiting parent process
2026-06-26T10:43:46 parent process exited
2026-06-26T10:43:46 installer exists false
2026-06-26T10:43:46 インストーラが見つかりません: /tmp/tmpvtbp_eps/missing-setup.exe
2026-06-26T12:25:53 helper started
2026-06-26T12:25:53 helper_executable_path /home/admin/codex-work/TksToKintone/app/update_helper.py
2026-06-26T12:25:53 current_working_directory /home/admin/codex-work/TksToKintone
2026-06-26T12:25:53 parent_pid 0
2026-06-26T12:25:53 installer_path /tmp/tmp2ziogrb8/tks-to-kintone-setup.exe
2026-06-26T12:25:53 app_exe_path /tmp/tmp2ziogrb8/tks-to-kintone.exe
2026-06-26T12:25:53 waiting parent process
2026-06-26T12:25:53 parent process exited
2026-06-26T12:25:53 installer exists true
2026-06-26T12:25:53 installer start
2026-06-26T12:25:53 installer args: (通常起動)
2026-06-26T12:25:53 installer exit code 1
2026-06-26T12:25:53 インストーラが異常終了したため再起動しません。
2026-06-26T12:25:53 helper started
2026-06-26T12:25:53 helper_executable_path /home/admin/codex-work/TksToKintone/app/update_helper.py
2026-06-26T12:25:53 current_working_directory /home/admin/codex-work/TksToKintone
2026-06-26T12:25:53 parent_pid 0
2026-06-26T12:25:53 installer_path /tmp/tmp9pzlnqqy/tks-to-kintone-setup.exe
2026-06-26T12:25:53 app_exe_path /tmp/tmp9pzlnqqy/tks-to-kintone.exe
2026-06-26T12:25:53 waiting parent process
2026-06-26T12:25:53 parent process exited
2026-06-26T12:25:53 installer exists true
2026-06-26T12:25:53 installer start
2026-06-26T12:25:53 installer args: (通常起動)
2026-06-26T12:25:53 installer exit code 0
2026-06-26T12:25:53 app restart: /tmp/tmp9pzlnqqy/tks-to-kintone.exe
2026-06-26T12:25:53 helper finished
2026-06-26T12:25:53 helper started
2026-06-26T12:25:53 helper_executable_path /home/admin/codex-work/TksToKintone/app/update_helper.py
2026-06-26T12:25:53 current_working_directory /home/admin/codex-work/TksToKintone
2026-06-26T12:25:53 parent_pid 0
2026-06-26T12:25:53 installer_path /tmp/tmps9s9ijby/missing-setup.exe
2026-06-26T12:25:53 app_exe_path /tmp/tmps9s9ijby/tks-to-kintone.exe
2026-06-26T12:25:53 waiting parent process
2026-06-26T12:25:53 parent process exited
2026-06-26T12:25:53 installer exists false
2026-06-26T12:25:53 インストーラが見つかりません: /tmp/tmps9s9ijby/missing-setup.exe
2026-06-26T12:30:25 helper started
2026-06-26T12:30:25 helper_executable_path /home/admin/codex-work/TksToKintone/app/update_helper.py
2026-06-26T12:30:25 current_working_directory /home/admin/codex-work/TksToKintone
2026-06-26T12:30:25 parent_pid 0
2026-06-26T12:30:25 installer_path /tmp/tmp7xr715g5/tks-to-kintone-setup.exe
2026-06-26T12:30:25 app_exe_path /tmp/tmp7xr715g5/tks-to-kintone.exe
2026-06-26T12:30:25 waiting parent process
2026-06-26T12:30:25 parent process exited
2026-06-26T12:30:25 installer exists true
2026-06-26T12:30:25 installer start
2026-06-26T12:30:25 installer args: (通常起動)
2026-06-26T12:30:25 installer exit code 1
2026-06-26T12:30:25 インストーラが異常終了したため再起動しません。
2026-06-26T12:30:25 helper started
2026-06-26T12:30:25 helper_executable_path /home/admin/codex-work/TksToKintone/app/update_helper.py
2026-06-26T12:30:25 current_working_directory /home/admin/codex-work/TksToKintone
2026-06-26T12:30:25 parent_pid 0
2026-06-26T12:30:25 installer_path /tmp/tmp_co_b8_3/tks-to-kintone-setup.exe
2026-06-26T12:30:25 app_exe_path /tmp/tmp_co_b8_3/tks-to-kintone.exe
2026-06-26T12:30:25 waiting parent process
2026-06-26T12:30:25 parent process exited
2026-06-26T12:30:25 installer exists true
2026-06-26T12:30:25 installer start
2026-06-26T12:30:25 installer args: (通常起動)
2026-06-26T12:30:25 installer exit code 0
2026-06-26T12:30:25 app restart: /tmp/tmp_co_b8_3/tks-to-kintone.exe
2026-06-26T12:30:25 helper finished
2026-06-26T12:30:25 helper started
2026-06-26T12:30:25 helper_executable_path /home/admin/codex-work/TksToKintone/app/update_helper.py
2026-06-26T12:30:25 current_working_directory /home/admin/codex-work/TksToKintone
2026-06-26T12:30:25 parent_pid 0
2026-06-26T12:30:25 installer_path /tmp/tmpngun4fr_/missing-setup.exe
2026-06-26T12:30:25 app_exe_path /tmp/tmpngun4fr_/tks-to-kintone.exe
2026-06-26T12:30:25 waiting parent process
2026-06-26T12:30:25 parent process exited
2026-06-26T12:30:25 installer exists false
2026-06-26T12:30:25 インストーラが見つかりません: /tmp/tmpngun4fr_/missing-setup.exe
2026-06-26T12:59:32 helper started
2026-06-26T12:59:32 helper_executable_path /home/admin/codex-work/TksToKintone/app/update_helper.py
2026-06-26T12:59:32 current_working_directory /home/admin/codex-work/TksToKintone
2026-06-26T12:59:32 parent_pid 0
2026-06-26T12:59:32 installer_path /tmp/tmp5kkwcesa/tks-to-kintone-setup.exe
2026-06-26T12:59:32 app_exe_path /tmp/tmp5kkwcesa/tks-to-kintone.exe
2026-06-26T12:59:32 waiting parent process
2026-06-26T12:59:32 parent process exited
2026-06-26T12:59:32 installer exists true
2026-06-26T12:59:32 installer start
2026-06-26T12:59:32 installer args: (通常起動)
2026-06-26T12:59:32 installer exit code 1
2026-06-26T12:59:32 インストーラが異常終了したため再起動しません。
2026-06-26T12:59:32 helper started
2026-06-26T12:59:32 helper_executable_path /home/admin/codex-work/TksToKintone/app/update_helper.py
2026-06-26T12:59:32 current_working_directory /home/admin/codex-work/TksToKintone
2026-06-26T12:59:32 parent_pid 0
2026-06-26T12:59:32 installer_path /tmp/tmpe32mygqq/tks-to-kintone-setup.exe
2026-06-26T12:59:32 app_exe_path /tmp/tmpe32mygqq/tks-to-kintone.exe
2026-06-26T12:59:32 waiting parent process
2026-06-26T12:59:32 parent process exited
2026-06-26T12:59:32 installer exists true
2026-06-26T12:59:32 installer start
2026-06-26T12:59:32 installer args: (通常起動)
2026-06-26T12:59:32 installer exit code 0
2026-06-26T12:59:32 app restart: /tmp/tmpe32mygqq/tks-to-kintone.exe
2026-06-26T12:59:32 helper finished
2026-06-26T12:59:32 helper started
2026-06-26T12:59:32 helper_executable_path /home/admin/codex-work/TksToKintone/app/update_helper.py
2026-06-26T12:59:32 current_working_directory /home/admin/codex-work/TksToKintone
2026-06-26T12:59:32 parent_pid 0
2026-06-26T12:59:32 installer_path /tmp/tmpeysxg1qr/missing-setup.exe
2026-06-26T12:59:32 app_exe_path /tmp/tmpeysxg1qr/tks-to-kintone.exe
2026-06-26T12:59:32 waiting parent process
2026-06-26T12:59:32 parent process exited
2026-06-26T12:59:32 installer exists false
2026-06-26T12:59:32 インストーラが見つかりません: /tmp/tmpeysxg1qr/missing-setup.exe
2026-06-26T13:29:29 helper started
2026-06-26T13:29:29 helper_executable_path /home/admin/codex-work/TksToKintone/app/update_helper.py
2026-06-26T13:29:29 current_working_directory /home/admin/codex-work/TksToKintone
2026-06-26T13:29:29 parent_pid 0
2026-06-26T13:29:29 installer_path /tmp/tmp5e7enqm8/tks-to-kintone-setup.exe
2026-06-26T13:29:29 app_exe_path /tmp/tmp5e7enqm8/tks-to-kintone.exe
2026-06-26T13:29:29 waiting parent process
2026-06-26T13:29:29 parent process exited
2026-06-26T13:29:29 installer exists true
2026-06-26T13:29:29 installer start
2026-06-26T13:29:29 installer args: (通常起動)
2026-06-26T13:29:29 installer exit code 1
2026-06-26T13:29:29 インストーラが異常終了したため再起動しません。
2026-06-26T13:29:29 helper started
2026-06-26T13:29:29 helper_executable_path /home/admin/codex-work/TksToKintone/app/update_helper.py
2026-06-26T13:29:29 current_working_directory /home/admin/codex-work/TksToKintone
2026-06-26T13:29:29 parent_pid 0
2026-06-26T13:29:29 installer_path /tmp/tmpwtsmk4k6/tks-to-kintone-setup.exe
2026-06-26T13:29:29 app_exe_path /tmp/tmpwtsmk4k6/tks-to-kintone.exe
2026-06-26T13:29:29 waiting parent process
2026-06-26T13:29:29 parent process exited
2026-06-26T13:29:29 installer exists true
2026-06-26T13:29:29 installer start
2026-06-26T13:29:29 installer args: (通常起動)
2026-06-26T13:29:29 installer exit code 0
2026-06-26T13:29:29 app restart: /tmp/tmpwtsmk4k6/tks-to-kintone.exe
2026-06-26T13:29:29 helper finished
2026-06-26T13:29:29 helper started
2026-06-26T13:29:29 helper_executable_path /home/admin/codex-work/TksToKintone/app/update_helper.py
2026-06-26T13:29:29 current_working_directory /home/admin/codex-work/TksToKintone
2026-06-26T13:29:29 parent_pid 0
2026-06-26T13:29:29 installer_path /tmp/tmppsctmh47/missing-setup.exe
2026-06-26T13:29:29 app_exe_path /tmp/tmppsctmh47/tks-to-kintone.exe
2026-06-26T13:29:29 waiting parent process
2026-06-26T13:29:29 parent process exited
2026-06-26T13:29:29 installer exists false
2026-06-26T13:29:29 インストーラが見つかりません: /tmp/tmppsctmh47/missing-setup.exe
2026-06-26T14:04:25 helper started
2026-06-26T14:04:25 helper_executable_path /home/admin/codex-work/TksToKintone/app/update_helper.py
2026-06-26T14:04:25 current_working_directory /home/admin/codex-work/TksToKintone
2026-06-26T14:04:25 parent_pid 0
2026-06-26T14:04:25 installer_path /tmp/tmphm3ac9fs/tks-to-kintone-setup.exe
2026-06-26T14:04:25 app_exe_path /tmp/tmphm3ac9fs/tks-to-kintone.exe
2026-06-26T14:04:25 waiting parent process
2026-06-26T14:04:25 parent process exited
2026-06-26T14:04:25 installer exists true
2026-06-26T14:04:25 installer start
2026-06-26T14:04:25 installer args: (通常起動)
2026-06-26T14:04:25 installer exit code 1
2026-06-26T14:04:25 インストーラが異常終了したため再起動しません。
2026-06-26T14:04:25 helper started
2026-06-26T14:04:25 helper_executable_path /home/admin/codex-work/TksToKintone/app/update_helper.py
2026-06-26T14:04:25 current_working_directory /home/admin/codex-work/TksToKintone
2026-06-26T14:04:25 parent_pid 0
2026-06-26T14:04:25 installer_path /tmp/tmp930lfgd4/tks-to-kintone-setup.exe
2026-06-26T14:04:25 app_exe_path /tmp/tmp930lfgd4/tks-to-kintone.exe
2026-06-26T14:04:25 waiting parent process
2026-06-26T14:04:25 parent process exited
2026-06-26T14:04:25 installer exists true
2026-06-26T14:04:25 installer start
2026-06-26T14:04:25 installer args: (通常起動)
2026-06-26T14:04:25 installer exit code 0
2026-06-26T14:04:25 app restart: /tmp/tmp930lfgd4/tks-to-kintone.exe
2026-06-26T14:04:25 helper finished
2026-06-26T14:04:25 helper started
2026-06-26T14:04:25 helper_executable_path /home/admin/codex-work/TksToKintone/app/update_helper.py
2026-06-26T14:04:25 current_working_directory /home/admin/codex-work/TksToKintone
2026-06-26T14:04:25 parent_pid 0
2026-06-26T14:04:25 installer_path /tmp/tmp5h0o1elm/missing-setup.exe
2026-06-26T14:04:25 app_exe_path /tmp/tmp5h0o1elm/tks-to-kintone.exe
2026-06-26T14:04:25 waiting parent process
2026-06-26T14:04:25 parent process exited
2026-06-26T14:04:25 installer exists false
2026-06-26T14:04:25 インストーラが見つかりません: /tmp/tmp5h0o1elm/missing-setup.exe
2026-06-26T14:45:34 helper started
2026-06-26T14:45:34 helper_executable_path /home/admin/codex-work/TksToKintone/app/update_helper.py
2026-06-26T14:45:34 current_working_directory /home/admin/codex-work/TksToKintone
2026-06-26T14:45:34 parent_pid 0
2026-06-26T14:45:34 installer_path /tmp/tmprhy6g127/tks-to-kintone-setup.exe
2026-06-26T14:45:34 app_exe_path /tmp/tmprhy6g127/tks-to-kintone.exe
2026-06-26T14:45:34 waiting parent process
2026-06-26T14:45:34 parent process exited
2026-06-26T14:45:34 installer exists true
2026-06-26T14:45:34 installer start
2026-06-26T14:45:34 installer args: (通常起動)
2026-06-26T14:45:34 installer exit code 1
2026-06-26T14:45:34 インストーラが異常終了したため再起動しません。
2026-06-26T14:45:34 helper started
2026-06-26T14:45:34 helper_executable_path /home/admin/codex-work/TksToKintone/app/update_helper.py
2026-06-26T14:45:34 current_working_directory /home/admin/codex-work/TksToKintone
2026-06-26T14:45:34 parent_pid 0
2026-06-26T14:45:34 installer_path /tmp/tmpbollv32m/tks-to-kintone-setup.exe
2026-06-26T14:45:34 app_exe_path /tmp/tmpbollv32m/tks-to-kintone.exe
2026-06-26T14:45:34 waiting parent process
2026-06-26T14:45:34 parent process exited
2026-06-26T14:45:34 installer exists true
2026-06-26T14:45:34 installer start
2026-06-26T14:45:34 installer args: (通常起動)
2026-06-26T14:45:34 installer exit code 0
2026-06-26T14:45:34 app restart: /tmp/tmpbollv32m/tks-to-kintone.exe
2026-06-26T14:45:34 helper finished
2026-06-26T14:45:34 helper started
2026-06-26T14:45:34 helper_executable_path /home/admin/codex-work/TksToKintone/app/update_helper.py
2026-06-26T14:45:34 current_working_directory /home/admin/codex-work/TksToKintone
2026-06-26T14:45:34 parent_pid 0
2026-06-26T14:45:34 installer_path /tmp/tmpv9izvmi2/missing-setup.exe
2026-06-26T14:45:34 app_exe_path /tmp/tmpv9izvmi2/tks-to-kintone.exe
2026-06-26T14:45:34 waiting parent process
2026-06-26T14:45:34 parent process exited
2026-06-26T14:45:34 installer exists false
2026-06-26T14:45:34 インストーラが見つかりません: /tmp/tmpv9izvmi2/missing-setup.exe
2026-06-26T14:46:35 helper started
2026-06-26T14:46:35 helper_executable_path /home/admin/codex-work/TksToKintone/app/update_helper.py
2026-06-26T14:46:35 current_working_directory /home/admin/codex-work/TksToKintone
2026-06-26T14:46:35 parent_pid 0
2026-06-26T14:46:35 installer_path /tmp/tmpbogp455z/tks-to-kintone-setup.exe
2026-06-26T14:46:35 app_exe_path /tmp/tmpbogp455z/tks-to-kintone.exe
2026-06-26T14:46:35 waiting parent process
2026-06-26T14:46:35 parent process exited
2026-06-26T14:46:35 installer exists true
2026-06-26T14:46:35 installer start
2026-06-26T14:46:35 installer args: (通常起動)
2026-06-26T14:46:35 installer exit code 1
2026-06-26T14:46:35 インストーラが異常終了したため再起動しません。
2026-06-26T14:46:35 helper started
2026-06-26T14:46:35 helper_executable_path /home/admin/codex-work/TksToKintone/app/update_helper.py
2026-06-26T14:46:35 current_working_directory /home/admin/codex-work/TksToKintone
2026-06-26T14:46:35 parent_pid 0
2026-06-26T14:46:35 installer_path /tmp/tmpmk2w7wse/tks-to-kintone-setup.exe
2026-06-26T14:46:35 app_exe_path /tmp/tmpmk2w7wse/tks-to-kintone.exe
2026-06-26T14:46:35 waiting parent process
2026-06-26T14:46:35 parent process exited
2026-06-26T14:46:35 installer exists true
2026-06-26T14:46:35 installer start
2026-06-26T14:46:35 installer args: (通常起動)
2026-06-26T14:46:35 installer exit code 0
2026-06-26T14:46:35 app restart: /tmp/tmpmk2w7wse/tks-to-kintone.exe
2026-06-26T14:46:35 helper finished
2026-06-26T14:46:35 helper started
2026-06-26T14:46:35 helper_executable_path /home/admin/codex-work/TksToKintone/app/update_helper.py
2026-06-26T14:46:35 current_working_directory /home/admin/codex-work/TksToKintone
2026-06-26T14:46:35 parent_pid 0
2026-06-26T14:46:35 installer_path /tmp/tmpf6bj5klv/missing-setup.exe
2026-06-26T14:46:35 app_exe_path /tmp/tmpf6bj5klv/tks-to-kintone.exe
2026-06-26T14:46:35 waiting parent process
2026-06-26T14:46:35 parent process exited
2026-06-26T14:46:35 installer exists false
2026-06-26T14:46:35 インストーラが見つかりません: /tmp/tmpf6bj5klv/missing-setup.exe
2026-06-26T14:47:21 helper started
2026-06-26T14:47:21 helper_executable_path /home/admin/codex-work/TksToKintone/app/update_helper.py
2026-06-26T14:47:21 current_working_directory /home/admin/codex-work/TksToKintone
2026-06-26T14:47:21 parent_pid 0
2026-06-26T14:47:21 installer_path /tmp/tmps2_bx6kp/tks-to-kintone-setup.exe
2026-06-26T14:47:21 app_exe_path /tmp/tmps2_bx6kp/tks-to-kintone.exe
2026-06-26T14:47:21 waiting parent process
2026-06-26T14:47:21 parent process exited
2026-06-26T14:47:21 installer exists true
2026-06-26T14:47:21 installer start
2026-06-26T14:47:21 installer args: (通常起動)
2026-06-26T14:47:21 installer exit code 1
2026-06-26T14:47:21 インストーラが異常終了したため再起動しません。
2026-06-26T14:47:21 helper started
2026-06-26T14:47:21 helper_executable_path /home/admin/codex-work/TksToKintone/app/update_helper.py
2026-06-26T14:47:21 current_working_directory /home/admin/codex-work/TksToKintone
2026-06-26T14:47:21 parent_pid 0
2026-06-26T14:47:21 installer_path /tmp/tmp7_6vedo9/tks-to-kintone-setup.exe
2026-06-26T14:47:21 app_exe_path /tmp/tmp7_6vedo9/tks-to-kintone.exe
2026-06-26T14:47:21 waiting parent process
2026-06-26T14:47:21 parent process exited
2026-06-26T14:47:21 installer exists true
2026-06-26T14:47:21 installer start
2026-06-26T14:47:21 installer args: (通常起動)
2026-06-26T14:47:21 installer exit code 0
2026-06-26T14:47:21 app restart: /tmp/tmp7_6vedo9/tks-to-kintone.exe
2026-06-26T14:47:21 helper finished
2026-06-26T14:47:21 helper started
2026-06-26T14:47:21 helper_executable_path /home/admin/codex-work/TksToKintone/app/update_helper.py
2026-06-26T14:47:21 current_working_directory /home/admin/codex-work/TksToKintone
2026-06-26T14:47:21 parent_pid 0
2026-06-26T14:47:21 installer_path /tmp/tmpatxoxe87/missing-setup.exe
2026-06-26T14:47:21 app_exe_path /tmp/tmpatxoxe87/tks-to-kintone.exe
2026-06-26T14:47:21 waiting parent process
2026-06-26T14:47:21 parent process exited
2026-06-26T14:47:21 installer exists false
2026-06-26T14:47:21 インストーラが見つかりません: /tmp/tmpatxoxe87/missing-setup.exe
2026-06-26T14:48:13 helper started
2026-06-26T14:48:13 helper_executable_path /home/admin/codex-work/TksToKintone/app/update_helper.py
2026-06-26T14:48:13 current_working_directory /home/admin/codex-work/TksToKintone
2026-06-26T14:48:13 parent_pid 0
2026-06-26T14:48:13 installer_path /tmp/tmpedlxt0wp/tks-to-kintone-setup.exe
2026-06-26T14:48:13 app_exe_path /tmp/tmpedlxt0wp/tks-to-kintone.exe
2026-06-26T14:48:13 waiting parent process
2026-06-26T14:48:13 parent process exited
2026-06-26T14:48:13 installer exists true
2026-06-26T14:48:13 installer start
2026-06-26T14:48:13 installer args: (通常起動)
2026-06-26T14:48:13 installer exit code 1
2026-06-26T14:48:13 インストーラが異常終了したため再起動しません。
2026-06-26T14:48:13 helper started
2026-06-26T14:48:13 helper_executable_path /home/admin/codex-work/TksToKintone/app/update_helper.py
2026-06-26T14:48:13 current_working_directory /home/admin/codex-work/TksToKintone
2026-06-26T14:48:13 parent_pid 0
2026-06-26T14:48:13 installer_path /tmp/tmpu86vyo3i/tks-to-kintone-setup.exe
2026-06-26T14:48:13 app_exe_path /tmp/tmpu86vyo3i/tks-to-kintone.exe
2026-06-26T14:48:13 waiting parent process
2026-06-26T14:48:13 parent process exited
2026-06-26T14:48:13 installer exists true
2026-06-26T14:48:13 installer start
2026-06-26T14:48:13 installer args: (通常起動)
2026-06-26T14:48:13 installer exit code 0
2026-06-26T14:48:13 app restart: /tmp/tmpu86vyo3i/tks-to-kintone.exe
2026-06-26T14:48:13 helper finished
2026-06-26T14:48:13 helper started
2026-06-26T14:48:13 helper_executable_path /home/admin/codex-work/TksToKintone/app/update_helper.py
2026-06-26T14:48:13 current_working_directory /home/admin/codex-work/TksToKintone
2026-06-26T14:48:13 parent_pid 0
2026-06-26T14:48:13 installer_path /tmp/tmpxo5ol5ua/missing-setup.exe
2026-06-26T14:48:13 app_exe_path /tmp/tmpxo5ol5ua/tks-to-kintone.exe
2026-06-26T14:48:13 waiting parent process
2026-06-26T14:48:13 parent process exited
2026-06-26T14:48:13 installer exists false
2026-06-26T14:48:13 インストーラが見つかりません: /tmp/tmpxo5ol5ua/missing-setup.exe
2026-06-26T14:57:54 helper started
2026-06-26T14:57:54 helper_executable_path /home/admin/codex-work/TksToKintone/app/update_helper.py
2026-06-26T14:57:54 current_working_directory /home/admin/codex-work/TksToKintone
2026-06-26T14:57:54 parent_pid 0
2026-06-26T14:57:54 installer_path /tmp/tmp5d8n94e0/tks-to-kintone-setup.exe
2026-06-26T14:57:54 app_exe_path /tmp/tmp5d8n94e0/tks-to-kintone.exe
2026-06-26T14:57:54 waiting parent process
2026-06-26T14:57:54 parent process exited
2026-06-26T14:57:54 installer exists true
2026-06-26T14:57:54 installer start
2026-06-26T14:57:54 installer args: (通常起動)
2026-06-26T14:57:54 installer exit code 1
2026-06-26T14:57:54 インストーラが異常終了したため再起動しません。
2026-06-26T14:57:54 helper started
2026-06-26T14:57:54 helper_executable_path /home/admin/codex-work/TksToKintone/app/update_helper.py
2026-06-26T14:57:54 current_working_directory /home/admin/codex-work/TksToKintone
2026-06-26T14:57:54 parent_pid 0
2026-06-26T14:57:54 installer_path /tmp/tmp48ih_q__/tks-to-kintone-setup.exe
2026-06-26T14:57:54 app_exe_path /tmp/tmp48ih_q__/tks-to-kintone.exe
2026-06-26T14:57:54 waiting parent process
2026-06-26T14:57:54 parent process exited
2026-06-26T14:57:54 installer exists true
2026-06-26T14:57:54 installer start
2026-06-26T14:57:54 installer args: (通常起動)
2026-06-26T14:57:54 installer exit code 0
2026-06-26T14:57:54 app restart: /tmp/tmp48ih_q__/tks-to-kintone.exe
2026-06-26T14:57:54 helper finished
2026-06-26T14:57:54 helper started
2026-06-26T14:57:54 helper_executable_path /home/admin/codex-work/TksToKintone/app/update_helper.py
2026-06-26T14:57:54 current_working_directory /home/admin/codex-work/TksToKintone
2026-06-26T14:57:54 parent_pid 0
2026-06-26T14:57:54 installer_path /tmp/tmpjz49svhz/missing-setup.exe
2026-06-26T14:57:54 app_exe_path /tmp/tmpjz49svhz/tks-to-kintone.exe
2026-06-26T14:57:54 waiting parent process
2026-06-26T14:57:54 parent process exited
2026-06-26T14:57:54 installer exists false
2026-06-26T14:57:54 インストーラが見つかりません: /tmp/tmpjz49svhz/missing-setup.exe
2026-06-26T15:35:28 helper started
2026-06-26T15:35:28 helper_executable_path /home/admin/codex-work/TksToKintone/app/update_helper.py
2026-06-26T15:35:28 current_working_directory /home/admin/codex-work/TksToKintone
2026-06-26T15:35:28 parent_pid 0
2026-06-26T15:35:28 installer_path /tmp/tmpnm7s11gl/tks-to-kintone-setup.exe
2026-06-26T15:35:28 app_exe_path /tmp/tmpnm7s11gl/tks-to-kintone.exe
2026-06-26T15:35:28 waiting parent process
2026-06-26T15:35:28 parent process exited
2026-06-26T15:35:28 installer exists true
2026-06-26T15:35:28 installer start
2026-06-26T15:35:28 installer args: (通常起動)
2026-06-26T15:35:28 installer exit code 1
2026-06-26T15:35:28 インストーラが異常終了したため再起動しません。
2026-06-26T15:35:28 helper started
2026-06-26T15:35:28 helper_executable_path /home/admin/codex-work/TksToKintone/app/update_helper.py
2026-06-26T15:35:28 current_working_directory /home/admin/codex-work/TksToKintone
2026-06-26T15:35:28 parent_pid 0
2026-06-26T15:35:28 installer_path /tmp/tmpqhccl_98/tks-to-kintone-setup.exe
2026-06-26T15:35:28 app_exe_path /tmp/tmpqhccl_98/tks-to-kintone.exe
2026-06-26T15:35:28 waiting parent process
2026-06-26T15:35:28 parent process exited
2026-06-26T15:35:28 installer exists true
2026-06-26T15:35:28 installer start
2026-06-26T15:35:28 installer args: (通常起動)
2026-06-26T15:35:28 installer exit code 0
2026-06-26T15:35:28 app restart: /tmp/tmpqhccl_98/tks-to-kintone.exe
2026-06-26T15:35:28 helper finished
2026-06-26T15:35:28 helper started
2026-06-26T15:35:28 helper_executable_path /home/admin/codex-work/TksToKintone/app/update_helper.py
2026-06-26T15:35:28 current_working_directory /home/admin/codex-work/TksToKintone
2026-06-26T15:35:28 parent_pid 0
2026-06-26T15:35:28 installer_path /tmp/tmpy_i0he34/missing-setup.exe
2026-06-26T15:35:28 app_exe_path /tmp/tmpy_i0he34/tks-to-kintone.exe
2026-06-26T15:35:28 waiting parent process
2026-06-26T15:35:28 parent process exited
2026-06-26T15:35:28 installer exists false
2026-06-26T15:35:28 インストーラが見つかりません: /tmp/tmpy_i0he34/missing-setup.exe
2026-06-26T15:37:45 helper started
2026-06-26T15:37:45 helper_executable_path /home/admin/codex-work/TksToKintone/app/update_helper.py
2026-06-26T15:37:45 current_working_directory /home/admin/codex-work/TksToKintone
2026-06-26T15:37:45 parent_pid 0
2026-06-26T15:37:45 installer_path /tmp/tmpz8c60fss/tks-to-kintone-setup.exe
2026-06-26T15:37:45 app_exe_path /tmp/tmpz8c60fss/tks-to-kintone.exe
2026-06-26T15:37:45 waiting parent process
2026-06-26T15:37:45 parent process exited
2026-06-26T15:37:45 installer exists true
2026-06-26T15:37:45 installer start
2026-06-26T15:37:45 installer args: (通常起動)
2026-06-26T15:37:45 installer exit code 1
2026-06-26T15:37:45 インストーラが異常終了したため再起動しません。
2026-06-26T15:37:45 helper started
2026-06-26T15:37:45 helper_executable_path /home/admin/codex-work/TksToKintone/app/update_helper.py
2026-06-26T15:37:45 current_working_directory /home/admin/codex-work/TksToKintone
2026-06-26T15:37:45 parent_pid 0
2026-06-26T15:37:45 installer_path /tmp/tmpoujd07v5/tks-to-kintone-setup.exe
2026-06-26T15:37:45 app_exe_path /tmp/tmpoujd07v5/tks-to-kintone.exe
2026-06-26T15:37:45 waiting parent process
2026-06-26T15:37:45 parent process exited
2026-06-26T15:37:45 installer exists true
2026-06-26T15:37:45 installer start
2026-06-26T15:37:45 installer args: (通常起動)
2026-06-26T15:37:45 installer exit code 0
2026-06-26T15:37:45 app restart: /tmp/tmpoujd07v5/tks-to-kintone.exe
2026-06-26T15:37:45 helper finished
2026-06-26T15:37:45 helper started
2026-06-26T15:37:45 helper_executable_path /home/admin/codex-work/TksToKintone/app/update_helper.py
2026-06-26T15:37:45 current_working_directory /home/admin/codex-work/TksToKintone
2026-06-26T15:37:45 parent_pid 0
2026-06-26T15:37:45 installer_path /tmp/tmp35s5na65/missing-setup.exe
2026-06-26T15:37:45 app_exe_path /tmp/tmp35s5na65/tks-to-kintone.exe
2026-06-26T15:37:45 waiting parent process
2026-06-26T15:37:45 parent process exited
2026-06-26T15:37:45 installer exists false
2026-06-26T15:37:45 インストーラが見つかりません: /tmp/tmp35s5na65/missing-setup.exe
2026-06-26T15:39:30 helper started
2026-06-26T15:39:30 helper_executable_path /home/admin/codex-work/TksToKintone/app/update_helper.py
2026-06-26T15:39:30 current_working_directory /home/admin/codex-work/TksToKintone
2026-06-26T15:39:30 parent_pid 0
2026-06-26T15:39:30 installer_path /tmp/tmpacfsl_04/tks-to-kintone-setup.exe
2026-06-26T15:39:30 app_exe_path /tmp/tmpacfsl_04/tks-to-kintone.exe
2026-06-26T15:39:30 waiting parent process
2026-06-26T15:39:30 parent process exited
2026-06-26T15:39:30 installer exists true
2026-06-26T15:39:30 installer start
2026-06-26T15:39:30 installer args: (通常起動)
2026-06-26T15:39:30 installer exit code 1
2026-06-26T15:39:30 インストーラが異常終了したため再起動しません。
2026-06-26T15:39:30 helper started
2026-06-26T15:39:30 helper_executable_path /home/admin/codex-work/TksToKintone/app/update_helper.py
2026-06-26T15:39:30 current_working_directory /home/admin/codex-work/TksToKintone
2026-06-26T15:39:30 parent_pid 0
2026-06-26T15:39:30 installer_path /tmp/tmpm0r6oown/tks-to-kintone-setup.exe
2026-06-26T15:39:30 app_exe_path /tmp/tmpm0r6oown/tks-to-kintone.exe
2026-06-26T15:39:30 waiting parent process
2026-06-26T15:39:30 parent process exited
2026-06-26T15:39:30 installer exists true
2026-06-26T15:39:30 installer start
2026-06-26T15:39:30 installer args: (通常起動)
2026-06-26T15:39:30 installer exit code 0
2026-06-26T15:39:30 app restart: /tmp/tmpm0r6oown/tks-to-kintone.exe
2026-06-26T15:39:30 helper finished
2026-06-26T15:39:30 helper started
2026-06-26T15:39:30 helper_executable_path /home/admin/codex-work/TksToKintone/app/update_helper.py
2026-06-26T15:39:30 current_working_directory /home/admin/codex-work/TksToKintone
2026-06-26T15:39:30 parent_pid 0
2026-06-26T15:39:30 installer_path /tmp/tmphtokk5w1/missing-setup.exe
2026-06-26T15:39:30 app_exe_path /tmp/tmphtokk5w1/tks-to-kintone.exe
2026-06-26T15:39:30 waiting parent process
2026-06-26T15:39:30 parent process exited
2026-06-26T15:39:30 installer exists false
2026-06-26T15:39:30 インストーラが見つかりません: /tmp/tmphtokk5w1/missing-setup.exe
2026-06-26T15:41:15 helper started
2026-06-26T15:41:15 helper_executable_path /home/admin/codex-work/TksToKintone/app/update_helper.py
2026-06-26T15:41:15 current_working_directory /home/admin/codex-work/TksToKintone
2026-06-26T15:41:15 parent_pid 0
2026-06-26T15:41:15 installer_path /tmp/tmpbf21eksx/tks-to-kintone-setup.exe
2026-06-26T15:41:15 app_exe_path /tmp/tmpbf21eksx/tks-to-kintone.exe
2026-06-26T15:41:15 waiting parent process
2026-06-26T15:41:15 parent process exited
2026-06-26T15:41:15 installer exists true
2026-06-26T15:41:15 installer start
2026-06-26T15:41:15 installer args: (通常起動)
2026-06-26T15:41:15 installer exit code 1
2026-06-26T15:41:15 インストーラが異常終了したため再起動しません。
2026-06-26T15:41:15 helper started
2026-06-26T15:41:15 helper_executable_path /home/admin/codex-work/TksToKintone/app/update_helper.py
2026-06-26T15:41:15 current_working_directory /home/admin/codex-work/TksToKintone
2026-06-26T15:41:15 parent_pid 0
2026-06-26T15:41:15 installer_path /tmp/tmpk6f7nqi4/tks-to-kintone-setup.exe
2026-06-26T15:41:15 app_exe_path /tmp/tmpk6f7nqi4/tks-to-kintone.exe
2026-06-26T15:41:15 waiting parent process
2026-06-26T15:41:15 parent process exited
2026-06-26T15:41:15 installer exists true
2026-06-26T15:41:15 installer start
2026-06-26T15:41:15 installer args: (通常起動)
2026-06-26T15:41:15 installer exit code 0
2026-06-26T15:41:15 app restart: /tmp/tmpk6f7nqi4/tks-to-kintone.exe
2026-06-26T15:41:15 helper finished
2026-06-26T15:41:15 helper started
2026-06-26T15:41:15 helper_executable_path /home/admin/codex-work/TksToKintone/app/update_helper.py
2026-06-26T15:41:15 current_working_directory /home/admin/codex-work/TksToKintone
2026-06-26T15:41:15 parent_pid 0
2026-06-26T15:41:15 installer_path /tmp/tmp3jgnzv03/missing-setup.exe
2026-06-26T15:41:15 app_exe_path /tmp/tmp3jgnzv03/tks-to-kintone.exe
2026-06-26T15:41:15 waiting parent process
2026-06-26T15:41:15 parent process exited
2026-06-26T15:41:15 installer exists false
2026-06-26T15:41:15 インストーラが見つかりません: /tmp/tmp3jgnzv03/missing-setup.exe
2026-06-26T16:24:34 helper started
2026-06-26T16:24:34 helper_executable_path /home/admin/codex-work/TksToKintone/app/update_helper.py
2026-06-26T16:24:34 current_working_directory /home/admin/codex-work/TksToKintone
2026-06-26T16:24:34 parent_pid 0
2026-06-26T16:24:34 installer_path /tmp/tmp74liolqi/tks-to-kintone-setup.exe
2026-06-26T16:24:34 app_exe_path /tmp/tmp74liolqi/tks-to-kintone.exe
2026-06-26T16:24:34 waiting parent process
2026-06-26T16:24:34 parent process exited
2026-06-26T16:24:34 installer exists true
2026-06-26T16:24:34 installer start
2026-06-26T16:24:34 installer args: (通常起動)
2026-06-26T16:24:34 installer exit code 1
2026-06-26T16:24:34 インストーラが異常終了したため再起動しません。
2026-06-26T16:24:34 helper started
2026-06-26T16:24:34 helper_executable_path /home/admin/codex-work/TksToKintone/app/update_helper.py
2026-06-26T16:24:34 current_working_directory /home/admin/codex-work/TksToKintone
2026-06-26T16:24:34 parent_pid 0
2026-06-26T16:24:34 installer_path /tmp/tmpogn1_jyr/tks-to-kintone-setup.exe
2026-06-26T16:24:34 app_exe_path /tmp/tmpogn1_jyr/tks-to-kintone.exe
2026-06-26T16:24:34 waiting parent process
2026-06-26T16:24:34 parent process exited
2026-06-26T16:24:34 installer exists true
2026-06-26T16:24:34 installer start
2026-06-26T16:24:34 installer args: (通常起動)
2026-06-26T16:24:34 installer exit code 0
2026-06-26T16:24:34 app restart: /tmp/tmpogn1_jyr/tks-to-kintone.exe
2026-06-26T16:24:34 helper finished
2026-06-26T16:24:34 helper started
2026-06-26T16:24:34 helper_executable_path /home/admin/codex-work/TksToKintone/app/update_helper.py
2026-06-26T16:24:34 current_working_directory /home/admin/codex-work/TksToKintone
2026-06-26T16:24:34 parent_pid 0
2026-06-26T16:24:34 installer_path /tmp/tmp70cpiq1c/missing-setup.exe
2026-06-26T16:24:34 app_exe_path /tmp/tmp70cpiq1c/tks-to-kintone.exe
2026-06-26T16:24:34 waiting parent process
2026-06-26T16:24:34 parent process exited
2026-06-26T16:24:34 installer exists false
2026-06-26T16:24:34 インストーラが見つかりません: /tmp/tmp70cpiq1c/missing-setup.exe
2026-06-26T16:25:46 helper started
2026-06-26T16:25:46 helper_executable_path /home/admin/codex-work/TksToKintone/app/update_helper.py
2026-06-26T16:25:46 current_working_directory /home/admin/codex-work/TksToKintone
2026-06-26T16:25:46 parent_pid 0
2026-06-26T16:25:46 installer_path /tmp/tmps_q9gqrf/tks-to-kintone-setup.exe
2026-06-26T16:25:46 app_exe_path /tmp/tmps_q9gqrf/tks-to-kintone.exe
2026-06-26T16:25:46 waiting parent process
2026-06-26T16:25:46 parent process exited
2026-06-26T16:25:46 installer exists true
2026-06-26T16:25:46 installer start
2026-06-26T16:25:46 installer args: (通常起動)
2026-06-26T16:25:46 installer exit code 1
2026-06-26T16:25:46 インストーラが異常終了したため再起動しません。
2026-06-26T16:25:46 helper started
2026-06-26T16:25:46 helper_executable_path /home/admin/codex-work/TksToKintone/app/update_helper.py
2026-06-26T16:25:46 current_working_directory /home/admin/codex-work/TksToKintone
2026-06-26T16:25:46 parent_pid 0
2026-06-26T16:25:46 installer_path /tmp/tmpyu2gf031/tks-to-kintone-setup.exe
2026-06-26T16:25:46 app_exe_path /tmp/tmpyu2gf031/tks-to-kintone.exe
2026-06-26T16:25:46 waiting parent process
2026-06-26T16:25:46 parent process exited
2026-06-26T16:25:46 installer exists true
2026-06-26T16:25:46 installer start
2026-06-26T16:25:46 installer args: (通常起動)
2026-06-26T16:25:46 installer exit code 0
2026-06-26T16:25:46 app restart: /tmp/tmpyu2gf031/tks-to-kintone.exe
2026-06-26T16:25:46 helper finished
2026-06-26T16:25:46 helper started
2026-06-26T16:25:46 helper_executable_path /home/admin/codex-work/TksToKintone/app/update_helper.py
2026-06-26T16:25:46 current_working_directory /home/admin/codex-work/TksToKintone
2026-06-26T16:25:46 parent_pid 0
2026-06-26T16:25:46 installer_path /tmp/tmptq7kaca7/missing-setup.exe
2026-06-26T16:25:46 app_exe_path /tmp/tmptq7kaca7/tks-to-kintone.exe
2026-06-26T16:25:46 waiting parent process
2026-06-26T16:25:46 parent process exited
2026-06-26T16:25:46 installer exists false
2026-06-26T16:25:46 インストーラが見つかりません: /tmp/tmptq7kaca7/missing-setup.exe
2026-06-26T16:41:51 helper started
2026-06-26T16:41:51 helper_executable_path /home/admin/codex-work/TksToKintone/app/update_helper.py
2026-06-26T16:41:51 current_working_directory /home/admin/codex-work/TksToKintone
2026-06-26T16:41:51 parent_pid 0
2026-06-26T16:41:51 installer_path /tmp/tmp2fw010d7/tks-to-kintone-setup.exe
2026-06-26T16:41:51 app_exe_path /tmp/tmp2fw010d7/tks-to-kintone.exe
2026-06-26T16:41:51 waiting parent process
2026-06-26T16:41:51 parent process exited
2026-06-26T16:41:51 installer exists true
2026-06-26T16:41:51 installer start
2026-06-26T16:41:51 installer args: (通常起動)
2026-06-26T16:41:51 installer exit code 1
2026-06-26T16:41:51 インストーラが異常終了したため再起動しません。
2026-06-26T16:41:51 helper started
2026-06-26T16:41:51 helper_executable_path /home/admin/codex-work/TksToKintone/app/update_helper.py
2026-06-26T16:41:51 current_working_directory /home/admin/codex-work/TksToKintone
2026-06-26T16:41:51 parent_pid 0
2026-06-26T16:41:51 installer_path /tmp/tmp5tuhy2tj/tks-to-kintone-setup.exe
2026-06-26T16:41:51 app_exe_path /tmp/tmp5tuhy2tj/tks-to-kintone.exe
2026-06-26T16:41:51 waiting parent process
2026-06-26T16:41:51 parent process exited
2026-06-26T16:41:51 installer exists true
2026-06-26T16:41:51 installer start
2026-06-26T16:41:51 installer args: (通常起動)
2026-06-26T16:41:51 installer exit code 0
2026-06-26T16:41:51 app restart: /tmp/tmp5tuhy2tj/tks-to-kintone.exe
2026-06-26T16:41:51 helper finished
2026-06-26T16:41:51 helper started
2026-06-26T16:41:51 helper_executable_path /home/admin/codex-work/TksToKintone/app/update_helper.py
2026-06-26T16:41:51 current_working_directory /home/admin/codex-work/TksToKintone
2026-06-26T16:41:51 parent_pid 0
2026-06-26T16:41:51 installer_path /tmp/tmpia3kzcqf/missing-setup.exe
2026-06-26T16:41:51 app_exe_path /tmp/tmpia3kzcqf/tks-to-kintone.exe
2026-06-26T16:41:51 waiting parent process
2026-06-26T16:41:51 parent process exited
2026-06-26T16:41:51 installer exists false
2026-06-26T16:41:51 インストーラが見つかりません: /tmp/tmpia3kzcqf/missing-setup.exe
2026-06-29T10:39:08 helper started
2026-06-29T10:39:08 helper_executable_path /home/admin/codex-work/TksToKintone/app/update_helper.py
2026-06-29T10:39:08 current_working_directory /home/admin/codex-work/TksToKintone
2026-06-29T10:39:08 parent_pid 0
2026-06-29T10:39:08 installer_path /tmp/tmpsaqnkzaq/tks-to-kintone-setup.exe
2026-06-29T10:39:08 app_exe_path /tmp/tmpsaqnkzaq/tks-to-kintone.exe
2026-06-29T10:39:08 waiting parent process
2026-06-29T10:39:08 parent process exited
2026-06-29T10:39:08 installer exists true
2026-06-29T10:39:08 installer start
2026-06-29T10:39:08 installer args: (通常起動)
2026-06-29T10:39:08 installer exit code 1
2026-06-29T10:39:08 インストーラが異常終了したため再起動しません。
2026-06-29T10:39:08 helper started
2026-06-29T10:39:08 helper_executable_path /home/admin/codex-work/TksToKintone/app/update_helper.py
2026-06-29T10:39:08 current_working_directory /home/admin/codex-work/TksToKintone
2026-06-29T10:39:08 parent_pid 0
2026-06-29T10:39:08 installer_path /tmp/tmp9hc75q8s/tks-to-kintone-setup.exe
2026-06-29T10:39:08 app_exe_path /tmp/tmp9hc75q8s/tks-to-kintone.exe
2026-06-29T10:39:08 waiting parent process
2026-06-29T10:39:08 parent process exited
2026-06-29T10:39:08 installer exists true
2026-06-29T10:39:08 installer start
2026-06-29T10:39:08 installer args: (通常起動)
2026-06-29T10:39:08 installer exit code 0
2026-06-29T10:39:08 app restart: /tmp/tmp9hc75q8s/tks-to-kintone.exe
2026-06-29T10:39:08 helper finished
2026-06-29T10:39:08 helper started
2026-06-29T10:39:08 helper_executable_path /home/admin/codex-work/TksToKintone/app/update_helper.py
2026-06-29T10:39:08 current_working_directory /home/admin/codex-work/TksToKintone
2026-06-29T10:39:08 parent_pid 0
2026-06-29T10:39:08 installer_path /tmp/tmpsbm19iy2/missing-setup.exe
2026-06-29T10:39:08 app_exe_path /tmp/tmpsbm19iy2/tks-to-kintone.exe
2026-06-29T10:39:08 waiting parent process
2026-06-29T10:39:08 parent process exited
2026-06-29T10:39:08 installer exists false
2026-06-29T10:39:08 インストーラが見つかりません: /tmp/tmpsbm19iy2/missing-setup.exe
2026-06-29T10:42:48 helper started
2026-06-29T10:42:48 helper_executable_path /home/admin/codex-work/TksToKintone/app/update_helper.py
2026-06-29T10:42:48 current_working_directory /home/admin/codex-work/TksToKintone
2026-06-29T10:42:48 parent_pid 0
2026-06-29T10:42:48 installer_path /tmp/tmp7e5mk15j/tks-to-kintone-setup.exe
2026-06-29T10:42:48 app_exe_path /tmp/tmp7e5mk15j/tks-to-kintone.exe
2026-06-29T10:42:48 waiting parent process
2026-06-29T10:42:48 parent process exited
2026-06-29T10:42:48 installer exists true
2026-06-29T10:42:48 installer start
2026-06-29T10:42:48 installer args: (通常起動)
2026-06-29T10:42:48 installer exit code 1
2026-06-29T10:42:48 インストーラが異常終了したため再起動しません。
2026-06-29T10:42:48 helper started
2026-06-29T10:42:48 helper_executable_path /home/admin/codex-work/TksToKintone/app/update_helper.py
2026-06-29T10:42:48 current_working_directory /home/admin/codex-work/TksToKintone
2026-06-29T10:42:48 parent_pid 0
2026-06-29T10:42:48 installer_path /tmp/tmpycsvhf1m/tks-to-kintone-setup.exe
2026-06-29T10:42:48 app_exe_path /tmp/tmpycsvhf1m/tks-to-kintone.exe
2026-06-29T10:42:48 waiting parent process
2026-06-29T10:42:48 parent process exited
2026-06-29T10:42:48 installer exists true
2026-06-29T10:42:48 installer start
2026-06-29T10:42:48 installer args: (通常起動)
2026-06-29T10:42:48 installer exit code 0
2026-06-29T10:42:48 app restart: /tmp/tmpycsvhf1m/tks-to-kintone.exe
2026-06-29T10:42:48 helper finished
2026-06-29T10:42:48 helper started
2026-06-29T10:42:48 helper_executable_path /home/admin/codex-work/TksToKintone/app/update_helper.py
2026-06-29T10:42:48 current_working_directory /home/admin/codex-work/TksToKintone
2026-06-29T10:42:48 parent_pid 0
2026-06-29T10:42:48 installer_path /tmp/tmpk1ilc42m/missing-setup.exe
2026-06-29T10:42:48 app_exe_path /tmp/tmpk1ilc42m/tks-to-kintone.exe
2026-06-29T10:42:48 waiting parent process
2026-06-29T10:42:48 parent process exited
2026-06-29T10:42:48 installer exists false
2026-06-29T10:42:48 インストーラが見つかりません: /tmp/tmpk1ilc42m/missing-setup.exe
